2026-01-14,Qwen/Qwen3-32B,PDDL_Unit_action,0,True,672.5002861022949,8,"[1, 0]","[[[1, 2]], [[1, 0]], [[1, 0]], [[1, 0]], [[1, 0]], [[1, 0], [2, 0]], [[1, 0]], [[1, 0], [2, 0], [3, 0], [4, 0], [5, 1]], [[1, 0]]]"
2026-01-14,Qwen/Qwen3-32B,PDDL_Unit_action,1,True,764.3064439296722,9,"[1, 0]","[[[1, 0]], [[1, 0], [2, 0], [3, 0]], [[1, 0]], [[1, 0]], [[1, 0]], [[1, 0], [2, 0]], [[1, 0], [2, 1]], [[1, 0], [2, 0]], [[1, 1]], [[1, 0]]]"
2026-01-14,Qwen/Qwen3-32B,PDDL_Unit_action,2,True,106.8155906200409,2,"[1, 0]","[[[1, 0]], [[1, 0]], [[1, 0]]]"
2026-01-14,Qwen/Qwen3-32B,PDDL_Unit_action,4,True,891.0471067428589,4,"[1, 1]","[[[1, 1]], [[1, 0]], [[1, 2]], [[1, 0]], [[1, 1]]]"
2026-01-14,Qwen/Qwen3-32B,PDDL_Unit_action,5,True,79.15693926811218,1,"[1, 0]","[[[1, 1]], [[1, 0]]]"
2026-01-14,Qwen/Qwen3-32B,PDDL_Unit_action,6,True,606.4544305801392,8,"[1, 0]","[[[1, 0]], [[1, 0]], [[1, 0], [2, 1]], [[1, 0]], [[1, 1]], [[1, 0]], [[1, 0]], [[1, 1]], [[1, 0]]]"
2026-01-14,Qwen/Qwen3-32B,PDDL_Unit_action,7,True,38.15693378448486,0,"[1, 1]","[[[1, 1]]]"
2026-01-14,Qwen/Qwen3-32B,PDDL_Unit_action,8,True,4148.139808416367,15,"[1, 1]","[[[1, 1]], [[1, 0]], [[1, 0]], [[1, 0]], [[1, 0]], [[1, 1]], [[1, 0]], [[1, 0]], [[1, 0]], [[1, 0]], [[1, 0], [2, 4]], [[1, 0], [2, 0], [3, 1]], [[1, 1]], [[1, 0], [2, 0]], [[1, 1]], [[1, 1]]]"
2026-01-14,Qwen/Qwen3-32B,PDDL_Unit_action,10,True,32.0255606174469,0,"[1, 1]","[[[1, 1]]]"
2026-01-14,Qwen/Qwen3-32B,PDDL_Unit_action,11,True,112.35801768302917,1,"[1, 0]","[[[1, 2]], [[1, 0]]]"
2026-01-14,Qwen/Qwen3-32B,PDDL_Unit_action,12,True,595.1763179302216,7,"[2, 0]","[[[1, 0]], [[1, 0]], [[1, 0]], [[1, 0]], [[1, 0], [2, 2], [3, 0]], [[1, 0]], [[1, 0]], [[1, 0], [2, 0]]]"
2026-01-14,Qwen/Qwen3-32B,PDDL_Unit_action,14,True,238.37152338027954,2,"[3, 1]","[[[1, 1]], [[1, 0]], [[1, 0], [2, 1], [3, 1]]]"
2026-01-14,Qwen/Qwen3-32B,PDDL_Unit_action,15,True,171.03288650512695,3,"[1, 0]","[[[1, 2]], [[1, 0]], [[1, 0]], [[1, 0]]]"
2026-01-14,Qwen/Qwen3-32B,PDDL_Unit_action,16,True,138.9337980747223,2,"[1, 1]","[[[1, 0]], [[1, 0]], [[1, 1]]]"
2026-01-14,Qwen/Qwen3-32B,PDDL_Unit_action,17,True,278.0284297466278,5,"[1, 0]","[[[1, 0]], [[1, 0]], [[1, 0]], [[1, 0]], [[1, 0]], [[1, 0]]]"
2026-01-14,Qwen/Qwen3-32B,PDDL_Unit_action,18,False,669.5333299636841,5,"[1, 5]","[[[1, 4]], [[1, 0]], [[1, 0]], [[1, 0]], [[1, 0]], [[1, 5]]]"
2026-01-14,Qwen/Qwen3-32B,PDDL_Unit_action,19,False,219.70029306411743,1,"[5, 0]","[[[1, 2]], [[1, 1], [2, 0], [3, 0], [4, 0], [5, 0]]]"
2026-01-14,Qwen/Qwen3-32B,PDDL_Unit_action,20,True,28.72368884086609,0,"[1, 0]","[[[1, 0]]]"
2026-01-14,Qwen/Qwen3-32B,PDDL_Unit_action,21,True,2030.1731741428375,16,"[1, 1]","[[[1, 0]], [[1, 0], [2, 0], [3, 0]], [[1, 0]], [[1, 1]], [[1, 0]], [[1, 1], [2, 0]], [[1, 0]], [[1, 1]], [[1, 2]], [[1, 1]], [[1, 1]], [[1, 1]], [[1, 0]], [[1, 1]], [[1, 0]], [[1, 1]], [[1, 1]]]"
2026-01-14,Qwen/Qwen3-32B,PDDL_Unit_action,22,True,245.9670810699463,4,"[1, 0]","[[[1, 1]], [[1, 0]], [[1, 0]], [[1, 0]], [[1, 0]]]"
2026-01-14,Qwen/Qwen3-32B,PDDL_Unit_action,23,True,136.34514784812927,2,"[1, 0]","[[[1, 0]], [[1, 0]], [[1, 0]]]"
2026-01-14,Qwen/Qwen3-32B,PDDL_Unit_action,24,True,266.9620041847229,3,"[1, 0]","[[[1, 0]], [[1, 0]], [[1, 1], [2, 1]], [[1, 0]]]"
2026-01-14,Qwen/Qwen3-32B,PDDL_Unit_action,26,True,74.1476047039032,1,"[1, 0]","[[[1, 0]], [[1, 0]]]"
2026-01-14,Qwen/Qwen3-32B,PDDL_Unit_action,27,True,33.316696882247925,0,"[1, 0]","[[[1, 0]]]"
2026-01-14,Qwen/Qwen3-32B,PDDL_Unit_action,28,True,1617.5881707668304,4,"[3, 1]","[[[1, 0]], [[1, 0]], [[1, 0]], [[1, 0]], [[1, 0], [2, 0], [3, 1]]]"
2026-01-14,Qwen/Qwen3-32B,PDDL_Unit_action,29,False,626.2014467716217,5,"[1, 5]","[[[1, 0]], [[1, 0]], [[1, 0]], [[1, 0]], [[1, 1], [2, 0], [3, 0]], [[1, 5]]]"
2026-01-14,Qwen/Qwen3-32B,PDDL_Unit_action,30,True,2984.212552547455,12,"[1, 0]","[[[1, 0]], [[1, 1]], [[1, 0]], [[1, 0]], [[1, 1], [2, 0]], [[1, 0]], [[1, 1]], [[1, 1]], [[1, 0], [2, 0]], [[1, 0]], [[1, 0], [2, 0]], [[1, 1]], [[1, 0]]]"
2026-01-15,Qwen/Qwen3-32B,PDDL_Unit_action,31,True,58.93515062332153,0,"[1, 2]","[[[1, 2]]]"
2026-01-15,Qwen/Qwen3-32B,PDDL_Unit_action,32,True,778.5481345653534,10,"[1, 0]","[[[1, 2]], [[1, 0]], [[1, 0]], [[1, 0]], [[1, 0]], [[1, 0]], [[1, 0]], [[1, 1]], [[1, 2], [2, 0]], [[1, 0]], [[1, 0]]]"
2026-01-15,Qwen/Qwen3-32B,PDDL_Unit_action,33,True,226.3414969444275,4,"[1, 0]","[[[1, 1]], [[1, 0]], [[1, 0]], [[1, 0]], [[1, 0]]]"
2026-01-15,Qwen/Qwen3-32B,PDDL_Unit_action,34,True,166.16809511184692,3,"[1, 0]","[[[1, 0]], [[1, 0]], [[1, 0]], [[1, 0]]]"
2026-01-15,Qwen/Qwen3-32B,PDDL_Unit_action,35,True,128.30699849128723,2,"[2, 0]","[[[1, 2]], [[1, 0]], [[1, 0], [2, 0]]]"
2026-01-15,Qwen/Qwen3-32B,PDDL_Unit_action,36,True,176.50979590415955,1,"[1, 0]","[[[1, 1]], [[1, 0]]]"
2026-01-15,Qwen/Qwen3-32B,PDDL_Unit_action,37,False,532.5891802310944,6,"[5, 0]","[[[1, 2]], [[1, 0]], [[1, 0]], [[1, 0]], [[1, 0]], [[1, 0]], [[1, 0], [2, 0], [3, 0], [4, 0], [5, 0]]]"
2026-01-15,Qwen/Qwen3-32B,PDDL_Unit_action,38,True,1120.8663449287415,5,"[2, 0]","[[[1, 2]], [[1, 0]], [[1, 0]], [[1, 1]], [[1, 2]], [[1, 0], [2, 0]]]"
2026-01-15,Qwen/Qwen3-32B,PDDL_Unit_action,39,True,857.5290286540985,5,"[1, 0]","[[[1, 1]], [[1, 0], [2, 0], [3, 1], [4, 0], [5, 0]], [[1, 0]], [[1, 1], [2, 0], [3, 0], [4, 1], [5, 1]], [[1, 0], [2, 2]], [[1, 0]]]"
2026-01-15,Qwen/Qwen3-32B,PDDL_Unit_action,40,False,2720.485001564026,14,"[5, 3]","[[[1, 1]], [[1, 0]], [[1, 0]], [[1, 0]], [[1, 0]], [[1, 0]], [[1, 0]], [[1, 1]], [[1, 1]], [[1, 2]], [[1, 2], [2, 1], [3, 0], [4, 0]], [[1, 1]], [[1, 2]], [[1, 1]], [[1, 1], [2, 0], [3, 1], [4, 0], [5, 3]]]"
2026-01-15,Qwen/Qwen3-32B,PDDL_Unit_action,41,False,446.2522466182709,4,"[5, 0]","[[[1, 2]], [[1, 0]], [[1, 1]], [[1, 1]], [[1, 0], [2, 1], [3, 0], [4, 0], [5, 0]]]"
2026-01-15,Qwen/Qwen3-32B,PDDL_Unit_action,42,True,682.1084265708923,4,"[1, 0]","[[[1, 2]], [[1, 0], [2, 1], [3, 0]], [[1, 0]], [[1, 0], [2, 0], [3, 0], [4, 0], [5, 0]], [[1, 0]]]"
2026-01-15,Qwen/Qwen3-32B,PDDL_Unit_action,43,True,100.90523767471313,1,"[1, 1]","[[[1, 2]], [[1, 1]]]"
2026-01-15,Qwen/Qwen3-32B,PDDL_Unit_action,44,True,360.90783953666687,6,"[1, 1]","[[[1, 2]], [[1, 0]], [[1, 0]], [[1, 0]], [[1, 0]], [[1, 1]], [[1, 1]]]"
2026-01-15,Qwen/Qwen3-32B,PDDL_Unit_action,45,False,388.2764141559601,5,"[5, 2]","[[[1, 2]], [[1, 0]], [[1, 0], [2, 0]], [[1, 0]], [[1, 0]], [[1, 0], [2, 0], [3, 0], [4, 0], [5, 2]]]"
2026-01-15,Qwen/Qwen3-32B,PDDL_Unit_action,46,True,114.65763926506042,1,"[1, 1]","[[[1, 1]], [[1, 1]]]"
2026-01-15,Qwen/Qwen3-32B,PDDL_Unit_action,47,True,721.2063250541687,10,"[1, 0]","[[[1, 2]], [[1, 0]], [[1, 0], [2, 0], [3, 2]], [[1, 0]], [[1, 1], [2, 0], [3, 0]], [[1, 0]], [[1, 0]], [[1, 0]], [[1, 0]], [[1, 0]], [[1, 0]]]"
2026-01-15,Qwen/Qwen3-32B,PDDL_Unit_action,48,True,62.088552713394165,1,"[1, 0]","[[[1, 0]], [[1, 0]]]"
2026-01-15,Qwen/Qwen3-32B,PDDL_Unit_action,49,True,83.18971157073975,2,"[1, 0]","[[[1, 0]], [[1, 0]], [[1, 0]]]"
2026-01-15,Qwen/Qwen3-32B,PDDL_Unit_action,50,True,6935.196258544922,19,"[1, 0]","[[[1, 1]], [[1, 0]], [[1, 0]], [[1, 0], [2, 0]], [[1, 2]], [[1, 2]], [[1, 1]], [[1, 1]], [[1, 0], [2, 1], [3, 1], [4, 0]], [[1, 1], [2, 0]], [[1, 1]], [[1, 2]], [[1, 1]], [[1, 2]], [[1, 0]], [[1, 1]], [[1, 0]], [[1, 0]], [[1, 0], [2, 0], [3, 0], [4, 0], [5, 0]], [[1, 0]]]"
2026-01-15,Qwen/Qwen3-32B,PDDL_Unit_action,51,True,24.1432945728302,0,"[1, 0]","[[[1, 0]]]"
2026-01-15,Qwen/Qwen3-32B,PDDL_Unit_action,52,True,1200.2096943855286,8,"[2, 0]","[[[1, 1]], [[1, 0]], [[1, 0]], [[1, 0]], [[1, 0], [2, 1], [3, 0]], [[1, 1]], [[1, 0]], [[1, 0]], [[1, 0], [2, 0]]]"
2026-01-15,Qwen/Qwen3-32B,PDDL_Unit_action,53,True,218.8002781867981,3,"[1, 0]","[[[1, 2]], [[1, 0]], [[1, 0]], [[1, 0]]]"
2026-01-15,Qwen/Qwen3-32B,PDDL_Unit_action,54,True,443.31210923194885,4,"[3, 0]","[[[1, 1]], [[1, 0]], [[1, 0]], [[1, 0]], [[1, 0], [2, 1], [3, 0]]]"
2026-01-15,Qwen/Qwen3-32B,PDDL_Unit_action,55,True,371.0772662162781,4,"[2, 2]","[[[1, 0]], [[1, 0]], [[1, 1]], [[1, 0]], [[1, 0], [2, 2]]]"
2026-01-15,Qwen/Qwen3-32B,PDDL_Unit_action,56,True,31.684818029403687,0,"[1, 0]","[[[1, 0]]]"
2026-01-15,Qwen/Qwen3-32B,PDDL_Unit_action,57,True,1066.5344905853271,7,"[1, 1]","[[[1, 0]], [[1, 0]], [[1, 0]], [[1, 0]], [[1, 0]], [[1, 1]], [[1, 0]], [[1, 1]]]"
2026-01-15,Qwen/Qwen3-32B,PDDL_Unit_action,58,False,435.5052628517151,4,"[5, 0]","[[[1, 1]], [[1, 0]], [[1, 0]], [[1, 0]], [[1, 0], [2, 0], [3, 0], [4, 0], [5, 0]]]"
2026-01-15,Qwen/Qwen3-32B,PDDL_Unit_action,59,True,515.1702084541321,7,"[1, 0]","[[[1, 0]], [[1, 0]], [[1, 0]], [[1, 0]], [[1, 0]], [[1, 1]], [[1, 1], [2, 1]], [[1, 0]]]"
2026-01-15,Qwen/Qwen3-32B,PDDL_Unit_action,60,True,583.3740177154541,8,"[2, 0]","[[[1, 2]], [[1, 0]], [[1, 0]], [[1, 0]], [[1, 0]], [[1, 1]], [[1, 1], [2, 0]], [[1, 0]], [[1, 1], [2, 0]]]"
2026-01-15,Qwen/Qwen3-32B,PDDL_Unit_action,61,True,261.59364342689514,3,"[3, 0]","[[[1, 0]], [[1, 0]], [[1, 1]], [[1, 0], [2, 1], [3, 0]]]"
2026-01-15,Qwen/Qwen3-32B,PDDL_Unit_action,62,False,775.147584438324,6,"[5, 0]","[[[1, 0]], [[1, 0]], [[1, 0]], [[1, 0]], [[1, 0], [2, 0], [3, 0]], [[1, 0]], [[1, 4], [2, 1], [3, 0], [4, 0], [5, 0]]]"
2026-01-15,Qwen/Qwen3-32B,PDDL_Unit_action,63,True,156.526535987854,2,"[1, 0]","[[[1, 0]], [[1, 0]], [[1, 0]]]"
2026-01-15,Qwen/Qwen3-32B,PDDL_Unit_action,64,True,4329.624320030212,8,"[1, 0]","[[[1, 2]], [[1, 1]], [[1, 1]], [[1, 0]], [[1, 0], [2, 0]], [[1, 0]], [[1, 0]], [[1, 0]], [[1, 0]]]"
2026-01-15,Qwen/Qwen3-32B,PDDL_Unit_action,65,True,135.49913954734802,0,"[1, 2]","[[[1, 2]]]"
2026-01-15,Qwen/Qwen3-32B,PDDL_Unit_action,66,True,126.3598985671997,2,"[1, 0]","[[[1, 0]], [[1, 0]], [[1, 0]]]"
2026-01-15,Qwen/Qwen3-32B,PDDL_Unit_action,67,True,272.23713660240173,3,"[1, 0]","[[[1, 2]], [[1, 0]], [[1, 0]], [[1, 0]]]"
2026-01-15,Qwen/Qwen3-32B,PDDL_Unit_action,68,True,309.30286169052124,5,"[1, 0]","[[[1, 0]], [[1, 0]], [[1, 0]], [[1, 0]], [[1, 1], [2, 0]], [[1, 0]]]"
2026-01-15,Qwen/Qwen3-32B,PDDL_Unit_action,70,True,178.72465324401855,3,"[1, 0]","[[[1, 1]], [[1, 0]], [[1, 0]], [[1, 0]]]"
2026-01-15,Qwen/Qwen3-32B,PDDL_Unit_action,71,True,1894.4452559947968,9,"[1, 0]","[[[1, 1]], [[1, 0]], [[1, 0]], [[1, 0], [2, 0], [3, 0]], [[1, 0]], [[1, 2]], [[1, 0]], [[1, 0]], [[1, 0]], [[1, 0]]]"
2026-01-15,Qwen/Qwen3-32B,PDDL_Unit_action,72,False,435.143759727478,5,"[1, 5]","[[[1, 0]], [[1, 0]], [[1, 0]], [[1, 1]], [[1, 0]], [[1, 5]]]"
2026-01-15,Qwen/Qwen3-32B,PDDL_Unit_action,73,False,878.2972023487091,7,"[5, 0]","[[[1, 0]], [[1, 0]], [[1, 0]], [[1, 1]], [[1, 0]], [[1, 0]], [[1, 1], [2, 0], [3, 0], [4, 0]], [[1, 0], [2, 0], [3, 0], [4, 0], [5, 0]]]"
2026-01-15,Qwen/Qwen3-32B,PDDL_Unit_action,74,True,611.8776843547821,6,"[2, 1]","[[[1, 2]], [[1, 0]], [[1, 0]], [[1, 0]], [[1, 0], [2, 0]], [[1, 0]], [[1, 0], [2, 1]]]"
2026-01-15,Qwen/Qwen3-32B,PDDL_Unit_action,75,True,1004.3270177841187,5,"[1, 1]","[[[1, 2]], [[1, 0]], [[1, 0]], [[1, 1]], [[1, 0]], [[1, 1]]]"
2026-01-15,Qwen/Qwen3-32B,PDDL_Unit_action,76,True,8862.526918888092,12,"[1, 0]","[[[1, 0]], [[1, 0]], [[1, 0]], [[1, 0], [2, 1], [3, 0]], [[1, 0]], [[1, 3]], [[1, 1]], [[1, 2]], [[1, 0], [2, 1]], [[1, 0]], [[1, 1], [2, 0], [3, 0]], [[1, 0]], [[1, 0]]]"
2026-01-15,Qwen/Qwen3-32B,PDDL_Unit_action,77,True,37.2612521648407,0,"[1, 0]","[[[1, 0]]]"
2026-01-15,Qwen/Qwen3-32B,PDDL_Unit_action,78,False,4086.222141265869,19,"[1, 1]","[[[1, 1]], [[1, 0]], [[1, 0]], [[1, 0]], [[1, 0]], [[1, 0]], [[1, 0]], [[1, 0], [2, 0]], [[1, 0]], [[1, 0]], [[1, 0]], [[1, 1]], [[1, 0]], [[1, 1]], [[1, 2]], [[1, 2]], [[1, 2]], [[1, 3]], [[1, 0]], [[1, 1]]]"
2026-01-15,Qwen/Qwen3-32B,PDDL_Unit_action,79,True,1036.1707210540771,5,"[1, 2]","[[[1, 2]], [[1, 0]], [[1, 0]], [[1, 0]], [[1, 0]], [[1, 2]]]"
2026-01-15,Qwen/Qwen3-32B,PDDL_Unit_action,80,False,582.7124009132385,6,"[1, 5]","[[[1, 1]], [[1, 1]], [[1, 0]], [[1, 0]], [[1, 0]], [[1, 1]], [[1, 5]]]"
2026-01-15,Qwen/Qwen3-32B,PDDL_Unit_action,81,True,182.830411195755,2,"[1, 0]","[[[1, 2]], [[1, 0]], [[1, 0]]]"
2026-01-15,Qwen/Qwen3-32B,PDDL_Unit_action,82,True,328.4405448436737,6,"[1, 0]","[[[1, 1]], [[1, 0]], [[1, 0]], [[1, 0]], [[1, 0]], [[1, 0]], [[1, 0]]]"
2026-01-15,Qwen/Qwen3-32B,PDDL_Unit_action,83,True,66.25721406936646,0,"[1, 1]","[[[1, 1]]]"
2026-01-15,Qwen/Qwen3-32B,PDDL_Unit_action,84,True,68.52059364318848,0,"[1, 0]","[[[1, 0]]]"
2026-01-15,Qwen/Qwen3-32B,PDDL_Unit_action,85,True,445.4331512451172,5,"[1, 0]","[[[1, 2]], [[1, 0]], [[1, 1]], [[1, 0]], [[1, 0]], [[1, 0]]]"
2026-01-15,Qwen/Qwen3-32B,PDDL_Unit_action,86,True,309.7942862510681,4,"[2, 0]","[[[1, 1]], [[1, 0]], [[1, 0], [2, 1]], [[1, 0]], [[1, 0], [2, 0]]]"
2026-01-15,Qwen/Qwen3-32B,PDDL_Unit_action,87,True,259.3842008113861,4,"[1, 0]","[[[1, 1]], [[1, 0]], [[1, 0]], [[1, 1]], [[1, 0]]]"
2026-01-15,Qwen/Qwen3-32B,PDDL_Unit_action,88,True,179.10899019241333,4,"[1, 0]","[[[1, 0]], [[1, 0]], [[1, 0]], [[1, 0]], [[1, 0]]]"
2026-01-15,Qwen/Qwen3-32B,PDDL_Unit_action,90,True,366.0034091472626,6,"[1, 0]","[[[1, 0]], [[1, 0]], [[1, 0]], [[1, 0]], [[1, 0]], [[1, 0]], [[1, 0]]]"
2026-01-15,Qwen/Qwen3-32B,PDDL_Unit_action,91,False,747.2440626621246,6,"[5, 0]","[[[1, 0]], [[1, 0]], [[1, 0]], [[1, 0]], [[1, 0], [2, 1], [3, 0], [4, 0]], [[1, 0]], [[1, 1], [2, 0], [3, 0], [4, 0], [5, 0]]]"
2026-01-15,Qwen/Qwen3-32B,PDDL_Unit_action,92,True,124.29268670082092,2,"[1, 0]","[[[1, 0]], [[1, 0]], [[1, 0]]]"
2026-01-15,Qwen/Qwen3-32B,PDDL_Unit_action,93,True,2296.7612397670746,16,"[1, 0]","[[[1, 0]], [[1, 0]], [[1, 0]], [[1, 0]], [[1, 0]], [[1, 0]], [[1, 3]], [[1, 1]], [[1, 1]], [[1, 1]], [[1, 0]], [[1, 1]], [[1, 0]], [[1, 0]], [[1, 0]], [[1, 0]], [[1, 0]]]"
2026-01-15,Qwen/Qwen3-32B,PDDL_Unit_action,94,False,5482.81796169281,19,"[1, 1]","[[[1, 2]], [[1, 0], [2, 0]], [[1, 1], [2, 0]], [[1, 0], [2, 0]], [[1, 0]], [[1, 1], [2, 0]], [[1, 0]], [[1, 1]], [[1, 1]], [[1, 0]], [[1, 1]], [[1, 1]], [[1, 1]], [[1, 1]], [[1, 5]], [[1, 0], [2, 0]], [[1, 1]], [[1, 1]], [[1, 1]], [[1, 1]]]"
2026-01-15,Qwen/Qwen3-32B,PDDL_Unit_action,96,False,3624.6091282367706,4,"[5, 0]","[[[1, 1]], [[1, 0]], [[1, 0]], [[1, 0]], [[1, 0], [2, 0], [3, 0], [4, 0], [5, 0]]]"
2026-01-15,Qwen/Qwen3-32B,PDDL_Unit_action,97,True,166.34801387786865,2,"[2, 0]","[[[1, 1]], [[1, 0]], [[1, 0], [2, 0]]]"
2026-01-15,Qwen/Qwen3-32B,PDDL_Unit_action,98,True,469.4289150238037,6,"[1, 1]","[[[1, 0]], [[1, 0]], [[1, 0]], [[1, 0]], [[1, 0], [2, 1], [3, 0], [4, 0]], [[1, 0]], [[1, 1]]]"
2026-01-15,Qwen/Qwen3-32B,PDDL_Unit_action,99,True,3564.2320590019226,12,"[1, 0]","[[[1, 0]], [[1, 0]], [[1, 0]], [[1, 0]], [[1, 0], [2, 0], [3, 0]], [[1, 0]], [[1, 0]], [[1, 0]], [[1, 0]], [[1, 0], [2, 3]], [[1, 0], [2, 0], [3, 0], [4, 0]], [[1, 0]], [[1, 0]]]"
2026-01-15,Qwen/Qwen3-32B,PDDL_Unit_action,100,True,121.58444333076477,0,"[1, 1]","[[[1, 1]]]"
2026-01-15,Qwen/Qwen3-32B,PDDL_Unit_action,101,False,369.6172273159027,3,"[5, 0]","[[[1, 0]], [[1, 0]], [[1, 1]], [[1, 0], [2, 0], [3, 0], [4, 0], [5, 0]]]"
2026-01-15,Qwen/Qwen3-32B,PDDL_Unit_action,102,True,462.87154388427734,4,"[4, 0]","[[[1, 2]], [[1, 0]], [[1, 0], [2, 0], [3, 1]], [[1, 0]], [[1, 0], [2, 0], [3, 0], [4, 0]]]"
2026-01-15,Qwen/Qwen3-32B,PDDL_Unit_action,103,True,94.72286629676819,1,"[1, 0]","[[[1, 1]], [[1, 0]]]"
2026-01-15,Qwen/Qwen3-32B,PDDL_Unit_action,104,True,345.09452867507935,4,"[1, 0]","[[[1, 2]], [[1, 0]], [[1, 1]], [[1, 0], [2, 1]], [[1, 0]]]"
2026-01-15,Qwen/Qwen3-32B,PDDL_Unit_action,105,True,490.6175768375397,6,"[1, 0]","[[[1, 2]], [[1, 0]], [[1, 2]], [[1, 0]], [[1, 1]], [[1, 0]], [[1, 0]]]"
2026-01-15,Qwen/Qwen3-32B,PDDL_Unit_action,106,True,73.30420589447021,0,"[1, 0]","[[[1, 0]]]"
2026-01-15,Qwen/Qwen3-32B,PDDL,0,True,594.7585082054138,8,"[1, 1]","[[[1, 2]], [[1, 0]], [[1, 0]], [[1, 0]], [[1, 0]], [[1, 0]], [[1, 0]], [[1, 0]], [[1, 1]]]"
2026-01-15,Qwen/Qwen3-32B,PDDL,1,True,152.2743375301361,3,"[1, 0]","[[[1, 1]], [[1, 0]], [[1, 0]], [[1, 0]]]"
2026-01-15,Qwen/Qwen3-32B,PDDL,2,True,1416.6562218666077,2,"[4, 0]","[[[1, 0]], [[1, 0]], [[1, 0], [2, 0], [3, 0], [4, 0]]]"
2026-01-15,Qwen/Qwen3-32B,PDDL,4,False,1664.7748022079468,19,"[3, 0]","[[[1, 0]], [[1, 0], [2, 0]], [[1, 0]], [[1, 0]], [[1, 0]], [[1, 0]], [[1, 0]], [[1, 0], [2, 0], [3, 0], [4, 0]], [[1, 0]], [[1, 0], [2, 0]], [[1, 0]], [[1, 0], [2, 0], [3, 0]], [[1, 0]], [[1, 0]], [[1, 0], [2, 0], [3, 0]], [[1, 0]], [[1, 0]], [[1, 0]], [[1, 0], [2, 0]], [[1, 0], [2, 0], [3, 0]]]"
2026-01-15,Qwen/Qwen3-32B,PDDL,5,True,276.3852210044861,1,"[3, 0]","[[[1, 1]], [[1, 0], [2, 0], [3, 0]]]"
2026-01-15,Qwen/Qwen3-32B,PDDL,6,True,835.6358115673065,10,"[1, 1]","[[[1, 1]], [[1, 1], [2, 0]], [[1, 1]], [[1, 0]], [[1, 2]], [[1, 2], [2, 0], [3, 0]], [[1, 0]], [[1, 0]], [[1, 0]], [[1, 0]], [[1, 1]]]"
2026-01-15,Qwen/Qwen3-32B,PDDL,7,True,145.8317005634308,0,"[1, 2]","[[[1, 2]]]"
2026-01-15,Qwen/Qwen3-32B,PDDL,8,True,830.4334168434143,11,"[1, 0]","[[[1, 1]], [[1, 1], [2, 0]], [[1, 1]], [[1, 0]], [[1, 0]], [[1, 0]], [[1, 1]], [[1, 1]], [[1, 0]], [[1, 0]], [[1, 0]], [[1, 0]]]"
2026-01-15,Qwen/Qwen3-32B,PDDL,10,False,716.7043318748474,7,"[5, 0]","[[[1, 0]], [[1, 0]], [[1, 0]], [[1, 0]], [[1, 0]], [[1, 0]], [[1, 0]], [[1, 0], [2, 1], [3, 0], [4, 0], [5, 0]]]"
2026-01-15,Qwen/Qwen3-32B,PDDL,11,True,69.7294373512268,1,"[1, 0]","[[[1, 0]], [[1, 0]]]"
2026-01-15,Qwen/Qwen3-32B,PDDL,12,False,1268.1375696659088,11,"[5, 0]","[[[1, 1]], [[1, 0]], [[1, 0]], [[1, 0]], [[1, 0]], [[1, 0]], [[1, 0]], [[1, 0]], [[1, 0]], [[1, 0]], [[1, 0]], [[1, 0], [2, 0], [3, 0], [4, 0], [5, 0]]]"
2026-01-15,Qwen/Qwen3-32B,PDDL,14,False,314.58275413513184,1,"[5, 0]","[[[1, 1]], [[1, 0], [2, 0], [3, 0], [4, 0], [5, 0]]]"
2026-01-15,Qwen/Qwen3-32B,PDDL,15,True,3072.063087940216,16,"[4, 0]","[[[1, 1]], [[1, 1]], [[1, 0]], [[1, 2], [2, 5]], [[1, 0]], [[1, 0]], [[1, 0]], [[1, 1]], [[1, 1]], [[1, 1]], [[1, 0]], [[1, 0]], [[1, 2]], [[1, 1]], [[1, 1]], [[1, 1]], [[1, 0], [2, 0], [3, 0], [4, 0]]]"
2026-01-15,Qwen/Qwen3-32B,PDDL,16,True,202.7698380947113,2,"[1, 0]","[[[1, 2]], [[1, 0], [2, 0]], [[1, 0]]]"
2026-01-15,Qwen/Qwen3-32B,PDDL,17,False,644.0901725292206,3,"[5, 0]","[[[1, 2]], [[1, 0]], [[1, 0]], [[1, 0], [2, 1], [3, 3], [4, 3], [5, 0]]]"
2026-01-15,Qwen/Qwen3-32B,PDDL,18,False,486.61277866363525,10,"[5, 0]","[[[1, 0]], [[1, 0]], [[1, 0]], [[1, 0]], [[1, 0]], [[1, 0]], [[1, 0]], [[1, 0]], [[1, 0]], [[1, 0]], [[1, 0], [2, 0], [3, 0], [4, 0], [5, 0]]]"
2026-01-15,Qwen/Qwen3-32B,PDDL,19,False,1122.2869925498962,2,"[5, 0]","[[[1, 0]], [[1, 0], [2, 0], [3, 0], [4, 0]], [[1, 0], [2, 0], [3, 0], [4, 0], [5, 0]]]"
2026-01-15,Qwen/Qwen3-32B,PDDL,20,True,41.1804633140564,0,"[1, 0]","[[[1, 0]]]"
2026-01-15,Qwen/Qwen3-32B,PDDL,21,True,1201.3403096199036,3,"[5, 1]","[[[1, 0]], [[1, 0]], [[1, 0], [2, 0]], [[1, 0], [2, 0], [3, 0], [4, 3], [5, 1]]]"
2026-01-15,Qwen/Qwen3-32B,PDDL,22,True,202.49891471862793,3,"[1, 0]","[[[1, 0]], [[1, 0]], [[1, 0]], [[1, 0]]]"
2026-01-15,Qwen/Qwen3-32B,PDDL,23,True,133.91135239601135,2,"[1, 0]","[[[1, 0]], [[1, 0]], [[1, 0]]]"
2026-01-15,Qwen/Qwen3-32B,PDDL,24,False,1757.9901719093323,2,"[1, 5]","[[[1, 1]], [[1, 0], [2, 0], [3, 0], [4, 0]], [[1, 5]]]"
2026-01-16,Qwen/Qwen3-32B,PDDL,26,False,178.43749117851257,0,"[5, 0]","[[[1, 0], [2, 1], [3, 0], [4, 0], [5, 0]]]"
2026-01-16,Qwen/Qwen3-32B,PDDL,27,False,363.48971605300903,0,"[5, 0]","[[[1, 2], [2, 0], [3, 0], [4, 0], [5, 0]]]"
2026-01-16,Qwen/Qwen3-32B,PDDL,28,True,359.50968623161316,5,"[2, 1]","[[[1, 1]], [[1, 0]], [[1, 1]], [[1, 0]], [[1, 0]], [[1, 0], [2, 1]]]"
2026-01-16,Qwen/Qwen3-32B,PDDL,29,True,211.6897075176239,2,"[2, 0]","[[[1, 2]], [[1, 0]], [[1, 0], [2, 0]]]"
2026-01-16,Qwen/Qwen3-32B,PDDL,30,False,4073.8203125,13,"[5, 0]","[[[1, 1]], [[1, 0]], [[1, 0]], [[1, 1]], [[1, 0]], [[1, 0]], [[1, 0]], [[1, 1]], [[1, 0]], [[1, 0], [2, 0], [3, 0], [4, 0]], [[1, 1]], [[1, 1]], [[1, 1]], [[1, 0], [2, 0], [3, 0], [4, 0], [5, 0]]]"
2026-01-16,Qwen/Qwen3-32B,PDDL,31,True,94.13213086128235,0,"[2, 0]","[[[1, 2], [2, 0]]]"
2026-01-16,Qwen/Qwen3-32B,PDDL,32,True,1510.6708793640137,10,"[2, 4]","[[[1, 0]], [[1, 0], [2, 1]], [[1, 0]], [[1, 0], [2, 0], [3, 0], [4, 0]], [[1, 0]], [[1, 0], [2, 0]], [[1, 0]], [[1, 0]], [[1, 0]], [[1, 0]], [[1, 0], [2, 4]]]"
2026-01-16,Qwen/Qwen3-32B,PDDL,33,True,296.1528596878052,3,"[1, 0]","[[[1, 2]], [[1, 0]], [[1, 0]], [[1, 0]]]"
2026-01-16,Qwen/Qwen3-32B,PDDL,34,True,560.4186778068542,7,"[1, 0]","[[[1, 0]], [[1, 1], [2, 0]], [[1, 1], [2, 0]], [[1, 0]], [[1, 0], [2, 0]], [[1, 0]], [[1, 0]], [[1, 0]]]"
2026-01-16,Qwen/Qwen3-32B,PDDL,35,True,239.72088718414307,2,"[1, 0]","[[[1, 0]], [[1, 1], [2, 0]], [[1, 0]]]"
2026-01-16,Qwen/Qwen3-32B,PDDL,36,True,280.69242095947266,2,"[1, 2]","[[[1, 0]], [[1, 0]], [[1, 2]]]"
2026-01-16,Qwen/Qwen3-32B,PDDL,37,True,3638.45547246933,11,"[3, 0]","[[[1, 0]], [[1, 0]], [[1, 0]], [[1, 0]], [[1, 0]], [[1, 0]], [[1, 0]], [[1, 0]], [[1, 0], [2, 2], [3, 1], [4, 5]], [[1, 1]], [[1, 1]], [[1, 1], [2, 0], [3, 0]]]"
2026-01-16,Qwen/Qwen3-32B,PDDL,38,False,2046.923660993576,8,"[3, 5]","[[[1, 0], [2, 1], [3, 0]], [[1, 0]], [[1, 0]], [[1, 0], [2, 0]], [[1, 0]], [[1, 0], [2, 0], [3, 0], [4, 2]], [[1, 0], [2, 0], [3, 1], [4, 0]], [[1, 0]], [[1, 0], [2, 0], [3, 5]]]"
2026-01-16,Qwen/Qwen3-32B,PDDL,39,True,299.91285610198975,3,"[3, 0]","[[[1, 0]], [[1, 0]], [[1, 0]], [[1, 0], [2, 0], [3, 0]]]"
2026-01-16,Qwen/Qwen3-32B,PDDL,40,False,1214.8819251060486,2,"[5, 0]","[[[1, 0]], [[1, 0], [2, 0], [3, 0]], [[1, 1], [2, 0], [3, 0], [4, 0], [5, 0]]]"
2026-01-16,Qwen/Qwen3-32B,PDDL,41,False,313.97643399238586,2,"[5, 0]","[[[1, 0]], [[1, 0]], [[1, 0], [2, 0], [3, 0], [4, 0], [5, 0]]]"
2026-01-16,Qwen/Qwen3-32B,PDDL,42,True,528.6247243881226,5,"[5, 0]","[[[1, 0]], [[1, 0]], [[1, 0]], [[1, 0], [2, 0], [3, 0]], [[1, 0]], [[1, 1], [2, 0], [3, 0], [4, 0], [5, 0]]]"
2026-01-16,Qwen/Qwen3-32B,PDDL,43,True,29.242314100265503,0,"[1, 1]","[[[1, 1]]]"
2026-01-16,Qwen/Qwen3-32B,PDDL,44,False,486.52807569503784,4,"[5, 1]","[[[1, 0]], [[1, 0], [2, 0]], [[1, 0]], [[1, 0]], [[1, 0], [2, 1], [3, 0], [4, 0], [5, 1]]]"
2026-01-16,Qwen/Qwen3-32B,PDDL,45,True,1081.1035161018372,8,"[1, 0]","[[[1, 0]], [[1, 0]], [[1, 0]], [[1, 0]], [[1, 0]], [[1, 0]], [[1, 0], [2, 0]], [[1, 0]], [[1, 0]]]"
2026-01-16,Qwen/Qwen3-32B,PDDL,46,True,76.06821155548096,0,"[1, 1]","[[[1, 1]]]"
2026-01-16,Qwen/Qwen3-32B,PDDL,47,True,865.5469949245453,9,"[1, 0]","[[[1, 0], [2, 0]], [[1, 0]], [[1, 0]], [[1, 0]], [[1, 3]], [[1, 0]], [[1, 0]], [[1, 0]], [[1, 4]], [[1, 0]]]"
2026-01-16,Qwen/Qwen3-32B,PDDL,48,True,67.55081796646118,1,"[1, 0]","[[[1, 0]], [[1, 0]]]"
2026-01-16,Qwen/Qwen3-32B,PDDL,49,True,114.3557460308075,3,"[1, 0]","[[[1, 0]], [[1, 0]], [[1, 0]], [[1, 0]]]"
2026-01-16,Qwen/Qwen3-32B,PDDL,50,False,1318.0679550170898,7,"[3, 5]","[[[1, 0]], [[1, 0]], [[1, 0]], [[1, 0], [2, 1]], [[1, 0]], [[1, 0], [2, 0]], [[1, 0]], [[1, 0], [2, 0], [3, 5]]]"
2026-01-16,Qwen/Qwen3-32B,PDDL,51,True,81.95592856407166,0,"[1, 1]","[[[1, 1]]]"
2026-01-16,Qwen/Qwen3-32B,PDDL,52,True,1006.7405035495758,7,"[1, 0]","[[[1, 1]], [[1, 1]], [[1, 0]], [[1, 0], [2, 0]], [[1, 1]], [[1, 1]], [[1, 0]], [[1, 0]]]"
2026-01-16,Qwen/Qwen3-32B,PDDL,53,True,443.12732100486755,5,"[1, 1]","[[[1, 0]], [[1, 0]], [[1, 1]], [[1, 0]], [[1, 0], [2, 0], [3, 0]], [[1, 1]]]"
2026-01-16,Qwen/Qwen3-32B,PDDL,54,True,185.28814888000488,2,"[1, 0]","[[[1, 0]], [[1, 0]], [[1, 0]]]"
2026-01-16,Qwen/Qwen3-32B,PDDL,55,True,1084.024530172348,9,"[1, 0]","[[[1, 0]], [[1, 0]], [[1, 0]], [[1, 0]], [[1, 0]], [[1, 0], [2, 0]], [[1, 0]], [[1, 0], [2, 0]], [[1, 1]], [[1, 0]]]"
2026-01-16,Qwen/Qwen3-32B,PDDL,56,True,41.22441339492798,0,"[1, 0]","[[[1, 0]]]"
2026-01-16,Qwen/Qwen3-32B,PDDL,57,True,308.70907831192017,3,"[1, 1]","[[[1, 2]], [[1, 0]], [[1, 0]], [[1, 1]]]"
2026-01-16,Qwen/Qwen3-32B,PDDL,58,True,704.6671850681305,7,"[1, 0]","[[[1, 1]], [[1, 0]], [[1, 0]], [[1, 0]], [[1, 2]], [[1, 0]], [[1, 0], [2, 0], [3, 0], [4, 0]], [[1, 0]]]"
2026-01-16,Qwen/Qwen3-32B,PDDL,59,False,144.65892887115479,0,"[5, 0]","[[[1, 0], [2, 0], [3, 0], [4, 0], [5, 0]]]"
2026-01-16,Qwen/Qwen3-32B,PDDL,60,True,2072.010739326477,8,"[5, 0]","[[[1, 0]], [[1, 1], [2, 0], [3, 1], [4, 1]], [[1, 0]], [[1, 1]], [[1, 0]], [[1, 0]], [[1, 0]], [[1, 0]], [[1, 0], [2, 0], [3, 0], [4, 0], [5, 0]]]"
2026-01-16,Qwen/Qwen3-32B,PDDL,61,True,453.2703149318695,4,"[3, 0]","[[[1, 2]], [[1, 0]], [[1, 1]], [[1, 0]], [[1, 1], [2, 1], [3, 0]]]"
2026-01-16,Qwen/Qwen3-32B,PDDL,62,False,2855.8365499973297,6,"[1, 5]","[[[1, 2]], [[1, 1], [2, 0], [3, 0], [4, 1], [5, 0]], [[1, 0]], [[1, 0]], [[1, 0]], [[1, 0]], [[1, 5]]]"
2026-01-16,Qwen/Qwen3-32B,PDDL,63,True,156.5797679424286,2,"[1, 0]","[[[1, 2]], [[1, 0]], [[1, 0]]]"
2026-01-16,Qwen/Qwen3-32B,PDDL,64,False,4499.999495744705,11,"[5, 0]","[[[1, 0]], [[1, 0]], [[1, 1]], [[1, 2]], [[1, 2]], [[1, 2]], [[1, 2]], [[1, 1]], [[1, 1]], [[1, 0]], [[1, 0]], [[1, 0], [2, 1], [3, 1], [4, 0], [5, 0]]]"
2026-01-16,Qwen/Qwen3-32B,PDDL,65,True,158.7415051460266,0,"[1, 2]","[[[1, 2]]]"
2026-01-16,Qwen/Qwen3-32B,PDDL,66,True,133.049898147583,2,"[1, 0]","[[[1, 0]], [[1, 0]], [[1, 0]]]"
2026-01-16,Qwen/Qwen3-32B,PDDL,67,True,373.89436078071594,4,"[1, 0]","[[[1, 1]], [[1, 0]], [[1, 3]], [[1, 0]], [[1, 0]]]"
2026-01-16,Qwen/Qwen3-32B,PDDL,68,False,1136.609731912613,6,"[5, 0]","[[[1, 1]], [[1, 0]], [[1, 1]], [[1, 0]], [[1, 0]], [[1, 0]], [[1, 0], [2, 0], [3, 0], [4, 0], [5, 0]]]"
2026-01-16,Qwen/Qwen3-32B,PDDL,70,True,158.4516785144806,2,"[1, 0]","[[[1, 1]], [[1, 0]], [[1, 0]]]"
2026-01-16,Qwen/Qwen3-32B,PDDL,71,True,686.7897911071777,8,"[1, 0]","[[[1, 0]], [[1, 0]], [[1, 0]], [[1, 0]], [[1, 1]], [[1, 1]], [[1, 0], [2, 0], [3, 0], [4, 0], [5, 0]], [[1, 0]], [[1, 0]]]"
2026-01-16,Qwen/Qwen3-32B,PDDL,72,True,468.29584884643555,2,"[1, 3]","[[[1, 3]], [[1, 0], [2, 0], [3, 0]], [[1, 3]]]"
2026-01-16,Qwen/Qwen3-32B,PDDL,73,False,713.225017786026,2,"[5, 0]","[[[1, 2], [2, 1]], [[1, 1]], [[1, 0], [2, 3], [3, 1], [4, 0], [5, 0]]]"
2026-01-16,Qwen/Qwen3-32B,PDDL,74,True,2329.6618304252625,6,"[1, 1]","[[[1, 0]], [[1, 0]], [[1, 0]], [[1, 0]], [[1, 5]], [[1, 0]], [[1, 1]]]"
2026-01-16,Qwen/Qwen3-32B,PDDL,75,True,1160.6344273090363,5,"[1, 4]","[[[1, 0]], [[1, 0]], [[1, 0]], [[1, 0]], [[1, 0], [2, 0], [3, 0]], [[1, 4]]]"
2026-01-16,Qwen/Qwen3-32B,PDDL,76,True,454.8178701400757,5,"[2, 0]","[[[1, 1]], [[1, 0]], [[1, 0], [2, 0], [3, 0]], [[1, 1]], [[1, 0]], [[1, 0], [2, 0]]]"
2026-01-16,Qwen/Qwen3-32B,PDDL,77,True,34.74933648109436,0,"[1, 0]","[[[1, 0]]]"
2026-01-16,Qwen/Qwen3-32B,PDDL,78,False,593.772711277008,1,"[5, 0]","[[[1, 3]], [[1, 0], [2, 2], [3, 2], [4, 0], [5, 0]]]"
2026-01-16,Qwen/Qwen3-32B,PDDL,79,True,353.582643032074,4,"[1, 4]","[[[1, 0]], [[1, 0]], [[1, 0]], [[1, 0]], [[1, 4]]]"
2026-01-16,Qwen/Qwen3-32B,PDDL,80,False,668.8520865440369,6,"[5, 0]","[[[1, 0]], [[1, 0]], [[1, 0], [2, 1], [3, 1]], [[1, 0]], [[1, 0]], [[1, 0], [2, 0]], [[1, 0], [2, 0], [3, 0], [4, 0], [5, 0]]]"
2026-01-16,Qwen/Qwen3-32B,PDDL,81,False,473.88416171073914,3,"[5, 1]","[[[1, 1]], [[1, 0]], [[1, 0]], [[1, 1], [2, 1], [3, 0], [4, 0], [5, 1]]]"
2026-01-16,Qwen/Qwen3-32B,PDDL,82,False,427.8952052593231,2,"[5, 1]","[[[1, 2]], [[1, 0]], [[1, 0], [2, 1], [3, 1], [4, 0], [5, 1]]]"
2026-01-16,Qwen/Qwen3-32B,PDDL,83,True,95.6496114730835,0,"[1, 1]","[[[1, 1]]]"
2026-01-16,Qwen/Qwen3-32B,PDDL,84,True,224.9732916355133,0,"[1, 3]","[[[1, 3]]]"
2026-01-16,Qwen/Qwen3-32B,PDDL,85,False,3269.615382671356,7,"[1, 5]","[[[1, 1]], [[1, 1]], [[1, 1]], [[1, 0]], [[1, 0]], [[1, 2]], [[1, 1]], [[1, 5]]]"
2026-01-16,Qwen/Qwen3-32B,PDDL,86,False,436.0491075515747,4,"[1, 5]","[[[1, 1]], [[1, 0]], [[1, 1], [2, 0]], [[1, 0]], [[1, 5]]]"
2026-01-16,Qwen/Qwen3-32B,PDDL,87,True,959.7169606685638,5,"[1, 0]","[[[1, 0]], [[1, 0]], [[1, 0]], [[1, 0], [2, 0]], [[1, 1]], [[1, 0]]]"
2026-01-16,Qwen/Qwen3-32B,PDDL,88,False,948.143248796463,19,"[3, 0]","[[[1, 0]], [[1, 0], [2, 0]], [[1, 0]], [[1, 0], [2, 0]], [[1, 0]], [[1, 0]], [[1, 0]], [[1, 0]], [[1, 0]], [[1, 0], [2, 1]], [[1, 0]], [[1, 0]], [[1, 0]], [[1, 0]], [[1, 0]], [[1, 0], [2, 0]], [[1, 0]], [[1, 0]], [[1, 1]], [[1, 0], [2, 0], [3, 0]]]"
2026-01-16,Qwen/Qwen3-32B,PDDL,90,True,219.84702682495117,1,"[1, 0]","[[[1, 2]], [[1, 0]]]"
2026-01-16,Qwen/Qwen3-32B,PDDL,91,True,403.814733505249,6,"[1, 0]","[[[1, 0]], [[1, 0]], [[1, 1], [2, 0]], [[1, 1]], [[1, 0]], [[1, 0]], [[1, 0]]]"
2026-01-16,Qwen/Qwen3-32B,PDDL,92,False,296.9443054199219,0,"[1, 5]","[[[1, 5]]]"
2026-01-16,Qwen/Qwen3-32B,PDDL,93,True,3136.383978843689,8,"[2, 0]","[[[1, 1]], [[1, 2]], [[1, 0], [2, 1]], [[1, 1]], [[1, 2]], [[1, 3], [2, 2], [3, 0], [4, 0]], [[1, 2]], [[1, 1]], [[1, 0], [2, 0]]]"
2026-01-16,Qwen/Qwen3-32B,PDDL,94,False,3960.963849067688,4,"[3, 5]","[[[1, 2]], [[1, 0]], [[1, 1]], [[1, 0]], [[1, 0], [2, 0], [3, 5]]]"
2026-01-16,Qwen/Qwen3-32B,PDDL,96,True,1521.7829043865204,10,"[1, 0]","[[[1, 0]], [[1, 0], [2, 0], [3, 0]], [[1, 0]], [[1, 0]], [[1, 0]], [[1, 0], [2, 0], [3, 0], [4, 0], [5, 0]], [[1, 0], [2, 1]], [[1, 0]], [[1, 1]], [[1, 2]], [[1, 0]]]"
2026-01-16,Qwen/Qwen3-32B,PDDL,97,True,146.4599883556366,2,"[2, 0]","[[[1, 2]], [[1, 0]], [[1, 0], [2, 0]]]"
2026-01-16,Qwen/Qwen3-32B,PDDL,98,True,1164.390489578247,11,"[1, 0]","[[[1, 1]], [[1, 0], [2, 0]], [[1, 1]], [[1, 0]], [[1, 0]], [[1, 1]], [[1, 1]], [[1, 4]], [[1, 0]], [[1, 0]], [[1, 0], [2, 0], [3, 0]], [[1, 0]]]"
2026-01-16,Qwen/Qwen3-32B,PDDL,99,True,1496.3153238296509,9,"[5, 0]","[[[1, 2]], [[1, 0]], [[1, 0]], [[1, 0]], [[1, 0], [2, 0]], [[1, 0]], [[1, 0]], [[1, 1]], [[1, 0]], [[1, 0], [2, 1], [3, 0], [4, 0], [5, 0]]]"
2026-01-16,Qwen/Qwen3-32B,PDDL,100,True,17.964613676071167,0,"[1, 0]","[[[1, 0]]]"
2026-01-16,Qwen/Qwen3-32B,PDDL,101,False,1374.4333868026733,4,"[5, 0]","[[[1, 1], [2, 0], [3, 1], [4, 1]], [[1, 0]], [[1, 1]], [[1, 0]], [[1, 0], [2, 0], [3, 0], [4, 0], [5, 0]]]"
2026-01-16,Qwen/Qwen3-32B,PDDL,102,True,111.28535008430481,2,"[2, 0]","[[[1, 1]], [[1, 0]], [[1, 0], [2, 0]]]"
2026-01-16,Qwen/Qwen3-32B,PDDL,103,False,152.86735010147095,0,"[5, 0]","[[[1, 0], [2, 0], [3, 0], [4, 0], [5, 0]]]"
2026-01-16,Qwen/Qwen3-32B,PDDL,104,True,159.76664233207703,3,"[1, 1]","[[[1, 0]], [[1, 0]], [[1, 0]], [[1, 1]]]"
2026-01-16,Qwen/Qwen3-32B,PDDL,105,True,360.8372280597687,5,"[1, 0]","[[[1, 1], [2, 0]], [[1, 0]], [[1, 0]], [[1, 0]], [[1, 0]], [[1, 0]]]"
2026-01-16,Qwen/Qwen3-32B,PDDL,106,True,54.40659213066101,0,"[1, 0]","[[[1, 0]]]"
2026-01-16,Qwen/Qwen3-32B,baseline,0,True,172.83895826339722,19,1,"[[1], [1], [1], [1], [1], [1], [1], [1, 2], [1], [1], [1], [1, 2, 3], [1], [1], [1], [1], [1], [1], [1], [1]]"
2026-01-16,Qwen/Qwen3-32B,baseline,1,True,59.45213484764099,6,1,"[[1], [1], [1], [1], [1], [1], [1]]"
2026-01-16,Qwen/Qwen3-32B,baseline,2,True,77.46613788604736,10,1,"[[1], [1], [1], [1], [1], [1], [1, 2], [1], [1], [1, 2], [1]]"
2026-01-16,Qwen/Qwen3-32B,baseline,4,False,82.43641519546509,4,5,"[[1], [1], [1], [1], [1, 2, 3, 4, 5]]"
2026-01-16,Qwen/Qwen3-32B,baseline,5,False,174.5824749469757,19,1,"[[1], [1], [1], [1], [1], [1, 2], [1], [1], [1], [1], [1], [1, 2, 3, 4], [1], [1], [1], [1], [1, 2, 3], [1], [1], [1]]"
2026-01-16,Qwen/Qwen3-32B,baseline,6,False,170.28112387657166,19,1,"[[1], [1], [1], [1], [1], [1], [1, 2, 3], [1], [1], [1], [1], [1], [1], [1, 2], [1], [1], [1], [1], [1], [1]]"
2026-01-16,Qwen/Qwen3-32B,baseline,7,True,2.6989893913269043,0,1,[[1]]
2026-01-16,Qwen/Qwen3-32B,baseline,8,False,211.8896517753601,19,1,"[[1], [1], [1], [1], [1], [1], [1, 2], [1, 2], [1], [1], [1], [1], [1], [1], [1], [1, 2, 3, 4, 5], [1], [1], [1], [1]]"
2026-01-16,Qwen/Qwen3-32B,baseline,10,True,160.4046905040741,17,1,"[[1], [1], [1], [1], [1], [1, 2], [1], [1], [1], [1, 2, 3], [1], [1], [1], [1], [1], [1, 2], [1], [1]]"
2026-01-16,Qwen/Qwen3-32B,baseline,11,True,9.663077592849731,1,1,"[[1], [1]]"
2026-01-16,Qwen/Qwen3-32B,baseline,12,False,243.05675506591797,19,1,"[[1], [1], [1], [1], [1], [1, 2], [1], [1], [1], [1], [1], [1], [1, 2, 3, 4], [1], [1, 2, 3], [1], [1, 2], [1, 2], [1], [1]]"
2026-01-16,Qwen/Qwen3-32B,baseline,14,True,104.34754085540771,16,1,"[[1], [1], [1], [1], [1], [1], [1], [1], [1], [1], [1, 2], [1], [1], [1, 2], [1], [1], [1]]"
2026-01-16,Qwen/Qwen3-32B,baseline,15,True,121.71298050880432,14,1,"[[1], [1], [1, 2], [1], [1], [1], [1], [1], [1], [1], [1, 2], [1], [1], [1], [1]]"
2026-01-16,Qwen/Qwen3-32B,baseline,16,False,190.37877798080444,19,1,"[[1], [1], [1, 2], [1], [1], [1], [1], [1], [1, 2], [1], [1, 2], [1], [1], [1], [1, 2], [1], [1], [1, 2], [1], [1]]"
2026-01-16,Qwen/Qwen3-32B,baseline,17,True,185.4959008693695,16,1,"[[1], [1], [1], [1], [1], [1], [1], [1], [1, 2, 3, 4, 5], [1], [1, 2], [1, 2], [1], [1], [1], [1], [1]]"
2026-01-16,Qwen/Qwen3-32B,baseline,18,False,185.84029030799866,9,5,"[[1], [1], [1], [1], [1], [1], [1, 2], [1], [1], [1, 2, 3, 4, 5]]"
2026-01-16,Qwen/Qwen3-32B,baseline,19,True,131.02521395683289,16,1,"[[1], [1], [1], [1, 2], [1], [1, 2], [1], [1], [1], [1], [1], [1], [1], [1], [1], [1], [1]]"
2026-01-16,Qwen/Qwen3-32B,baseline,20,True,6.322259426116943,1,1,"[[1], [1]]"
2026-01-16,Qwen/Qwen3-32B,baseline,21,True,196.31738924980164,16,1,"[[1], [1], [1], [1, 2, 3], [1], [1], [1], [1], [1], [1], [1], [1], [1, 2], [1, 2], [1, 2], [1], [1]]"
2026-01-16,Qwen/Qwen3-32B,baseline,22,True,33.525025844573975,5,1,"[[1], [1], [1], [1], [1], [1]]"
2026-01-16,Qwen/Qwen3-32B,baseline,23,True,39.228294372558594,6,2,"[[1], [1], [1, 2], [1], [1], [1], [1, 2]]"
2026-01-16,Qwen/Qwen3-32B,baseline,24,False,199.44156193733215,19,1,"[[1], [1], [1], [1, 2], [1], [1], [1], [1], [1, 2], [1], [1], [1], [1], [1], [1], [1], [1], [1], [1], [1]]"
2026-01-16,Qwen/Qwen3-32B,baseline,26,True,166.11009788513184,19,1,"[[1], [1], [1], [1], [1, 2], [1], [1], [1], [1], [1], [1], [1], [1], [1], [1], [1], [1], [1], [1, 2], [1]]"
2026-01-16,Qwen/Qwen3-32B,baseline,27,True,8.947457075119019,0,1,[[1]]
2026-01-16,Qwen/Qwen3-32B,baseline,28,True,28.817325592041016,3,1,"[[1], [1], [1], [1]]"
2026-01-16,Qwen/Qwen3-32B,baseline,29,True,81.0462372303009,9,2,"[[1], [1], [1], [1], [1], [1], [1], [1], [1], [1, 2]]"
2026-01-16,Qwen/Qwen3-32B,baseline,30,False,181.08777928352356,19,1,"[[1], [1], [1], [1], [1, 2, 3], [1], [1], [1], [1], [1, 2, 3], [1], [1], [1], [1], [1, 2], [1], [1], [1], [1], [1]]"
2026-01-16,Qwen/Qwen3-32B,baseline,31,True,3.1468353271484375,0,1,[[1]]
2026-01-16,Qwen/Qwen3-32B,baseline,32,False,200.3358552455902,19,1,"[[1], [1], [1], [1], [1], [1, 2], [1], [1], [1, 2, 3], [1], [1], [1], [1], [1], [1], [1], [1], [1], [1], [1]]"
2026-01-16,Qwen/Qwen3-32B,baseline,33,True,88.74164986610413,11,1,"[[1], [1], [1], [1], [1, 2], [1], [1], [1], [1], [1], [1], [1]]"
2026-01-16,Qwen/Qwen3-32B,baseline,34,True,70.42278575897217,6,1,"[[1], [1], [1, 2], [1], [1], [1], [1]]"
2026-01-16,Qwen/Qwen3-32B,baseline,35,True,53.74240469932556,12,1,"[[1], [1], [1], [1], [1], [1], [1], [1], [1], [1], [1], [1], [1]]"
2026-01-16,Qwen/Qwen3-32B,baseline,36,True,44.37227010726929,5,1,"[[1], [1], [1], [1, 2, 3], [1], [1]]"
2026-01-16,Qwen/Qwen3-32B,baseline,37,False,134.64142203330994,19,1,"[[1], [1], [1], [1], [1], [1], [1], [1], [1], [1], [1], [1], [1], [1], [1], [1, 2], [1], [1], [1], [1]]"
2026-01-16,Qwen/Qwen3-32B,baseline,38,True,143.31384587287903,13,1,"[[1], [1, 2], [1, 2], [1], [1], [1], [1], [1], [1], [1, 2], [1], [1], [1], [1]]"
2026-01-16,Qwen/Qwen3-32B,baseline,39,True,50.615076780319214,6,1,"[[1], [1], [1], [1, 2, 3], [1], [1], [1]]"
2026-01-16,Qwen/Qwen3-32B,baseline,40,False,195.01714205741882,19,1,"[[1], [1], [1], [1], [1], [1], [1], [1], [1, 2], [1], [1], [1], [1, 2], [1], [1], [1], [1, 2], [1, 2], [1], [1]]"
2026-01-16,Qwen/Qwen3-32B,baseline,41,True,172.15093684196472,17,1,"[[1], [1], [1], [1, 2], [1], [1], [1], [1], [1], [1, 2], [1, 2], [1], [1], [1, 2], [1], [1], [1], [1]]"
2026-01-16,Qwen/Qwen3-32B,baseline,42,True,116.74486041069031,14,1,"[[1], [1], [1], [1], [1], [1], [1, 2], [1], [1], [1], [1], [1], [1], [1], [1]]"
2026-01-16,Qwen/Qwen3-32B,baseline,43,True,5.119803428649902,0,1,[[1]]
2026-01-16,Qwen/Qwen3-32B,baseline,44,True,85.80134916305542,9,1,"[[1], [1], [1], [1], [1, 2, 3], [1], [1], [1, 2], [1], [1]]"
2026-01-16,Qwen/Qwen3-32B,baseline,45,True,81.26108527183533,12,1,"[[1], [1], [1], [1], [1], [1], [1], [1], [1], [1, 2], [1], [1], [1]]"
2026-01-16,Qwen/Qwen3-32B,baseline,46,True,4.92533278465271,0,1,[[1]]
2026-01-16,Qwen/Qwen3-32B,baseline,47,True,73.91052842140198,7,1,"[[1], [1], [1], [1], [1, 2, 3], [1], [1], [1]]"
2026-01-16,Qwen/Qwen3-32B,baseline,48,False,174.6774866580963,19,1,"[[1], [1], [1], [1], [1], [1], [1], [1], [1, 2], [1], [1], [1], [1], [1], [1], [1], [1], [1], [1], [1]]"
2026-01-16,Qwen/Qwen3-32B,baseline,49,True,24.014118432998657,4,1,"[[1], [1], [1], [1], [1]]"
2026-01-16,Qwen/Qwen3-32B,baseline,50,False,94.07514071464539,4,5,"[[1], [1], [1], [1], [1, 2, 3, 4, 5]]"
2026-01-16,Qwen/Qwen3-32B,baseline,51,True,14.37766695022583,0,1,[[1]]
2026-01-16,Qwen/Qwen3-32B,baseline,52,True,129.13527703285217,18,1,"[[1], [1], [1, 2], [1], [1], [1, 2], [1], [1], [1], [1], [1], [1], [1], [1], [1], [1, 2, 3], [1], [1], [1]]"
2026-01-16,Qwen/Qwen3-32B,baseline,53,True,79.83954811096191,12,1,"[[1], [1], [1], [1], [1], [1], [1], [1], [1], [1], [1], [1], [1]]"
2026-01-16,Qwen/Qwen3-32B,baseline,54,True,35.44583463668823,2,1,"[[1, 2], [1], [1]]"
2026-01-16,Qwen/Qwen3-32B,baseline,55,True,48.054628133773804,4,1,"[[1], [1], [1], [1], [1]]"
2026-01-16,Qwen/Qwen3-32B,baseline,56,True,3.617891788482666,0,1,[[1]]
2026-01-16,Qwen/Qwen3-32B,baseline,57,True,261.223140001297,19,1,"[[1], [1], [1, 2], [1], [1, 2], [1, 2, 3], [1], [1], [1, 2, 3], [1], [1], [1], [1], [1], [1], [1], [1], [1, 2], [1], [1]]"
2026-01-16,Qwen/Qwen3-32B,baseline,58,True,155.30143237113953,18,1,"[[1], [1], [1], [1], [1], [1], [1], [1], [1], [1], [1], [1, 2, 3], [1], [1], [1, 2], [1], [1], [1], [1]]"
2026-01-16,Qwen/Qwen3-32B,baseline,59,True,56.2220356464386,7,2,"[[1], [1], [1, 2, 3], [1], [1], [1], [1], [1, 2]]"
2026-01-16,Qwen/Qwen3-32B,baseline,60,False,167.57998538017273,19,2,"[[1], [1], [1], [1], [1], [1], [1], [1], [1], [1], [1], [1], [1], [1], [1], [1], [1], [1, 2, 3], [1], [1, 2]]"
2026-01-16,Qwen/Qwen3-32B,baseline,61,True,34.39700245857239,3,1,"[[1], [1], [1, 2, 3], [1]]"
2026-01-16,Qwen/Qwen3-32B,baseline,62,True,106.40552616119385,16,1,"[[1], [1], [1], [1], [1, 2], [1], [1], [1], [1], [1, 2], [1], [1], [1], [1], [1], [1], [1]]"
2026-01-16,Qwen/Qwen3-32B,baseline,63,True,27.788248300552368,4,1,"[[1], [1], [1, 2], [1], [1]]"
2026-01-16,Qwen/Qwen3-32B,baseline,64,False,129.26784253120422,8,5,"[[1], [1], [1], [1], [1, 2, 3], [1], [1], [1, 2], [1, 2, 3, 4, 5]]"
2026-01-16,Qwen/Qwen3-32B,baseline,65,True,28.652633905410767,1,2,"[[1], [1, 2]]"
2026-01-16,Qwen/Qwen3-32B,baseline,66,False,245.60132670402527,19,2,"[[1], [1, 2], [1, 2], [1], [1], [1], [1], [1, 2, 3, 4, 5], [1], [1], [1, 2], [1], [1], [1], [1, 2], [1], [1], [1], [1], [1, 2]]"
2026-01-16,Qwen/Qwen3-32B,baseline,67,True,117.1088478565216,14,1,"[[1], [1], [1, 2], [1, 2], [1], [1, 2], [1], [1], [1], [1], [1], [1, 2], [1], [1], [1]]"
2026-01-16,Qwen/Qwen3-32B,baseline,68,True,187.39678263664246,17,2,"[[1], [1], [1], [1], [1], [1, 2], [1, 2, 3], [1], [1], [1], [1], [1, 2], [1], [1], [1], [1], [1], [1, 2]]"
2026-01-16,Qwen/Qwen3-32B,baseline,70,False,206.10057091712952,19,1,"[[1], [1], [1, 2], [1], [1], [1], [1], [1], [1], [1], [1], [1, 2], [1], [1], [1], [1, 2], [1], [1], [1, 2, 3], [1]]"
2026-01-16,Qwen/Qwen3-32B,baseline,71,False,130.872314453125,10,5,"[[1], [1], [1], [1], [1, 2], [1], [1], [1], [1], [1], [1, 2, 3, 4, 5]]"
2026-01-16,Qwen/Qwen3-32B,baseline,72,True,34.018014907836914,5,1,"[[1], [1], [1], [1], [1], [1]]"
2026-01-16,Qwen/Qwen3-32B,baseline,73,True,24.58175754547119,4,1,"[[1], [1], [1, 2], [1], [1]]"
2026-01-16,Qwen/Qwen3-32B,baseline,74,True,9.791743755340576,1,1,"[[1], [1]]"
2026-01-16,Qwen/Qwen3-32B,baseline,75,True,48.31889009475708,5,1,"[[1], [1], [1], [1], [1], [1]]"
2026-01-16,Qwen/Qwen3-32B,baseline,76,False,80.67661714553833,5,5,"[[1], [1], [1], [1], [1, 2], [1, 2, 3, 4, 5]]"
2026-01-16,Qwen/Qwen3-32B,baseline,77,True,136.28538537025452,16,2,"[[1], [1], [1], [1], [1], [1], [1], [1], [1], [1], [1, 2], [1, 2], [1, 2, 3], [1], [1], [1], [1, 2]]"
2026-01-16,Qwen/Qwen3-32B,baseline,78,True,69.5349452495575,9,1,"[[1], [1], [1], [1, 2], [1], [1], [1], [1], [1], [1]]"
2026-01-16,Qwen/Qwen3-32B,baseline,79,True,202.46398735046387,18,1,"[[1], [1], [1], [1], [1], [1], [1], [1], [1], [1, 2], [1], [1], [1], [1, 2], [1], [1], [1], [1], [1]]"
2026-01-16,Qwen/Qwen3-32B,baseline,80,True,30.066936492919922,3,1,"[[1, 2], [1], [1], [1]]"
2026-01-16,Qwen/Qwen3-32B,baseline,81,True,42.366727352142334,9,1,"[[1], [1], [1], [1], [1], [1], [1], [1], [1], [1]]"
2026-01-16,Qwen/Qwen3-32B,baseline,82,True,11.450922012329102,2,1,"[[1], [1], [1]]"
2026-01-16,Qwen/Qwen3-32B,baseline,83,True,8.043239831924438,0,1,[[1]]
2026-01-16,Qwen/Qwen3-32B,baseline,84,True,2.1805453300476074,0,1,[[1]]
2026-01-16,Qwen/Qwen3-32B,baseline,85,False,228.02722120285034,19,1,"[[1], [1], [1], [1], [1], [1, 2], [1], [1], [1], [1, 2, 3], [1], [1, 2, 3], [1], [1], [1], [1], [1], [1], [1], [1]]"
2026-01-16,Qwen/Qwen3-32B,baseline,86,True,91.25366425514221,15,1,"[[1], [1], [1], [1], [1], [1], [1], [1], [1], [1], [1], [1], [1], [1], [1], [1]]"
2026-01-16,Qwen/Qwen3-32B,baseline,87,False,208.66312909126282,19,2,"[[1], [1], [1], [1], [1], [1], [1], [1], [1], [1], [1], [1], [1], [1], [1, 2], [1], [1], [1, 2, 3], [1, 2, 3], [1, 2]]"
2026-01-16,Qwen/Qwen3-32B,baseline,88,True,108.70799231529236,8,1,"[[1], [1], [1], [1], [1, 2], [1], [1], [1], [1]]"
2026-01-16,Qwen/Qwen3-32B,baseline,90,True,39.415931701660156,4,1,"[[1], [1], [1, 2], [1], [1]]"
2026-01-16,Qwen/Qwen3-32B,baseline,91,False,127.4701406955719,19,1,"[[1], [1], [1], [1], [1], [1], [1], [1], [1], [1], [1], [1], [1], [1], [1], [1], [1], [1], [1], [1]]"
2026-01-16,Qwen/Qwen3-32B,baseline,92,False,182.1843056678772,19,1,"[[1], [1], [1, 2, 3], [1], [1], [1], [1], [1], [1], [1], [1, 2], [1], [1], [1], [1], [1], [1], [1, 2], [1], [1]]"
2026-01-16,Qwen/Qwen3-32B,baseline,93,True,59.688339710235596,6,1,"[[1], [1], [1], [1], [1, 2], [1], [1]]"
2026-01-16,Qwen/Qwen3-32B,baseline,94,False,141.3482677936554,19,2,"[[1], [1], [1], [1], [1], [1], [1], [1], [1, 2], [1], [1], [1], [1], [1], [1], [1], [1], [1], [1], [1, 2]]"
2026-01-16,Qwen/Qwen3-32B,baseline,96,True,81.00093054771423,8,1,"[[1], [1], [1], [1], [1], [1], [1], [1], [1]]"
2026-01-16,Qwen/Qwen3-32B,baseline,97,True,45.576929569244385,6,2,"[[1], [1], [1, 2], [1], [1], [1], [1, 2]]"
2026-01-16,Qwen/Qwen3-32B,baseline,98,True,150.3643126487732,18,1,"[[1], [1], [1], [1], [1, 2, 3], [1], [1], [1], [1], [1], [1], [1, 2], [1, 2], [1, 2], [1], [1], [1], [1], [1]]"
2026-01-16,Qwen/Qwen3-32B,baseline,99,False,233.84839391708374,19,1,"[[1], [1], [1, 2], [1, 2], [1], [1], [1, 2, 3], [1, 2], [1], [1], [1], [1], [1], [1], [1], [1], [1], [1], [1, 2], [1]]"
2026-01-16,Qwen/Qwen3-32B,baseline,100,True,4.8498852252960205,1,1,"[[1], [1]]"
2026-01-16,Qwen/Qwen3-32B,baseline,101,True,142.27892804145813,11,1,"[[1], [1], [1, 2], [1], [1], [1], [1], [1], [1], [1], [1], [1]]"
2026-01-16,Qwen/Qwen3-32B,baseline,102,True,73.40687775611877,7,1,"[[1], [1], [1, 2], [1], [1], [1, 2], [1], [1]]"
2026-01-16,Qwen/Qwen3-32B,baseline,103,True,74.9328784942627,7,1,"[[1], [1], [1, 2], [1], [1, 2], [1, 2, 3], [1], [1]]"
2026-01-16,Qwen/Qwen3-32B,baseline,104,True,52.61474061012268,11,1,"[[1], [1], [1], [1], [1], [1], [1], [1], [1], [1], [1], [1]]"
2026-01-16,Qwen/Qwen3-32B,baseline,105,False,239.3386800289154,15,5,"[[1], [1], [1, 2], [1], [1], [1], [1, 2], [1], [1, 2, 3], [1], [1], [1], [1], [1, 2, 3], [1], [1, 2, 3, 4, 5]]"
2026-01-16,Qwen/Qwen3-32B,baseline,106,False,209.9221761226654,19,1,"[[1], [1], [1], [1, 2], [1], [1], [1, 2], [1], [1], [1], [1], [1], [1], [1], [1, 2], [1], [1], [1, 2, 3], [1], [1]]"
