2026-01-02,gpt-4.1,PDDL_Unit_action,0,False,744.6410777568817,10,"[1, 5]","[[[1, 0]], [[1, 0]], [[1, 0]], [[1, 0]], [[1, 0]], [[1, 0], [2, 0]], [[1, 0]], [[1, 0]], [[1, 0]], [[1, 0]], [[1, 5]]]"
2026-01-02,gpt-4.1,PDDL_Unit_action,1,False,181.37644147872925,6,"[5, 5]","[[[1, 0]], [[1, 1], [2, 0], [3, 0], [4, 0], [5, 0]], [[1, 1]], [[1, 0]], [[1, 0]], [[1, 0]], [[1, 0], [2, 0], [3, 1], [4, 0], [5, 5]]]"
2026-01-02,gpt-4.1,PDDL_Unit_action,2,False,748.553288936615,6,"[5, 1]","[[[1, 0], [2, 0]], [[1, 0]], [[1, 1], [2, 0]], [[1, 2]], [[1, 0], [2, 0], [3, 0]], [[1, 1]], [[1, 2], [2, 1], [3, 0], [4, 4], [5, 1]]]"
2026-01-02,gpt-4.1,PDDL_Unit_action,4,False,101.32375478744507,7,"[1, 5]","[[[1, 0]], [[1, 0]], [[1, 0]], [[1, 0], [2, 0]], [[1, 0], [2, 0]], [[1, 0], [2, 2]], [[1, 0], [2, 1]], [[1, 5]]]"
2026-01-02,gpt-4.1,PDDL_Unit_action,5,True,614.1138458251953,1,"[1, 0]","[[[1, 0]], [[1, 0]]]"
2026-01-02,gpt-4.1,PDDL_Unit_action,6,False,178.10803079605103,19,"[1, 5]","[[[1, 0]], [[1, 0]], [[1, 0]], [[1, 0]], [[1, 0]], [[1, 0]], [[1, 0]], [[1, 0], [2, 0], [3, 0]], [[1, 0]], [[1, 0]], [[1, 1]], [[1, 0]], [[1, 0]], [[1, 0]], [[1, 0]], [[1, 0]], [[1, 0]], [[1, 0]], [[1, 0]], [[1, 5]]]"
2026-01-02,gpt-4.1,PDDL_Unit_action,7,True,9.37479305267334,0,"[1, 0]","[[[1, 0]]]"
2026-01-02,gpt-4.1,PDDL_Unit_action,8,True,737.0321502685547,9,"[2, 0]","[[[1, 1]], [[1, 0]], [[1, 0]], [[1, 0]], [[1, 0]], [[1, 0], [2, 0]], [[1, 1]], [[1, 3]], [[1, 0]], [[1, 0], [2, 0]]]"
2026-01-02,gpt-4.1,PDDL_Unit_action,10,False,110.31544470787048,6,"[2, 5]","[[[1, 1]], [[1, 0]], [[1, 0]], [[1, 0], [2, 0], [3, 0]], [[1, 0]], [[1, 0]], [[1, 2], [2, 5]]]"
2026-01-02,gpt-4.1,PDDL_Unit_action,11,False,93.54878783226013,5,"[5, 0]","[[[1, 1]], [[1, 0], [2, 0]], [[1, 0], [2, 0], [3, 0]], [[1, 0], [2, 0], [3, 0], [4, 1]], [[1, 0]], [[1, 1], [2, 0], [3, 0], [4, 0], [5, 0]]]"
2026-01-02,gpt-4.1,PDDL_Unit_action,12,True,9.214749574661255,1,"[1, 0]","[[[1, 0]], [[1, 0]]]"
2026-01-02,gpt-4.1,PDDL_Unit_action,14,False,90.46981310844421,3,"[5, 5]","[[[1, 0]], [[1, 0]], [[1, 2]], [[1, 2], [2, 1], [3, 1], [4, 2], [5, 5]]]"
2026-01-02,gpt-4.1,PDDL_Unit_action,15,False,632.5766160488129,0,"[5, 0]","[[[1, 1], [2, 0], [3, 0], [4, 0], [5, 0]]]"
2026-01-02,gpt-4.1,PDDL_Unit_action,16,True,628.1370012760162,2,"[1, 0]","[[[1, 1]], [[1, 0]], [[1, 0]]]"
2026-01-02,gpt-4.1,PDDL_Unit_action,17,True,10.98017168045044,0,"[1, 1]","[[[1, 1]]]"
2026-01-02,gpt-4.1,PDDL_Unit_action,18,False,38.33312630653381,2,"[5, 0]","[[[1, 0], [2, 0]], [[1, 0]], [[1, 0], [2, 0], [3, 0], [4, 0], [5, 0]]]"
2026-01-02,gpt-4.1,PDDL_Unit_action,19,False,126.57726526260376,19,"[1, 0]","[[[1, 1]], [[1, 0]], [[1, 0]], [[1, 0]], [[1, 0]], [[1, 0]], [[1, 1]], [[1, 0]], [[1, 0]], [[1, 0]], [[1, 0]], [[1, 0]], [[1, 0]], [[1, 0]], [[1, 0]], [[1, 0]], [[1, 0]], [[1, 0]], [[1, 0]], [[1, 0]]]"
2026-01-02,gpt-4.1,PDDL_Unit_action,20,True,7.567661762237549,0,"[1, 0]","[[[1, 0]]]"
2026-01-02,gpt-4.1,PDDL_Unit_action,21,True,33.92361259460449,2,"[2, 0]","[[[1, 1]], [[1, 0]], [[1, 0], [2, 0]]]"
2026-01-02,gpt-4.1,PDDL_Unit_action,22,False,720.9359273910522,6,"[4, 5]","[[[1, 1]], [[1, 0]], [[1, 0]], [[1, 1]], [[1, 0]], [[1, 0], [2, 0]], [[1, 3], [2, 0], [3, 0], [4, 5]]]"
2026-01-02,gpt-4.1,PDDL_Unit_action,23,False,33.520057916641235,2,"[5, 0]","[[[1, 0]], [[1, 0]], [[1, 0], [2, 0], [3, 0], [4, 0], [5, 0]]]"
2026-01-02,gpt-4.1,PDDL_Unit_action,24,True,11.84704852104187,1,"[1, 0]","[[[1, 0], [2, 0]], [[1, 0]]]"
2026-01-02,gpt-4.1,PDDL_Unit_action,26,True,42.59738206863403,6,"[1, 0]","[[[1, 0]], [[1, 0]], [[1, 0]], [[1, 0]], [[1, 0]], [[1, 0]], [[1, 0]]]"
2026-01-02,gpt-4.1,PDDL_Unit_action,27,True,85.73850440979004,5,"[1, 1]","[[[1, 0]], [[1, 4]], [[1, 1], [2, 0]], [[1, 0], [2, 0], [3, 1]], [[1, 0]], [[1, 1]]]"
2026-01-02,gpt-4.1,PDDL_Unit_action,28,True,12.778356790542603,2,"[1, 0]","[[[1, 0]], [[1, 0]], [[1, 0]]]"
2026-01-02,gpt-4.1,PDDL_Unit_action,29,False,31.387929677963257,2,"[5, 0]","[[[1, 0]], [[1, 0]], [[1, 0], [2, 0], [3, 0], [4, 0], [5, 0]]]"
2026-01-02,gpt-4.1,PDDL_Unit_action,30,False,846.0116024017334,16,"[4, 5]","[[[1, 0]], [[1, 0]], [[1, 1]], [[1, 1]], [[1, 1], [2, 0], [3, 0]], [[1, 0], [2, 0]], [[1, 0]], [[1, 0], [2, 1], [3, 0]], [[1, 0], [2, 1]], [[1, 0], [2, 1]], [[1, 0]], [[1, 0], [2, 1]], [[1, 0]], [[1, 0], [2, 1], [3, 1]], [[1, 0]], [[1, 0]], [[1, 0], [2, 1], [3, 2], [4, 5]]]"
2026-01-02,gpt-4.1,PDDL_Unit_action,31,True,100.75814032554626,8,"[1, 0]","[[[1, 0], [2, 0]], [[1, 1], [2, 0]], [[1, 0]], [[1, 0]], [[1, 0], [2, 1]], [[1, 3], [2, 0], [3, 0]], [[1, 1], [2, 1]], [[1, 0]], [[1, 0]]]"
2026-01-02,gpt-4.1,PDDL_Unit_action,32,False,49.41284489631653,3,"[5, 0]","[[[1, 0]], [[1, 0]], [[1, 0]], [[1, 2], [2, 1], [3, 0], [4, 0], [5, 0]]]"
2026-01-02,gpt-4.1,PDDL_Unit_action,33,True,130.44727683067322,16,"[1, 0]","[[[1, 1]], [[1, 0]], [[1, 0]], [[1, 0]], [[1, 1]], [[1, 0]], [[1, 1]], [[1, 0]], [[1, 0]], [[1, 0], [2, 0], [3, 0]], [[1, 0]], [[1, 0]], [[1, 0]], [[1, 0]], [[1, 0]], [[1, 0]], [[1, 0]]]"
2026-01-02,gpt-4.1,PDDL_Unit_action,34,True,9.931371927261353,1,"[1, 0]","[[[1, 0]], [[1, 0]]]"
2026-01-02,gpt-4.1,PDDL_Unit_action,35,True,19.97097158432007,3,"[1, 0]","[[[1, 1]], [[1, 0]], [[1, 0]], [[1, 0]]]"
2026-01-02,gpt-4.1,PDDL_Unit_action,36,True,18.721601963043213,1,"[2, 1]","[[[1, 0]], [[1, 0], [2, 1]]]"
2026-01-02,gpt-4.1,PDDL_Unit_action,37,False,85.92736458778381,5,"[5, 0]","[[[1, 0], [2, 0]], [[1, 0]], [[1, 2]], [[1, 0]], [[1, 0]], [[1, 2], [2, 0], [3, 1], [4, 0], [5, 0]]]"
2026-01-02,gpt-4.1,PDDL_Unit_action,38,True,37.27384352684021,4,"[3, 0]","[[[1, 0]], [[1, 0]], [[1, 0]], [[1, 0], [2, 0]], [[1, 0], [2, 0], [3, 0]]]"
2026-01-02,gpt-4.1,PDDL_Unit_action,39,False,36.44286775588989,2,"[5, 0]","[[[1, 0]], [[1, 0]], [[1, 0], [2, 0], [3, 0], [4, 0], [5, 0]]]"
2026-01-02,gpt-4.1,PDDL_Unit_action,40,True,28.58139657974243,1,"[1, 3]","[[[1, 1], [2, 1]], [[1, 3]]]"
2026-01-02,gpt-4.1,PDDL_Unit_action,41,False,64.45979809761047,3,"[5, 0]","[[[1, 0], [2, 0]], [[1, 0]], [[1, 0]], [[1, 3], [2, 1], [3, 1], [4, 1], [5, 0]]]"
2026-01-02,gpt-4.1,PDDL_Unit_action,42,True,9.581181526184082,1,"[1, 0]","[[[1, 0]], [[1, 0]]]"
2026-01-02,gpt-4.1,PDDL_Unit_action,43,True,616.9566705226898,1,"[1, 1]","[[[1, 0]], [[1, 1]]]"
2026-01-02,gpt-4.1,PDDL_Unit_action,44,False,56.511969804763794,6,"[5, 0]","[[[1, 0]], [[1, 0]], [[1, 0]], [[1, 0]], [[1, 0]], [[1, 0]], [[1, 0], [2, 0], [3, 1], [4, 0], [5, 0]]]"
2026-01-02,gpt-4.1,PDDL_Unit_action,45,True,48.3774790763855,5,"[1, 0]","[[[1, 0]], [[1, 0]], [[1, 0], [2, 0], [3, 0], [4, 0], [5, 0]], [[1, 0]], [[1, 0]], [[1, 0]]]"
2026-01-02,gpt-4.1,PDDL_Unit_action,46,True,4.070628643035889,0,"[1, 0]","[[[1, 0]]]"
2026-01-02,gpt-4.1,PDDL_Unit_action,47,True,58.64451742172241,5,"[1, 0]","[[[1, 0], [2, 0]], [[1, 0]], [[1, 0], [2, 0], [3, 0], [4, 0]], [[1, 0]], [[1, 0]], [[1, 0]]]"
2026-01-02,gpt-4.1,PDDL_Unit_action,48,False,729.6981296539307,10,"[1, 5]","[[[1, 0], [2, 0]], [[1, 0]], [[1, 0]], [[1, 1]], [[1, 2], [2, 1]], [[1, 0], [2, 1], [3, 2]], [[1, 0]], [[1, 1], [2, 0]], [[1, 3], [2, 0], [3, 1]], [[1, 2]], [[1, 5]]]"
2026-01-02,gpt-4.1,PDDL_Unit_action,49,True,14.485944271087646,2,"[1, 0]","[[[1, 0]], [[1, 0]], [[1, 0]]]"
2026-01-02,gpt-4.1,PDDL_Unit_action,50,True,75.96161580085754,6,"[1, 3]","[[[1, 0]], [[1, 0]], [[1, 0]], [[1, 0], [2, 0]], [[1, 0], [2, 3]], [[1, 0], [2, 0], [3, 0]], [[1, 3]]]"
2026-01-02,gpt-4.1,PDDL_Unit_action,51,True,7.4590678215026855,0,"[1, 1]","[[[1, 1]]]"
2026-01-02,gpt-4.1,PDDL_Unit_action,52,True,96.43033266067505,6,"[1, 0]","[[[1, 0]], [[1, 0], [2, 0]], [[1, 4]], [[1, 0]], [[1, 1]], [[1, 2], [2, 0], [3, 2]], [[1, 0]]]"
2026-01-02,gpt-4.1,PDDL_Unit_action,53,True,68.41058897972107,5,"[5, 0]","[[[1, 0]], [[1, 0]], [[1, 0]], [[1, 0]], [[1, 2]], [[1, 0], [2, 0], [3, 0], [4, 0], [5, 0]]]"
2026-01-02,gpt-4.1,PDDL_Unit_action,54,True,22.97347354888916,2,"[1, 0]","[[[1, 0], [2, 0]], [[1, 0]], [[1, 0]]]"
2026-01-02,gpt-4.1,PDDL_Unit_action,55,False,170.3179543018341,11,"[5, 5]","[[[1, 0]], [[1, 1]], [[1, 0]], [[1, 0]], [[1, 0]], [[1, 1]], [[1, 0]], [[1, 0], [2, 0]], [[1, 0], [2, 0]], [[1, 0], [2, 0], [3, 0]], [[1, 0]], [[1, 2], [2, 2], [3, 0], [4, 0], [5, 5]]]"
2026-01-02,gpt-4.1,PDDL_Unit_action,56,False,71.41387796401978,2,"[4, 5]","[[[1, 0], [2, 0]], [[1, 0]], [[1, 3], [2, 0], [3, 0], [4, 5]]]"
2026-01-02,gpt-4.1,PDDL_Unit_action,57,True,48.6165714263916,4,"[2, 0]","[[[1, 0]], [[1, 0]], [[1, 1]], [[1, 0]], [[1, 0], [2, 0]]]"
2026-01-02,gpt-4.1,PDDL_Unit_action,58,True,8.229797601699829,0,"[2, 0]","[[[1, 0], [2, 0]]]"
2026-01-02,gpt-4.1,PDDL_Unit_action,59,False,708.0035457611084,4,"[5, 1]","[[[1, 0]], [[1, 0]], [[1, 3], [2, 0], [3, 0], [4, 3]], [[1, 2]], [[1, 4], [2, 0], [3, 0], [4, 0], [5, 1]]]"
2026-01-02,gpt-4.1,PDDL_Unit_action,60,False,56.09362864494324,5,"[1, 5]","[[[1, 0]], [[1, 0]], [[1, 0]], [[1, 0]], [[1, 0]], [[1, 5]]]"
2026-01-02,gpt-4.1,PDDL_Unit_action,61,False,727.7944757938385,6,"[5, 0]","[[[1, 1]], [[1, 0]], [[1, 0]], [[1, 1], [2, 2], [3, 0], [4, 0]], [[1, 0], [2, 0]], [[1, 2], [2, 0]], [[1, 0], [2, 0], [3, 0], [4, 2], [5, 0]]]"
2026-01-02,gpt-4.1,PDDL_Unit_action,62,False,142.24330163002014,8,"[5, 5]","[[[1, 0]], [[1, 0]], [[1, 0]], [[1, 0]], [[1, 0]], [[1, 0], [2, 0], [3, 0]], [[1, 0]], [[1, 0], [2, 0], [3, 0]], [[1, 0], [2, 2], [3, 3], [4, 0], [5, 5]]]"
2026-01-02,gpt-4.1,PDDL_Unit_action,63,True,16.421692848205566,2,"[1, 0]","[[[1, 0]], [[1, 0]], [[1, 0]]]"
2026-01-02,gpt-4.1,PDDL_Unit_action,64,True,1337.7949576377869,14,"[1, 0]","[[[1, 0]], [[1, 0]], [[1, 0]], [[1, 3]], [[1, 2]], [[1, 0]], [[1, 0]], [[1, 0]], [[1, 1]], [[1, 0]], [[1, 0]], [[1, 0]], [[1, 0]], [[1, 0]], [[1, 0]]]"
2026-01-02,gpt-4.1,PDDL_Unit_action,65,True,7.468792200088501,0,"[1, 0]","[[[1, 0]]]"
2026-01-02,gpt-4.1,PDDL_Unit_action,66,False,87.44318389892578,2,"[2, 5]","[[[1, 0], [2, 0], [3, 1]], [[1, 3]], [[1, 3], [2, 5]]]"
2026-01-02,gpt-4.1,PDDL_Unit_action,67,False,91.71128964424133,8,"[5, 1]","[[[1, 1]], [[1, 1]], [[1, 1]], [[1, 1]], [[1, 1]], [[1, 0]], [[1, 0]], [[1, 0]], [[1, 0], [2, 0], [3, 0], [4, 0], [5, 1]]]"
2026-01-02,gpt-4.1,PDDL_Unit_action,68,True,51.78585624694824,6,"[1, 0]","[[[1, 1]], [[1, 1]], [[1, 0]], [[1, 0]], [[1, 1]], [[1, 0]], [[1, 0]]]"
2026-01-02,gpt-4.1,PDDL_Unit_action,70,True,5.872267484664917,0,"[1, 0]","[[[1, 0]]]"
2026-01-02,gpt-4.1,PDDL_Unit_action,71,False,101.59836626052856,8,"[4, 5]","[[[1, 0]], [[1, 0]], [[1, 0]], [[1, 0]], [[1, 0]], [[1, 0]], [[1, 0]], [[1, 0]], [[1, 1], [2, 0], [3, 0], [4, 5]]]"
2026-01-02,gpt-4.1,PDDL_Unit_action,72,True,180.87943959236145,18,"[1, 0]","[[[1, 0], [2, 0], [3, 0]], [[1, 1]], [[1, 1], [2, 0]], [[1, 1], [2, 0], [3, 0], [4, 1], [5, 0]], [[1, 0]], [[1, 1], [2, 0], [3, 1]], [[1, 0]], [[1, 3], [2, 0], [3, 0]], [[1, 0]], [[1, 1], [2, 0]], [[1, 0], [2, 0], [3, 0], [4, 0]], [[1, 4]], [[1, 1]], [[1, 0]], [[1, 0]], [[1, 0]], [[1, 0]], [[1, 0]], [[1, 0]]]"
2026-01-02,gpt-4.1,PDDL_Unit_action,73,False,394.24815106391907,19,"[1, 0]","[[[1, 0], [2, 0], [3, 0]], [[1, 0]], [[1, 1], [2, 1]], [[1, 0]], [[1, 1], [2, 0], [3, 4], [4, 2]], [[1, 0]], [[1, 2], [2, 0], [3, 3]], [[1, 0], [2, 1]], [[1, 0]], [[1, 2], [2, 0], [3, 2]], [[1, 0]], [[1, 2], [2, 0], [3, 0]], [[1, 0]], [[1, 3], [2, 0], [3, 0], [4, 5]], [[1, 0]], [[1, 2], [2, 0], [3, 5], [4, 1]], [[1, 1], [2, 3]], [[1, 0]], [[1, 1], [2, 1], [3, 0], [4, 0], [5, 2]], [[1, 0]]]"
2026-01-02,gpt-4.1,PDDL_Unit_action,74,True,7.997830390930176,0,"[2, 0]","[[[1, 0], [2, 0]]]"
2026-01-02,gpt-4.1,PDDL_Unit_action,75,False,75.69322562217712,4,"[5, 5]","[[[1, 0]], [[1, 0]], [[1, 0]], [[1, 0]], [[1, 1], [2, 0], [3, 0], [4, 0], [5, 5]]]"
2026-01-02,gpt-4.1,PDDL_Unit_action,76,True,74.5906674861908,5,"[3, 1]","[[[1, 0]], [[1, 0], [2, 0]], [[1, 0]], [[1, 0]], [[1, 0]], [[1, 0], [2, 2], [3, 1]]]"
2026-01-02,gpt-4.1,PDDL_Unit_action,77,True,35.161884784698486,3,"[1, 0]","[[[1, 0]], [[1, 0]], [[1, 1], [2, 2]], [[1, 0]]]"
2026-01-02,gpt-4.1,PDDL_Unit_action,78,False,134.96570205688477,9,"[2, 5]","[[[1, 1]], [[1, 0]], [[1, 0], [2, 0], [3, 0], [4, 0]], [[1, 0], [2, 0]], [[1, 0]], [[1, 0], [2, 0]], [[1, 1]], [[1, 3]], [[1, 0]], [[1, 0], [2, 5]]]"
2026-01-02,gpt-4.1,PDDL_Unit_action,79,False,63.133851051330566,6,"[1, 5]","[[[1, 1]], [[1, 0]], [[1, 0]], [[1, 0]], [[1, 0]], [[1, 0]], [[1, 5]]]"
2026-01-02,gpt-4.1,PDDL_Unit_action,80,True,48.54791569709778,6,"[1, 0]","[[[1, 1]], [[1, 0]], [[1, 0]], [[1, 0]], [[1, 0]], [[1, 0]], [[1, 0]]]"
2026-01-02,gpt-4.1,PDDL_Unit_action,81,True,34.67216229438782,3,"[1, 1]","[[[1, 0]], [[1, 0]], [[1, 0]], [[1, 1]]]"
2026-01-02,gpt-4.1,PDDL_Unit_action,82,True,53.58154249191284,4,"[1, 0]","[[[1, 0]], [[1, 1]], [[1, 0]], [[1, 1]], [[1, 0]]]"
2026-01-02,gpt-4.1,PDDL_Unit_action,83,False,94.64930534362793,4,"[5, 5]","[[[1, 0]], [[1, 0]], [[1, 1], [2, 0], [3, 0], [4, 0]], [[1, 0]], [[1, 1], [2, 0], [3, 0], [4, 0], [5, 5]]]"
2026-01-02,gpt-4.1,PDDL_Unit_action,84,False,60.27236795425415,4,"[1, 5]","[[[1, 0], [2, 0]], [[1, 0]], [[1, 1]], [[1, 2]], [[1, 5]]]"
2026-01-02,gpt-4.1,PDDL_Unit_action,85,True,23.671287775039673,1,"[2, 0]","[[[1, 1]], [[1, 1], [2, 0]]]"
2026-01-02,gpt-4.1,PDDL_Unit_action,86,True,76.62627387046814,8,"[3, 0]","[[[1, 0]], [[1, 0]], [[1, 0]], [[1, 0]], [[1, 0]], [[1, 0]], [[1, 1]], [[1, 0]], [[1, 1], [2, 0], [3, 0]]]"
2026-01-02,gpt-4.1,PDDL_Unit_action,87,True,26.827345371246338,1,"[1, 1]","[[[1, 0], [2, 0]], [[1, 1]]]"
2026-01-02,gpt-4.1,PDDL_Unit_action,88,True,42.96241879463196,4,"[1, 1]","[[[1, 0]], [[1, 0]], [[1, 0]], [[1, 0]], [[1, 1]]]"
2026-01-02,gpt-4.1,PDDL_Unit_action,90,True,13.736157894134521,1,"[1, 0]","[[[1, 0]], [[1, 0]]]"
2026-01-02,gpt-4.1,PDDL_Unit_action,91,True,26.982956409454346,0,"[3, 0]","[[[1, 1], [2, 2], [3, 0]]]"
2026-01-02,gpt-4.1,PDDL_Unit_action,92,True,4.142158031463623,0,"[1, 0]","[[[1, 0]]]"
2026-01-02,gpt-4.1,PDDL_Unit_action,93,True,117.14113879203796,12,"[1, 1]","[[[1, 0]], [[1, 0]], [[1, 0]], [[1, 2]], [[1, 0]], [[1, 0]], [[1, 0]], [[1, 0]], [[1, 0]], [[1, 0], [2, 0], [3, 0]], [[1, 0]], [[1, 0]], [[1, 1]]]"
2026-01-02,gpt-4.1,PDDL_Unit_action,94,False,213.29102969169617,11,"[4, 5]","[[[1, 0]], [[1, 0], [2, 0]], [[1, 0]], [[1, 0]], [[1, 0], [2, 1], [3, 0]], [[1, 0], [2, 1]], [[1, 0]], [[1, 0], [2, 4]], [[1, 0]], [[1, 0], [2, 0], [3, 1]], [[1, 1], [2, 0]], [[1, 0], [2, 0], [3, 0], [4, 5]]]"
2026-01-02,gpt-4.1,PDDL_Unit_action,96,True,26.187732458114624,3,"[2, 0]","[[[1, 0]], [[1, 0]], [[1, 0]], [[1, 1], [2, 0]]]"
2026-01-02,gpt-4.1,PDDL_Unit_action,97,False,31.378610849380493,2,"[5, 0]","[[[1, 0]], [[1, 0]], [[1, 0], [2, 0], [3, 0], [4, 0], [5, 0]]]"
2026-01-02,gpt-4.1,PDDL_Unit_action,98,True,94.56841731071472,5,"[5, 1]","[[[1, 0], [2, 1]], [[1, 0]], [[1, 0]], [[1, 0], [2, 0], [3, 0]], [[1, 2]], [[1, 1], [2, 0], [3, 0], [4, 0], [5, 1]]]"
2026-01-02,gpt-4.1,PDDL_Unit_action,99,False,110.25330805778503,5,"[4, 5]","[[[1, 0]], [[1, 1]], [[1, 0]], [[1, 0]], [[1, 0], [2, 0], [3, 1]], [[1, 0], [2, 0], [3, 1], [4, 5]]]"
2026-01-02,gpt-4.1,PDDL_Unit_action,100,True,4.348024129867554,0,"[1, 0]","[[[1, 0]]]"
2026-01-02,gpt-4.1,PDDL_Unit_action,101,True,9.382736921310425,1,"[1, 0]","[[[1, 0]], [[1, 0]]]"
2026-01-02,gpt-4.1,PDDL_Unit_action,102,True,21.310026168823242,3,"[1, 0]","[[[1, 1]], [[1, 0]], [[1, 0]], [[1, 0]]]"
2026-01-02,gpt-4.1,PDDL_Unit_action,103,True,12.11126446723938,1,"[1, 0]","[[[1, 0]], [[1, 0]]]"
2026-01-02,gpt-4.1,PDDL_Unit_action,104,True,19.55002498626709,3,"[1, 0]","[[[1, 0]], [[1, 0]], [[1, 0]], [[1, 0]]]"
2026-01-02,gpt-4.1,PDDL_Unit_action,105,False,52.005147218704224,5,"[1, 5]","[[[1, 0]], [[1, 0]], [[1, 0]], [[1, 0]], [[1, 0]], [[1, 5]]]"
2026-01-02,gpt-4.1,PDDL_Unit_action,106,False,96.63150215148926,6,"[5, 5]","[[[1, 0]], [[1, 0]], [[1, 0]], [[1, 0]], [[1, 0]], [[1, 0]], [[1, 0], [2, 0], [3, 0], [4, 0], [5, 5]]]"
2026-01-02,gpt-4.1,PDDL,0,False,52.91497302055359,0,"[5, 1]","[[[1, 2], [2, 1], [3, 1], [4, 0], [5, 1]]]"
2026-01-02,gpt-4.1,PDDL,1,True,58.26454210281372,3,"[1, 0]","[[[1, 0]], [[1, 2]], [[1, 3]], [[1, 0]]]"
2026-01-02,gpt-4.1,PDDL,2,False,74.7568588256836,3,"[5, 1]","[[[1, 0], [2, 0]], [[1, 0]], [[1, 0], [2, 0], [3, 0]], [[1, 0], [2, 2], [3, 0], [4, 1], [5, 1]]]"
2026-01-02,gpt-4.1,PDDL,4,False,106.60076427459717,7,"[3, 5]","[[[1, 1], [2, 0]], [[1, 0], [2, 1], [3, 0]], [[1, 0]], [[1, 0], [2, 4]], [[1, 0]], [[1, 0], [2, 1]], [[1, 0]], [[1, 0], [2, 1], [3, 5]]]"
2026-01-02,gpt-4.1,PDDL,5,False,38.02409029006958,1,"[5, 0]","[[[1, 1]], [[1, 0], [2, 0], [3, 0], [4, 0], [5, 0]]]"
2026-01-02,gpt-4.1,PDDL,6,True,38.8373818397522,6,"[1, 0]","[[[1, 1]], [[1, 0]], [[1, 0]], [[1, 0]], [[1, 0]], [[1, 0]], [[1, 0]]]"
2026-01-02,gpt-4.1,PDDL,7,True,6.4195826053619385,0,"[1, 0]","[[[1, 0]]]"
2026-01-02,gpt-4.1,PDDL,8,False,94.0134048461914,6,"[3, 5]","[[[1, 2]], [[1, 0]], [[1, 0], [2, 1]], [[1, 0]], [[1, 0]], [[1, 0]], [[1, 0], [2, 1], [3, 5]]]"
2026-01-02,gpt-4.1,PDDL,10,False,107.88241910934448,13,"[1, 5]","[[[1, 1]], [[1, 0]], [[1, 0]], [[1, 0]], [[1, 0]], [[1, 0]], [[1, 0]], [[1, 0], [2, 0], [3, 0]], [[1, 0]], [[1, 0], [2, 0], [3, 0], [4, 0], [5, 0]], [[1, 0]], [[1, 0]], [[1, 0]], [[1, 5]]]"
2026-01-02,gpt-4.1,PDDL,11,True,10.283824443817139,1,"[1, 0]","[[[1, 0]], [[1, 0]]]"
2026-01-02,gpt-4.1,PDDL,12,True,50.37595057487488,4,"[1, 0]","[[[1, 0]], [[1, 0]], [[1, 1], [2, 0]], [[1, 2]], [[1, 0]]]"
2026-01-02,gpt-4.1,PDDL,14,False,63.85498785972595,1,"[5, 5]","[[[1, 0]], [[1, 1], [2, 0], [3, 0], [4, 0], [5, 5]]]"
2026-01-02,gpt-4.1,PDDL,15,True,35.109715938568115,5,"[1, 1]","[[[1, 0]], [[1, 0]], [[1, 0]], [[1, 0]], [[1, 0]], [[1, 1]]]"
2026-01-02,gpt-4.1,PDDL,16,True,21.31692409515381,2,"[1, 1]","[[[1, 0]], [[1, 0]], [[1, 1]]]"
2026-01-02,gpt-4.1,PDDL,17,True,49.43680119514465,6,"[1, 0]","[[[1, 1]], [[1, 0]], [[1, 0]], [[1, 0]], [[1, 0]], [[1, 1]], [[1, 0]]]"
2026-01-02,gpt-4.1,PDDL,18,False,72.58955597877502,4,"[5, 0]","[[[1, 1]], [[1, 1]], [[1, 0]], [[1, 0]], [[1, 0], [2, 1], [3, 0], [4, 0], [5, 0]]]"
2026-01-02,gpt-4.1,PDDL,19,True,71.30640149116516,6,"[1, 0]","[[[1, 0]], [[1, 0]], [[1, 0]], [[1, 0]], [[1, 0]], [[1, 0]], [[1, 0]]]"
2026-01-02,gpt-4.1,PDDL,20,True,19.806678295135498,0,"[2, 0]","[[[1, 1], [2, 0]]]"
2026-01-02,gpt-4.1,PDDL,21,False,62.04312443733215,2,"[1, 5]","[[[1, 0], [2, 0]], [[1, 0], [2, 0]], [[1, 5]]]"
2026-01-02,gpt-4.1,PDDL,22,True,39.060046672821045,3,"[1, 0]","[[[1, 2]], [[1, 1]], [[1, 0]], [[1, 0]]]"
2026-01-02,gpt-4.1,PDDL,23,True,15.734286069869995,2,"[1, 0]","[[[1, 0]], [[1, 0]], [[1, 0]]]"
2026-01-02,gpt-4.1,PDDL,24,True,21.668619632720947,1,"[1, 0]","[[[1, 1], [2, 0]], [[1, 0]]]"
2026-01-02,gpt-4.1,PDDL,26,True,9.604776620864868,1,"[1, 0]","[[[1, 0]], [[1, 0]]]"
2026-01-02,gpt-4.1,PDDL,27,False,32.13929009437561,0,"[5, 0]","[[[1, 2], [2, 0], [3, 0], [4, 1], [5, 0]]]"
2026-01-02,gpt-4.1,PDDL,28,True,9.771950006484985,1,"[1, 0]","[[[1, 0]], [[1, 0]]]"
2026-01-02,gpt-4.1,PDDL,29,False,66.40478301048279,3,"[5, 0]","[[[1, 0]], [[1, 0]], [[1, 0]], [[1, 0], [2, 0], [3, 0], [4, 0], [5, 0]]]"
2026-01-02,gpt-4.1,PDDL,30,False,79.01546454429626,10,"[1, 5]","[[[1, 0], [2, 0]], [[1, 0], [2, 0]], [[1, 0], [2, 0]], [[1, 0], [2, 0]], [[1, 0], [2, 0]], [[1, 0]], [[1, 0], [2, 0]], [[1, 0]], [[1, 0], [2, 0]], [[1, 0]], [[1, 5]]]"
2026-01-02,gpt-4.1,PDDL,31,False,69.58996605873108,3,"[2, 5]","[[[1, 3], [2, 0]], [[1, 0]], [[1, 0]], [[1, 2], [2, 5]]]"
2026-01-02,gpt-4.1,PDDL,32,True,16.925737142562866,2,"[1, 0]","[[[1, 0]], [[1, 0]], [[1, 0]]]"
2026-01-02,gpt-4.1,PDDL,33,False,76.90409970283508,6,"[5, 0]","[[[1, 0]], [[1, 0]], [[1, 0]], [[1, 0]], [[1, 0]], [[1, 0]], [[1, 1], [2, 0], [3, 1], [4, 0], [5, 0]]]"
2026-01-02,gpt-4.1,PDDL,34,True,23.950020790100098,3,"[1, 0]","[[[1, 0]], [[1, 0]], [[1, 0]], [[1, 0]]]"
2026-01-02,gpt-4.1,PDDL,35,True,17.492340087890625,2,"[1, 0]","[[[1, 0]], [[1, 0]], [[1, 0]]]"
2026-01-02,gpt-4.1,PDDL,36,False,38.34792470932007,0,"[5, 1]","[[[1, 1], [2, 0], [3, 0], [4, 0], [5, 1]]]"
2026-01-02,gpt-4.1,PDDL,37,True,91.1148898601532,5,"[3, 0]","[[[1, 0], [2, 0]], [[1, 0]], [[1, 0], [2, 0], [3, 0], [4, 0]], [[1, 0], [2, 1], [3, 0], [4, 0], [5, 0]], [[1, 0], [2, 0], [3, 0], [4, 0]], [[1, 0], [2, 0], [3, 0]]]"
2026-01-02,gpt-4.1,PDDL,38,False,143.36380863189697,9,"[5, 3]","[[[1, 2]], [[1, 0]], [[1, 0]], [[1, 0], [2, 0]], [[1, 0]], [[1, 0]], [[1, 0]], [[1, 1], [2, 0]], [[1, 3]], [[1, 1], [2, 0], [3, 0], [4, 2], [5, 3]]]"
2026-01-02,gpt-4.1,PDDL,39,True,36.17091703414917,3,"[1, 0]","[[[1, 0]], [[1, 0]], [[1, 0]], [[1, 0]]]"
2026-01-02,gpt-4.1,PDDL,40,False,55.6426727771759,0,"[5, 0]","[[[1, 1], [2, 1], [3, 1], [4, 0], [5, 0]]]"
2026-01-02,gpt-4.1,PDDL,41,False,62.2417778968811,1,"[4, 5]","[[[1, 1]], [[1, 0], [2, 0], [3, 0], [4, 5]]]"
2026-01-02,gpt-4.1,PDDL,42,True,10.220471858978271,0,"[1, 1]","[[[1, 1]]]"
2026-01-02,gpt-4.1,PDDL,43,True,117.74736070632935,14,"[1, 1]","[[[1, 1], [2, 0]], [[1, 0]], [[1, 1], [2, 1]], [[1, 0]], [[1, 0], [2, 0]], [[1, 0]], [[1, 1], [2, 0], [3, 0]], [[1, 0]], [[1, 0], [2, 0]], [[1, 0]], [[1, 0], [2, 0]], [[1, 0]], [[1, 0], [2, 0], [3, 1]], [[1, 0]], [[1, 1]]]"
2026-01-02,gpt-4.1,PDDL,44,True,46.26565432548523,6,"[1, 0]","[[[1, 1]], [[1, 0]], [[1, 0]], [[1, 0]], [[1, 0]], [[1, 0]], [[1, 0]]]"
2026-01-02,gpt-4.1,PDDL,45,False,54.56800556182861,1,"[1, 5]","[[[1, 0], [2, 0], [3, 3]], [[1, 5]]]"
2026-01-02,gpt-4.1,PDDL,46,True,108.98487067222595,6,"[3, 0]","[[[1, 0], [2, 0], [3, 0]], [[1, 0], [2, 0], [3, 2], [4, 1], [5, 0]], [[1, 0]], [[1, 0], [2, 0], [3, 1], [4, 2], [5, 1]], [[1, 0], [2, 0]], [[1, 0]], [[1, 0], [2, 0], [3, 0]]]"
2026-01-02,gpt-4.1,PDDL,47,True,38.50854969024658,6,"[1, 0]","[[[1, 0], [2, 0]], [[1, 0]], [[1, 0]], [[1, 0]], [[1, 0]], [[1, 0], [2, 0]], [[1, 0]]]"
2026-01-02,gpt-4.1,PDDL,48,False,68.05031299591064,5,"[5, 0]","[[[1, 0]], [[1, 0]], [[1, 0]], [[1, 0], [2, 0]], [[1, 1], [2, 0]], [[1, 0], [2, 0], [3, 0], [4, 0], [5, 0]]]"
2026-01-02,gpt-4.1,PDDL,49,True,31.035320281982422,2,"[1, 1]","[[[1, 0]], [[1, 0]], [[1, 1]]]"
2026-01-02,gpt-4.1,PDDL,50,False,115.51329469680786,7,"[1, 5]","[[[1, 0]], [[1, 0]], [[1, 0]], [[1, 1]], [[1, 0], [2, 0], [3, 0], [4, 0]], [[1, 1]], [[1, 0], [2, 0]], [[1, 5]]]"
2026-01-02,gpt-4.1,PDDL,51,True,12.14322566986084,0,"[1, 2]","[[[1, 2]]]"
2026-01-02,gpt-4.1,PDDL,52,True,34.640599489212036,2,"[1, 1]","[[[1, 1]], [[1, 0]], [[1, 1]]]"
2026-01-02,gpt-4.1,PDDL,53,True,37.87633299827576,5,"[1, 0]","[[[1, 1]], [[1, 1]], [[1, 0]], [[1, 0]], [[1, 1]], [[1, 0]]]"
2026-01-02,gpt-4.1,PDDL,54,False,102.06244206428528,8,"[2, 5]","[[[1, 0], [2, 0]], [[1, 0]], [[1, 0]], [[1, 0], [2, 0]], [[1, 2], [2, 0]], [[1, 0]], [[1, 0], [2, 1]], [[1, 0]], [[1, 5], [2, 5]]]"
2026-01-02,gpt-4.1,PDDL,55,True,34.512160539627075,4,"[1, 0]","[[[1, 1]], [[1, 0]], [[1, 0]], [[1, 0]], [[1, 0]]]"
2026-01-02,gpt-4.1,PDDL,56,False,59.967525482177734,3,"[5, 3]","[[[1, 0], [2, 0]], [[1, 0]], [[1, 1], [2, 0]], [[1, 0], [2, 0], [3, 0], [4, 0], [5, 3]]]"
2026-01-02,gpt-4.1,PDDL,57,True,114.02133703231812,10,"[1, 0]","[[[1, 0]], [[1, 0]], [[1, 0]], [[1, 0]], [[1, 1], [2, 0]], [[1, 0]], [[1, 0], [2, 0], [3, 0]], [[1, 0]], [[1, 1], [2, 0]], [[1, 0]], [[1, 0]]]"
2026-01-02,gpt-4.1,PDDL,58,False,57.29526901245117,2,"[3, 5]","[[[1, 0]], [[1, 0]], [[1, 0], [2, 0], [3, 5]]]"
2026-01-02,gpt-4.1,PDDL,59,True,52.68359684944153,3,"[1, 0]","[[[1, 0]], [[1, 0]], [[1, 0], [2, 0], [3, 1], [4, 2]], [[1, 0]]]"
2026-01-02,gpt-4.1,PDDL,60,True,65.78747057914734,7,"[1, 0]","[[[1, 1]], [[1, 0]], [[1, 0]], [[1, 0], [2, 0]], [[1, 1]], [[1, 1]], [[1, 0]], [[1, 0]]]"
2026-01-02,gpt-4.1,PDDL,61,True,74.40465140342712,7,"[1, 0]","[[[1, 1]], [[1, 0]], [[1, 0]], [[1, 0]], [[1, 1], [2, 0]], [[1, 0], [2, 2]], [[1, 1], [2, 0]], [[1, 0]]]"
2026-01-02,gpt-4.1,PDDL,62,False,101.8421049118042,7,"[4, 5]","[[[1, 0]], [[1, 0]], [[1, 0]], [[1, 1]], [[1, 0]], [[1, 0], [2, 0]], [[1, 0]], [[1, 1], [2, 0], [3, 0], [4, 5]]]"
2026-01-02,gpt-4.1,PDDL,63,True,21.696759462356567,2,"[1, 0]","[[[1, 0]], [[1, 0]], [[1, 0]]]"
2026-01-02,gpt-4.1,PDDL,64,True,59.26191687583923,3,"[1, 0]","[[[1, 2]], [[1, 0], [2, 0]], [[1, 0], [2, 0]], [[1, 0]]]"
2026-01-02,gpt-4.1,PDDL,65,True,11.339969396591187,0,"[1, 1]","[[[1, 1]]]"
2026-01-02,gpt-4.1,PDDL,66,True,30.72502589225769,2,"[1, 0]","[[[1, 2]], [[1, 1]], [[1, 0]]]"
2026-01-02,gpt-4.1,PDDL,67,False,48.37569999694824,2,"[5, 0]","[[[1, 1]], [[1, 0]], [[1, 0], [2, 1], [3, 0], [4, 1], [5, 0]]]"
2026-01-02,gpt-4.1,PDDL,68,False,35.72434711456299,2,"[1, 5]","[[[1, 0]], [[1, 0]], [[1, 5]]]"
2026-01-02,gpt-4.1,PDDL,70,True,22.778335571289062,3,"[1, 0]","[[[1, 0]], [[1, 0]], [[1, 0]], [[1, 0]]]"
2026-01-02,gpt-4.1,PDDL,71,True,63.22102761268616,9,"[1, 1]","[[[1, 0]], [[1, 0]], [[1, 0]], [[1, 0]], [[1, 0]], [[1, 0]], [[1, 0]], [[1, 0]], [[1, 0]], [[1, 1]]]"
2026-01-02,gpt-4.1,PDDL,72,False,57.39280033111572,2,"[5, 0]","[[[1, 0]], [[1, 0]], [[1, 0], [2, 0], [3, 5], [4, 0], [5, 0]]]"
2026-01-02,gpt-4.1,PDDL,73,False,67.47607254981995,5,"[1, 5]","[[[1, 1]], [[1, 0]], [[1, 0]], [[1, 0]], [[1, 1]], [[1, 5]]]"
2026-01-02,gpt-4.1,PDDL,74,False,65.52114033699036,4,"[2, 5]","[[[1, 0]], [[1, 2]], [[1, 2]], [[1, 0]], [[1, 0], [2, 5]]]"
2026-01-02,gpt-4.1,PDDL,75,True,50.10661959648132,5,"[3, 0]","[[[1, 0]], [[1, 0]], [[1, 1]], [[1, 0]], [[1, 0]], [[1, 1], [2, 0], [3, 0]]]"
2026-01-02,gpt-4.1,PDDL,76,True,25.10692811012268,2,"[2, 1]","[[[1, 0], [2, 0]], [[1, 0], [2, 0]], [[1, 0], [2, 1]]]"
2026-01-02,gpt-4.1,PDDL,77,True,44.27444648742676,6,"[1, 0]","[[[1, 1]], [[1, 0]], [[1, 0]], [[1, 0]], [[1, 0]], [[1, 0]], [[1, 0]]]"
2026-01-02,gpt-4.1,PDDL,78,False,68.72412133216858,4,"[1, 5]","[[[1, 1], [2, 0]], [[1, 1]], [[1, 1]], [[1, 0]], [[1, 5]]]"
2026-01-02,gpt-4.1,PDDL,79,False,61.85616374015808,5,"[2, 5]","[[[1, 0], [2, 0]], [[1, 0], [2, 0], [3, 0]], [[1, 0]], [[1, 0]], [[1, 0]], [[1, 0], [2, 5]]]"
2026-01-02,gpt-4.1,PDDL,80,True,15.881245374679565,0,"[3, 0]","[[[1, 1], [2, 0], [3, 0]]]"
2026-01-02,gpt-4.1,PDDL,81,False,53.264264822006226,3,"[5, 5]","[[[1, 0]], [[1, 0]], [[1, 0]], [[1, 1], [2, 0], [3, 0], [4, 0], [5, 5]]]"
2026-01-02,gpt-4.1,PDDL,82,False,70.9076235294342,5,"[2, 5]","[[[1, 0]], [[1, 0]], [[1, 0]], [[1, 0]], [[1, 1], [2, 1]], [[1, 1], [2, 5]]]"
2026-01-02,gpt-4.1,PDDL,83,True,10.815549373626709,0,"[1, 1]","[[[1, 1]]]"
2026-01-02,gpt-4.1,PDDL,84,True,19.849944829940796,0,"[1, 4]","[[[1, 4]]]"
2026-01-02,gpt-4.1,PDDL,85,True,60.519633293151855,5,"[1, 0]","[[[1, 0], [2, 0]], [[1, 0]], [[1, 1]], [[1, 1], [2, 0], [3, 0]], [[1, 0], [2, 1]], [[1, 0]]]"
2026-01-02,gpt-4.1,PDDL,86,True,25.178398370742798,4,"[1, 0]","[[[1, 0]], [[1, 0]], [[1, 1]], [[1, 0]], [[1, 0]]]"
2026-01-02,gpt-4.1,PDDL,87,False,129.88995480537415,4,"[5, 0]","[[[1, 0]], [[1, 1]], [[1, 1], [2, 0], [3, 0], [4, 0]], [[1, 5], [2, 0], [3, 0], [4, 0], [5, 0]], [[1, 0], [2, 0], [3, 0], [4, 0], [5, 0]]]"
2026-01-02,gpt-4.1,PDDL,88,True,37.17629075050354,3,"[1, 0]","[[[1, 1]], [[1, 1]], [[1, 0], [2, 0], [3, 0], [4, 0]], [[1, 0]]]"
2026-01-02,gpt-4.1,PDDL,90,True,9.57182002067566,1,"[1, 0]","[[[1, 0]], [[1, 0]]]"
2026-01-02,gpt-4.1,PDDL,91,False,71.74223589897156,2,"[1, 5]","[[[1, 0], [2, 2]], [[1, 3]], [[1, 5]]]"
2026-01-02,gpt-4.1,PDDL,92,True,54.17796993255615,7,"[1, 0]","[[[1, 1]], [[1, 0]], [[1, 0]], [[1, 1]], [[1, 1]], [[1, 0]], [[1, 0]], [[1, 0]]]"
2026-01-02,gpt-4.1,PDDL,93,True,36.03267955780029,4,"[1, 0]","[[[1, 0]], [[1, 0]], [[1, 0]], [[1, 1]], [[1, 0]]]"
2026-01-02,gpt-4.1,PDDL,94,True,98.93094682693481,9,"[1, 1]","[[[1, 0]], [[1, 0], [2, 0], [3, 0]], [[1, 0], [2, 0], [3, 2], [4, 1]], [[1, 0]], [[1, 0], [2, 0]], [[1, 1]], [[1, 0]], [[1, 0]], [[1, 1], [2, 0]], [[1, 1]]]"
2026-01-02,gpt-4.1,PDDL,96,False,44.70586943626404,3,"[5, 0]","[[[1, 1], [2, 1]], [[1, 0]], [[1, 0]], [[1, 0], [2, 0], [3, 0], [4, 0], [5, 0]]]"
2026-01-02,gpt-4.1,PDDL,97,False,34.03653526306152,1,"[1, 5]","[[[1, 2]], [[1, 5]]]"
2026-01-02,gpt-4.1,PDDL,98,False,60.16361117362976,0,"[3, 5]","[[[1, 4], [2, 0], [3, 5]]]"
2026-01-02,gpt-4.1,PDDL,99,True,107.59834218025208,13,"[1, 0]","[[[1, 0]], [[1, 1]], [[1, 0]], [[1, 1]], [[1, 0]], [[1, 0]], [[1, 0], [2, 0]], [[1, 1]], [[1, 0]], [[1, 1]], [[1, 1]], [[1, 0]], [[1, 0]], [[1, 0]]]"
2026-01-02,gpt-4.1,PDDL,100,True,6.897294521331787,0,"[1, 0]","[[[1, 0]]]"
2026-01-02,gpt-4.1,PDDL,101,True,11.386348247528076,1,"[1, 0]","[[[1, 0]], [[1, 0]]]"
2026-01-02,gpt-4.1,PDDL,102,True,11.973630428314209,2,"[1, 0]","[[[1, 0]], [[1, 0]], [[1, 0]]]"
2026-01-02,gpt-4.1,PDDL,103,False,54.341896772384644,1,"[5, 0]","[[[1, 1], [2, 0], [3, 0], [4, 0], [5, 3]], [[1, 1], [2, 0], [3, 0], [4, 0], [5, 0]]]"
2026-01-02,gpt-4.1,PDDL,104,False,68.45791864395142,4,"[5, 0]","[[[1, 0], [2, 0]], [[1, 0], [2, 0], [3, 4]], [[1, 0]], [[1, 1]], [[1, 0], [2, 0], [3, 0], [4, 0], [5, 0]]]"
2026-01-02,gpt-4.1,PDDL,105,False,72.76133036613464,2,"[5, 1]","[[[1, 0], [2, 0]], [[1, 0], [2, 4]], [[1, 0], [2, 0], [3, 5], [4, 0], [5, 1]]]"
2026-01-02,gpt-4.1,PDDL,106,False,110.91557097434998,7,"[4, 5]","[[[1, 0]], [[1, 0]], [[1, 1]], [[1, 1]], [[1, 0]], [[1, 0]], [[1, 1]], [[1, 0], [2, 0], [3, 0], [4, 5]]]"
2026-01-02,gpt-4.1,baseline,0,False,620.7722342014313,19,2,"[[1], [1], [1], [1], [1], [1], [1], [1], [1], [1], [1], [1], [1], [1, 2], [1], [1], [1], [1], [1], [1, 2]]"
2026-01-02,gpt-4.1,baseline,1,True,6.861844778060913,6,1,"[[1], [1], [1], [1, 2], [1], [1], [1]]"
2026-01-02,gpt-4.1,baseline,2,False,17.06290864944458,19,1,"[[1], [1], [1], [1], [1], [1], [1], [1], [1], [1], [1], [1], [1], [1], [1], [1, 2], [1], [1], [1, 2], [1]]"
2026-01-02,gpt-4.1,baseline,4,True,5.703601598739624,7,1,"[[1], [1], [1], [1], [1], [1], [1], [1]]"
2026-01-02,gpt-4.1,baseline,5,True,2.0446949005126953,2,1,"[[1], [1], [1]]"
2026-01-02,gpt-4.1,baseline,6,True,6.65966534614563,7,1,"[[1], [1], [1, 2], [1], [1], [1], [1], [1]]"
2026-01-02,gpt-4.1,baseline,7,True,16.440502405166626,16,1,"[[1], [1], [1], [1], [1], [1], [1], [1], [1, 2], [1], [1], [1], [1, 2], [1, 2], [1], [1], [1]]"
2026-01-02,gpt-4.1,baseline,8,False,17.62665581703186,19,1,"[[1], [1], [1], [1], [1], [1], [1, 2], [1], [1], [1], [1], [1], [1], [1, 2], [1, 2], [1], [1], [1], [1], [1]]"
2026-01-02,gpt-4.1,baseline,10,True,1.4024393558502197,1,1,"[[1], [1]]"
2026-01-02,gpt-4.1,baseline,11,True,1.2702946662902832,1,1,"[[1], [1]]"
2026-01-02,gpt-4.1,baseline,12,True,16.085105657577515,17,1,"[[1], [1], [1], [1], [1], [1], [1], [1], [1, 2], [1], [1], [1, 2], [1], [1], [1], [1], [1], [1]]"
2026-01-02,gpt-4.1,baseline,14,True,14.633906602859497,15,1,"[[1], [1], [1, 2], [1], [1], [1], [1], [1], [1], [1], [1], [1], [1], [1], [1], [1]]"
2026-01-02,gpt-4.1,baseline,15,True,6.494203805923462,6,1,"[[1], [1, 2], [1], [1], [1], [1], [1]]"
2026-01-02,gpt-4.1,baseline,16,True,8.303955793380737,8,1,"[[1], [1], [1, 2], [1], [1], [1], [1], [1], [1]]"
2026-01-02,gpt-4.1,baseline,17,False,22.104921102523804,19,1,"[[1], [1], [1, 2], [1], [1], [1], [1], [1], [1], [1], [1], [1], [1, 2], [1, 2, 3, 4], [1], [1, 2], [1], [1], [1, 2, 3], [1]]"
2026-01-02,gpt-4.1,baseline,18,False,18.243313789367676,19,2,"[[1], [1], [1], [1], [1], [1], [1], [1], [1], [1], [1], [1], [1], [1], [1], [1], [1], [1], [1], [1, 2]]"
2026-01-02,gpt-4.1,baseline,19,True,6.403958320617676,5,1,"[[1], [1], [1], [1], [1], [1]]"
2026-01-02,gpt-4.1,baseline,20,True,2.124370574951172,1,1,"[[1], [1]]"
2026-01-02,gpt-4.1,baseline,21,True,17.793562412261963,15,1,"[[1], [1], [1], [1], [1], [1], [1], [1], [1], [1], [1, 2], [1, 2], [1], [1], [1], [1]]"
2026-01-02,gpt-4.1,baseline,22,True,8.878074407577515,9,1,"[[1], [1], [1, 2], [1], [1], [1], [1], [1], [1], [1]]"
2026-01-02,gpt-4.1,baseline,23,False,21.32308053970337,19,1,"[[1], [1], [1, 2], [1], [1], [1], [1], [1], [1], [1], [1], [1, 2], [1], [1], [1], [1], [1], [1, 2], [1], [1]]"
2026-01-02,gpt-4.1,baseline,24,False,618.1553761959076,19,1,"[[1], [1], [1, 2], [1], [1], [1], [1], [1], [1], [1], [1], [1], [1], [1], [1], [1], [1], [1], [1], [1]]"
2026-01-02,gpt-4.1,baseline,26,True,2.6038548946380615,2,1,"[[1], [1], [1]]"
2026-01-02,gpt-4.1,baseline,27,True,8.182080507278442,7,1,"[[1], [1], [1, 2], [1], [1], [1, 2], [1], [1]]"
2026-01-02,gpt-4.1,baseline,28,True,6.961621522903442,8,1,"[[1], [1], [1, 2], [1], [1], [1], [1], [1], [1]]"
2026-01-02,gpt-4.1,baseline,29,True,15.920092344284058,14,1,"[[1], [1], [1, 2], [1], [1], [1], [1, 2], [1], [1], [1], [1, 2], [1, 2], [1], [1, 2], [1]]"
2026-01-02,gpt-4.1,baseline,30,False,18.650027990341187,19,1,"[[1], [1], [1, 2], [1], [1], [1], [1], [1], [1], [1], [1], [1], [1], [1], [1], [1], [1], [1, 2], [1, 2], [1]]"
2026-01-02,gpt-4.1,baseline,31,True,0.6443881988525391,0,1,[[1]]
2026-01-02,gpt-4.1,baseline,32,True,1.4630944728851318,1,1,"[[1], [1]]"
2026-01-02,gpt-4.1,baseline,33,True,8.902892351150513,9,1,"[[1], [1, 2], [1], [1], [1], [1], [1], [1], [1], [1]]"
2026-01-02,gpt-4.1,baseline,34,True,7.227816581726074,7,1,"[[1, 2], [1], [1], [1], [1], [1], [1], [1]]"
2026-01-02,gpt-4.1,baseline,35,True,613.8294551372528,12,1,"[[1], [1], [1, 2], [1], [1], [1], [1], [1], [1], [1], [1], [1], [1]]"
2026-01-02,gpt-4.1,baseline,36,True,3.2301247119903564,3,1,"[[1], [1], [1], [1]]"
2026-01-02,gpt-4.1,baseline,37,False,17.257756233215332,19,2,"[[1], [1], [1], [1, 2], [1], [1], [1], [1], [1, 2], [1], [1], [1], [1], [1], [1], [1], [1], [1], [1], [1, 2]]"
2026-01-02,gpt-4.1,baseline,38,True,12.566385984420776,13,1,"[[1], [1], [1], [1], [1], [1, 2], [1], [1, 2], [1], [1], [1], [1], [1], [1]]"
2026-01-02,gpt-4.1,baseline,39,False,16.38733220100403,19,1,"[[1], [1], [1, 2], [1], [1], [1], [1], [1], [1], [1], [1], [1], [1], [1], [1], [1], [1], [1], [1], [1]]"
2026-01-02,gpt-4.1,baseline,40,False,20.54711079597473,19,1,"[[1], [1], [1], [1], [1], [1], [1], [1], [1, 2, 3], [1], [1], [1], [1, 2], [1, 2], [1], [1], [1], [1], [1], [1]]"
2026-01-02,gpt-4.1,baseline,41,True,9.63875937461853,11,1,"[[1], [1], [1, 2], [1], [1], [1], [1], [1], [1], [1], [1], [1]]"
2026-01-02,gpt-4.1,baseline,42,True,13.382933855056763,15,1,"[[1], [1], [1, 2], [1], [1], [1], [1, 2], [1], [1], [1], [1], [1], [1], [1], [1], [1]]"
2026-01-02,gpt-4.1,baseline,43,True,3.7019124031066895,3,1,"[[1], [1], [1], [1]]"
2026-01-02,gpt-4.1,baseline,44,True,14.256895780563354,15,1,"[[1], [1], [1, 2], [1], [1], [1], [1], [1], [1], [1], [1], [1], [1], [1], [1, 2], [1]]"
2026-01-02,gpt-4.1,baseline,45,True,13.140124559402466,14,1,"[[1], [1], [1], [1], [1], [1], [1], [1], [1], [1], [1], [1, 2], [1], [1], [1]]"
2026-01-02,gpt-4.1,baseline,46,True,0.7686314582824707,0,1,[[1]]
2026-01-02,gpt-4.1,baseline,47,True,5.121053695678711,5,1,"[[1], [1], [1], [1], [1], [1]]"
2026-01-02,gpt-4.1,baseline,48,True,15.355304718017578,16,1,"[[1], [1], [1], [1], [1, 2], [1, 2], [1], [1], [1], [1], [1], [1], [1], [1], [1, 2], [1], [1]]"
2026-01-02,gpt-4.1,baseline,49,True,6.651023864746094,7,1,"[[1], [1], [1, 2], [1], [1], [1], [1], [1]]"
2026-01-02,gpt-4.1,baseline,50,False,17.9348304271698,19,1,"[[1], [1], [1], [1], [1], [1, 2], [1, 2], [1], [1], [1], [1], [1], [1], [1], [1], [1, 2], [1], [1], [1], [1]]"
2026-01-02,gpt-4.1,baseline,51,True,3.377061128616333,3,1,"[[1], [1], [1], [1]]"
2026-01-02,gpt-4.1,baseline,52,False,17.502020835876465,19,1,"[[1], [1], [1], [1], [1], [1, 2], [1, 2], [1], [1], [1], [1], [1], [1], [1], [1], [1], [1, 2], [1], [1], [1]]"
2026-01-02,gpt-4.1,baseline,53,False,21.061330318450928,19,1,"[[1], [1], [1, 2], [1], [1], [1], [1], [1], [1], [1], [1, 2], [1], [1], [1], [1], [1, 2], [1], [1], [1], [1]]"
2026-01-02,gpt-4.1,baseline,54,True,16.36519765853882,16,1,"[[1], [1], [1], [1], [1, 2], [1], [1], [1], [1], [1], [1], [1], [1, 2], [1, 2], [1], [1], [1]]"
2026-01-02,gpt-4.1,baseline,55,False,14.622637510299683,8,5,"[[1], [1], [1], [1], [1, 2], [1], [1], [1, 2, 3], [1, 2, 3, 4, 5]]"
2026-01-02,gpt-4.1,baseline,56,True,1.0780951976776123,0,1,[[1]]
2026-01-02,gpt-4.1,baseline,57,True,12.108866453170776,14,1,"[[1], [1], [1, 2], [1], [1], [1], [1], [1], [1], [1], [1], [1], [1], [1], [1]]"
2026-01-02,gpt-4.1,baseline,58,True,13.178406715393066,13,1,"[[1], [1], [1], [1], [1], [1], [1], [1], [1, 2], [1], [1], [1, 2], [1], [1]]"
2026-01-02,gpt-4.1,baseline,59,False,18.85452103614807,19,1,"[[1], [1], [1, 2], [1], [1], [1], [1, 2], [1], [1], [1], [1], [1], [1], [1], [1, 2], [1], [1], [1], [1], [1]]"
2026-01-02,gpt-4.1,baseline,60,True,19.79338574409485,18,1,"[[1], [1], [1, 2], [1], [1], [1], [1], [1], [1], [1, 2], [1], [1], [1], [1], [1], [1], [1], [1], [1]]"
2026-01-02,gpt-4.1,baseline,61,False,21.294474124908447,19,2,"[[1], [1], [1], [1], [1, 2], [1, 2], [1], [1], [1], [1], [1, 2], [1], [1], [1], [1], [1, 2], [1], [1], [1], [1, 2]]"
2026-01-02,gpt-4.1,baseline,62,True,14.529672622680664,16,1,"[[1], [1], [1, 2], [1], [1], [1], [1], [1], [1], [1], [1], [1], [1], [1], [1], [1], [1]]"
2026-01-02,gpt-4.1,baseline,63,True,6.740843057632446,8,1,"[[1], [1], [1], [1], [1], [1], [1], [1], [1]]"
2026-01-02,gpt-4.1,baseline,64,True,9.384296655654907,11,1,"[[1], [1], [1], [1], [1], [1], [1], [1], [1], [1], [1], [1]]"
2026-01-02,gpt-4.1,baseline,65,True,1.4802613258361816,1,1,"[[1], [1]]"
2026-01-02,gpt-4.1,baseline,66,True,21.168822288513184,19,1,"[[1], [1], [1], [1, 2, 3], [1], [1], [1], [1, 2], [1, 2], [1], [1], [1], [1], [1, 2], [1], [1, 2], [1], [1], [1], [1]]"
2026-01-02,gpt-4.1,baseline,67,False,17.238624095916748,19,1,"[[1], [1], [1, 2], [1], [1], [1], [1], [1], [1, 2], [1], [1], [1], [1], [1], [1], [1, 2], [1], [1], [1], [1]]"
2026-01-02,gpt-4.1,baseline,68,True,16.248868703842163,18,1,"[[1], [1], [1], [1], [1], [1, 2], [1, 2], [1], [1], [1], [1], [1], [1], [1], [1, 2], [1], [1], [1], [1]]"
2026-01-02,gpt-4.1,baseline,70,True,3.3534531593322754,1,1,"[[1], [1]]"
2026-01-02,gpt-4.1,baseline,71,True,610.7879559993744,9,1,"[[1], [1], [1, 2], [1], [1, 2], [1], [1], [1], [1], [1]]"
2026-01-02,gpt-4.1,baseline,72,True,17.08476734161377,18,1,"[[1], [1], [1], [1], [1], [1], [1], [1, 2], [1], [1], [1], [1, 2], [1], [1], [1], [1], [1], [1], [1]]"
2026-01-02,gpt-4.1,baseline,73,True,3.7798709869384766,4,1,"[[1], [1], [1], [1], [1]]"
2026-01-02,gpt-4.1,baseline,74,True,1.506934642791748,1,1,"[[1], [1]]"
2026-01-02,gpt-4.1,baseline,75,True,9.259433031082153,9,1,"[[1], [1], [1], [1], [1], [1, 2], [1], [1], [1, 2], [1]]"
2026-01-02,gpt-4.1,baseline,76,False,18.856364250183105,19,1,"[[1], [1], [1], [1], [1, 2], [1], [1], [1], [1], [1], [1], [1], [1], [1], [1, 2], [1, 2], [1], [1], [1], [1]]"
2026-01-02,gpt-4.1,baseline,77,True,17.123799800872803,18,1,"[[1], [1], [1], [1], [1], [1], [1], [1], [1, 2], [1, 2], [1], [1], [1], [1], [1], [1], [1, 2], [1], [1]]"
2026-01-02,gpt-4.1,baseline,78,True,6.619065284729004,7,1,"[[1], [1], [1], [1], [1], [1], [1], [1]]"
2026-01-02,gpt-4.1,baseline,79,False,17.146174430847168,19,1,"[[1], [1], [1], [1], [1], [1], [1], [1, 2], [1], [1], [1], [1], [1], [1], [1, 2], [1, 2], [1], [1], [1], [1]]"
2026-01-02,gpt-4.1,baseline,80,True,1.8598675727844238,1,1,"[[1], [1]]"
2026-01-02,gpt-4.1,baseline,81,True,9.765321493148804,12,1,"[[1], [1], [1], [1], [1], [1], [1, 2], [1], [1], [1], [1], [1], [1]]"
2026-01-02,gpt-4.1,baseline,82,True,11.936778783798218,14,1,"[[1], [1], [1], [1], [1], [1], [1], [1], [1], [1], [1], [1], [1], [1], [1]]"
2026-01-02,gpt-4.1,baseline,83,True,7.059648513793945,7,1,"[[1], [1], [1], [1], [1], [1, 2], [1], [1]]"
2026-01-02,gpt-4.1,baseline,84,True,0.6771121025085449,0,1,[[1]]
2026-01-02,gpt-4.1,baseline,85,True,2.0236761569976807,2,1,"[[1], [1], [1]]"
2026-01-02,gpt-4.1,baseline,86,True,14.055784702301025,17,1,"[[1], [1], [1, 2], [1], [1], [1], [1], [1], [1], [1], [1], [1], [1], [1, 2], [1], [1], [1], [1]]"
2026-01-02,gpt-4.1,baseline,87,True,7.104299545288086,8,1,"[[1], [1, 2], [1], [1], [1], [1], [1], [1], [1]]"
2026-01-02,gpt-4.1,baseline,88,True,10.730277299880981,11,1,"[[1], [1], [1, 2], [1], [1], [1], [1], [1], [1], [1], [1], [1]]"
2026-01-02,gpt-4.1,baseline,90,True,5.281262636184692,4,1,"[[1], [1], [1, 2], [1], [1]]"
2026-01-02,gpt-4.1,baseline,91,True,11.827501058578491,13,1,"[[1], [1], [1], [1], [1], [1], [1], [1], [1], [1], [1], [1, 2], [1], [1]]"
2026-01-02,gpt-4.1,baseline,92,True,1.517160177230835,1,1,"[[1], [1]]"
2026-01-02,gpt-4.1,baseline,93,True,8.153167247772217,9,1,"[[1], [1], [1, 2], [1], [1], [1], [1], [1], [1], [1]]"
2026-01-02,gpt-4.1,baseline,94,False,19.632431030273438,19,1,"[[1], [1], [1], [1], [1, 2], [1, 2], [1, 2], [1], [1], [1], [1], [1, 2], [1, 2], [1], [1], [1], [1], [1], [1, 2], [1]]"
2026-01-02,gpt-4.1,baseline,96,True,7.297112464904785,8,1,"[[1], [1], [1, 2], [1], [1], [1], [1], [1], [1]]"
2026-01-02,gpt-4.1,baseline,97,True,7.0317771434783936,7,1,"[[1], [1], [1, 2], [1], [1], [1], [1], [1]]"
2026-01-02,gpt-4.1,baseline,98,True,10.633378267288208,11,1,"[[1], [1], [1], [1, 2], [1], [1], [1], [1], [1], [1], [1], [1]]"
2026-01-02,gpt-4.1,baseline,99,True,10.170967102050781,13,1,"[[1], [1], [1], [1], [1], [1], [1], [1], [1], [1], [1], [1], [1], [1]]"
2026-01-02,gpt-4.1,baseline,100,True,1.9429383277893066,1,1,"[[1], [1]]"
2026-01-02,gpt-4.1,baseline,101,True,3.1002843379974365,4,1,"[[1], [1], [1], [1], [1]]"
2026-01-02,gpt-4.1,baseline,102,True,9.359535932540894,7,1,"[[1], [1], [1, 2], [1], [1], [1], [1], [1]]"
2026-01-02,gpt-4.1,baseline,103,False,19.807146310806274,19,1,"[[1], [1], [1, 2], [1], [1], [1], [1], [1], [1], [1], [1, 2], [1, 2], [1], [1], [1, 2], [1], [1], [1], [1], [1]]"
2026-01-02,gpt-4.1,baseline,104,False,16.278786659240723,19,2,"[[1], [1], [1, 2], [1], [1], [1], [1], [1], [1], [1], [1], [1], [1], [1], [1], [1], [1], [1], [1], [1, 2]]"
2026-01-02,gpt-4.1,baseline,105,False,18.950934648513794,19,2,"[[1], [1], [1], [1], [1], [1], [1], [1], [1], [1, 2], [1], [1], [1], [1], [1, 2], [1], [1], [1], [1], [1, 2]]"
2026-01-02,gpt-4.1,baseline,106,True,12.95185923576355,15,1,"[[1], [1], [1], [1], [1], [1], [1], [1], [1], [1], [1], [1], [1], [1], [1], [1]]"
2026-01-03,o3-mini,PDDL_Unit_action,0,True,1109.244873046875,8,"[1, 0]","[[[1, 0]], [[1, 0]], [[1, 0]], [[1, 0]], [[1, 0]], [[1, 0]], [[1, 0]], [[1, 0], [2, 0], [3, 0], [4, 1]], [[1, 0]]]"
2026-01-03,o3-mini,PDDL_Unit_action,1,True,595.630562543869,5,"[1, 0]","[[[1, 0]], [[1, 0], [2, 0]], [[1, 0]], [[1, 0]], [[1, 0]], [[1, 0]]]"
2026-01-03,o3-mini,PDDL_Unit_action,2,True,194.62822437286377,2,"[1, 0]","[[[1, 0]], [[1, 0]], [[1, 0]]]"
2026-01-03,o3-mini,PDDL_Unit_action,4,True,331.728319644928,4,"[1, 0]","[[[1, 0]], [[1, 0]], [[1, 0]], [[1, 0]], [[1, 0]]]"
2026-01-03,o3-mini,PDDL_Unit_action,5,True,112.05080962181091,1,"[1, 0]","[[[1, 0]], [[1, 0]]]"
2026-01-03,o3-mini,PDDL_Unit_action,6,True,373.88080644607544,4,"[1, 0]","[[[1, 0]], [[1, 0]], [[1, 0]], [[1, 0]], [[1, 0]]]"
2026-01-03,o3-mini,PDDL_Unit_action,7,True,31.910953998565674,0,"[1, 0]","[[[1, 0]]]"
2026-01-03,o3-mini,PDDL_Unit_action,8,True,929.5061619281769,10,"[1, 0]","[[[1, 0]], [[1, 0]], [[1, 0], [2, 0]], [[1, 0]], [[1, 0]], [[1, 0]], [[1, 0]], [[1, 0]], [[1, 0]], [[1, 0]], [[1, 0]]]"
2026-01-03,o3-mini,PDDL_Unit_action,10,True,563.9790124893188,6,"[1, 0]","[[[1, 0]], [[1, 0]], [[1, 0]], [[1, 0], [2, 0]], [[1, 0]], [[1, 0]], [[1, 0]]]"
2026-01-03,o3-mini,PDDL_Unit_action,11,True,202.99360013008118,1,"[1, 0]","[[[1, 0]], [[1, 0]]]"
2026-01-03,o3-mini,PDDL_Unit_action,12,True,464.87979221343994,5,"[1, 0]","[[[1, 0]], [[1, 0]], [[1, 0]], [[1, 0]], [[1, 0], [2, 0]], [[1, 0]]]"
2026-01-03,o3-mini,PDDL_Unit_action,14,True,184.8553011417389,2,"[1, 0]","[[[1, 0]], [[1, 0]], [[1, 0]]]"
2026-01-03,o3-mini,PDDL_Unit_action,15,True,687.2989699840546,6,"[1, 0]","[[[1, 0]], [[1, 0]], [[1, 0]], [[1, 0]], [[1, 0]], [[1, 0]], [[1, 0]]]"
2026-01-03,o3-mini,PDDL_Unit_action,16,True,157.81582474708557,2,"[1, 0]","[[[1, 0]], [[1, 0]], [[1, 0]]]"
2026-01-03,o3-mini,PDDL_Unit_action,17,True,480.27534651756287,5,"[1, 0]","[[[1, 0]], [[1, 0]], [[1, 0]], [[1, 0]], [[1, 0]], [[1, 0]]]"
2026-01-03,o3-mini,PDDL_Unit_action,18,True,1254.2058379650116,13,"[1, 0]","[[[1, 0]], [[1, 0]], [[1, 0]], [[1, 0]], [[1, 0]], [[1, 0]], [[1, 0]], [[1, 0]], [[1, 0]], [[1, 0]], [[1, 0]], [[1, 0]], [[1, 0]], [[1, 0]]]"
2026-01-03,o3-mini,PDDL_Unit_action,19,True,922.841432094574,8,"[1, 0]","[[[1, 0]], [[1, 0]], [[1, 0]], [[1, 0]], [[1, 0]], [[1, 0]], [[1, 0]], [[1, 0]], [[1, 0]]]"
2026-01-03,o3-mini,PDDL_Unit_action,20,True,45.12756061553955,0,"[1, 0]","[[[1, 0]]]"
2026-01-03,o3-mini,PDDL_Unit_action,21,True,857.5597548484802,9,"[1, 0]","[[[1, 0]], [[1, 0]], [[1, 0]], [[1, 0]], [[1, 0]], [[1, 0]], [[1, 0]], [[1, 0]], [[1, 0]], [[1, 0]]]"
2026-01-03,o3-mini,PDDL_Unit_action,22,True,363.22884607315063,3,"[2, 0]","[[[1, 0]], [[1, 0]], [[1, 0]], [[1, 0], [2, 0]]]"
2026-01-03,o3-mini,PDDL_Unit_action,23,True,696.8123128414154,6,"[2, 0]","[[[1, 0]], [[1, 0]], [[1, 0]], [[1, 0]], [[1, 0]], [[1, 0]], [[1, 0], [2, 0]]]"
2026-01-03,o3-mini,PDDL_Unit_action,24,True,211.34422707557678,3,"[1, 0]","[[[1, 0]], [[1, 0]], [[1, 0]], [[1, 0]]]"
2026-01-03,o3-mini,PDDL_Unit_action,26,True,109.2206335067749,1,"[1, 0]","[[[1, 0]], [[1, 0]]]"
2026-01-03,o3-mini,PDDL_Unit_action,27,True,39.793911933898926,0,"[1, 0]","[[[1, 0]]]"
2026-01-03,o3-mini,PDDL_Unit_action,28,True,158.20660734176636,2,"[1, 0]","[[[1, 0]], [[1, 0]], [[1, 0]]]"
2026-01-03,o3-mini,PDDL_Unit_action,29,True,398.2556233406067,5,"[1, 0]","[[[1, 1]], [[1, 0]], [[1, 0]], [[1, 0]], [[1, 0]], [[1, 0]]]"
2026-01-03,o3-mini,PDDL_Unit_action,30,True,564.2089745998383,7,"[1, 0]","[[[1, 0]], [[1, 0]], [[1, 0]], [[1, 0]], [[1, 0]], [[1, 0]], [[1, 0]], [[1, 0]]]"
2026-01-03,o3-mini,PDDL_Unit_action,31,True,38.07462430000305,0,"[1, 0]","[[[1, 0]]]"
2026-01-03,o3-mini,PDDL_Unit_action,32,True,514.3578429222107,6,"[1, 1]","[[[1, 0]], [[1, 0]], [[1, 0]], [[1, 0]], [[1, 0]], [[1, 0]], [[1, 1]]]"
2026-01-03,o3-mini,PDDL_Unit_action,33,True,288.6476078033447,4,"[1, 0]","[[[1, 0]], [[1, 0]], [[1, 0]], [[1, 0]], [[1, 0]]]"
2026-01-03,o3-mini,PDDL_Unit_action,34,True,329.8347578048706,3,"[1, 1]","[[[1, 0]], [[1, 0]], [[1, 0]], [[1, 1]]]"
2026-01-03,o3-mini,PDDL_Unit_action,35,True,165.19385361671448,2,"[1, 0]","[[[1, 0]], [[1, 0]], [[1, 0]]]"
2026-01-03,o3-mini,PDDL_Unit_action,36,True,466.0214304924011,6,"[1, 0]","[[[1, 0]], [[1, 0], [2, 0]], [[1, 0]], [[1, 0]], [[1, 0]], [[1, 0]], [[1, 0]]]"
2026-01-03,o3-mini,PDDL_Unit_action,37,True,763.9367966651917,9,"[1, 0]","[[[1, 0]], [[1, 0]], [[1, 0]], [[1, 0]], [[1, 0]], [[1, 0]], [[1, 0]], [[1, 0]], [[1, 0]], [[1, 0]]]"
2026-01-03,o3-mini,PDDL_Unit_action,38,True,597.2846114635468,8,"[1, 0]","[[[1, 0]], [[1, 0]], [[1, 0]], [[1, 0]], [[1, 0]], [[1, 0]], [[1, 0], [2, 0]], [[1, 0]], [[1, 0]]]"
2026-01-03,o3-mini,PDDL_Unit_action,39,True,476.46482396125793,4,"[1, 0]","[[[1, 0]], [[1, 0], [2, 0]], [[1, 1]], [[1, 0]], [[1, 0]]]"
2026-01-03,o3-mini,PDDL_Unit_action,40,True,810.7037253379822,6,"[1, 0]","[[[1, 0]], [[1, 0]], [[1, 0]], [[1, 0]], [[1, 0]], [[1, 0], [2, 0], [3, 0]], [[1, 0]]]"
2026-01-03,o3-mini,PDDL_Unit_action,41,True,958.6663975715637,10,"[1, 0]","[[[1, 0]], [[1, 0]], [[1, 1]], [[1, 0]], [[1, 0]], [[1, 0], [2, 0]], [[1, 0]], [[1, 0]], [[1, 0]], [[1, 0]], [[1, 0]]]"
2026-01-03,o3-mini,PDDL_Unit_action,42,True,204.252126455307,3,"[1, 0]","[[[1, 0]], [[1, 0]], [[1, 0]], [[1, 0]]]"
2026-01-03,o3-mini,PDDL_Unit_action,43,True,31.7612943649292,0,"[1, 0]","[[[1, 0]]]"
2026-01-03,o3-mini,PDDL_Unit_action,44,True,664.0420589447021,7,"[2, 0]","[[[1, 0]], [[1, 0]], [[1, 0]], [[1, 0]], [[1, 0]], [[1, 0]], [[1, 1]], [[1, 1], [2, 0]]]"
2026-01-03,o3-mini,PDDL_Unit_action,45,True,834.8420298099518,9,"[1, 0]","[[[1, 0]], [[1, 0]], [[1, 0], [2, 0]], [[1, 0]], [[1, 0]], [[1, 0]], [[1, 0]], [[1, 0]], [[1, 0]], [[1, 0]]]"
2026-01-03,o3-mini,PDDL_Unit_action,46,True,167.5697684288025,2,"[1, 0]","[[[1, 0]], [[1, 0]], [[1, 0]]]"
2026-01-03,o3-mini,PDDL_Unit_action,47,True,903.2459330558777,10,"[1, 0]","[[[1, 0]], [[1, 0]], [[1, 0]], [[1, 0]], [[1, 0]], [[1, 0]], [[1, 0]], [[1, 0]], [[1, 0]], [[1, 0]], [[1, 0]]]"
2026-01-03,o3-mini,PDDL_Unit_action,48,True,106.20155549049377,1,"[1, 0]","[[[1, 0]], [[1, 0]]]"
2026-01-03,o3-mini,PDDL_Unit_action,49,True,158.3822901248932,2,"[1, 0]","[[[1, 0]], [[1, 0]], [[1, 0]]]"
2026-01-03,o3-mini,PDDL_Unit_action,50,True,655.5119876861572,8,"[1, 0]","[[[1, 0], [2, 0]], [[1, 0]], [[1, 0]], [[1, 0]], [[1, 0]], [[1, 0]], [[1, 0]], [[1, 0]], [[1, 0]]]"
2026-01-03,o3-mini,PDDL_Unit_action,51,True,51.79137897491455,0,"[1, 0]","[[[1, 0]]]"
2026-01-03,o3-mini,PDDL_Unit_action,52,True,530.0173151493073,8,"[1, 0]","[[[1, 0]], [[1, 0]], [[1, 0]], [[1, 0]], [[1, 0]], [[1, 0]], [[1, 0]], [[1, 0]], [[1, 0]]]"
2026-01-03,o3-mini,PDDL_Unit_action,53,True,641.3540458679199,7,"[1, 0]","[[[1, 0]], [[1, 0]], [[1, 0]], [[1, 0]], [[1, 0]], [[1, 0]], [[1, 0], [2, 0]], [[1, 0]]]"
2026-01-03,o3-mini,PDDL_Unit_action,54,True,175.01203775405884,2,"[1, 0]","[[[1, 0]], [[1, 0]], [[1, 0]]]"
2026-01-03,o3-mini,PDDL_Unit_action,55,True,627.1782507896423,8,"[1, 0]","[[[1, 0]], [[1, 0]], [[1, 0]], [[1, 0]], [[1, 0]], [[1, 0]], [[1, 0]], [[1, 0]], [[1, 0]]]"
2026-01-03,o3-mini,PDDL_Unit_action,56,True,39.991400718688965,0,"[1, 0]","[[[1, 0]]]"
2026-01-03,o3-mini,PDDL_Unit_action,57,True,235.4347174167633,3,"[1, 0]","[[[1, 0]], [[1, 0]], [[1, 0]], [[1, 0]]]"
2026-01-03,o3-mini,PDDL_Unit_action,58,True,461.4230446815491,5,"[1, 0]","[[[1, 0]], [[1, 0]], [[1, 0], [2, 0]], [[1, 0]], [[1, 0]], [[1, 0]]]"
2026-01-03,o3-mini,PDDL_Unit_action,59,True,1073.737931728363,8,"[1, 0]","[[[1, 0]], [[1, 2]], [[1, 0]], [[1, 0], [2, 0]], [[1, 0]], [[1, 0]], [[1, 0]], [[1, 1], [2, 0], [3, 0]], [[1, 0]]]"
2026-01-03,o3-mini,PDDL_Unit_action,60,True,778.3428602218628,9,"[1, 0]","[[[1, 0]], [[1, 0]], [[1, 0]], [[1, 0]], [[1, 0]], [[1, 0]], [[1, 0]], [[1, 1]], [[1, 0]], [[1, 0]]]"
2026-01-03,o3-mini,PDDL_Unit_action,61,True,563.3816492557526,7,"[1, 0]","[[[1, 0]], [[1, 0]], [[1, 0]], [[1, 0]], [[1, 0]], [[1, 0]], [[1, 0]], [[1, 0]]]"
2026-01-03,o3-mini,PDDL_Unit_action,62,True,695.5499179363251,9,"[1, 0]","[[[1, 0]], [[1, 0]], [[1, 0]], [[1, 0]], [[1, 0]], [[1, 0]], [[1, 0]], [[1, 0]], [[1, 0]], [[1, 0]]]"
2026-01-03,o3-mini,PDDL_Unit_action,63,True,177.10315012931824,3,"[1, 0]","[[[1, 0]], [[1, 0]], [[1, 0]], [[1, 0]]]"
2026-01-03,o3-mini,PDDL_Unit_action,64,True,783.0748426914215,10,"[1, 0]","[[[1, 0]], [[1, 0]], [[1, 0]], [[1, 0]], [[1, 0]], [[1, 0]], [[1, 0]], [[1, 0]], [[1, 0]], [[1, 0]], [[1, 0]]]"
2026-01-03,o3-mini,PDDL_Unit_action,65,True,32.02400588989258,0,"[1, 0]","[[[1, 0]]]"
2026-01-03,o3-mini,PDDL_Unit_action,66,True,156.0171115398407,2,"[1, 0]","[[[1, 0]], [[1, 0]], [[1, 0]]]"
2026-01-03,o3-mini,PDDL_Unit_action,67,True,868.3354799747467,8,"[1, 0]","[[[1, 0]], [[1, 0]], [[1, 0]], [[1, 0]], [[1, 0]], [[1, 0]], [[1, 0]], [[1, 0], [2, 0]], [[1, 0]]]"
2026-01-03,o3-mini,PDDL_Unit_action,68,True,745.8447480201721,9,"[1, 0]","[[[1, 0]], [[1, 0]], [[1, 0]], [[1, 0]], [[1, 0]], [[1, 0]], [[1, 0]], [[1, 0]], [[1, 0]], [[1, 0]]]"
2026-01-03,o3-mini,PDDL_Unit_action,70,True,160.23616242408752,2,"[1, 0]","[[[1, 0]], [[1, 0]], [[1, 0]]]"
2026-01-03,o3-mini,PDDL_Unit_action,71,True,667.0807099342346,9,"[1, 0]","[[[1, 0]], [[1, 0]], [[1, 0]], [[1, 0]], [[1, 0]], [[1, 0]], [[1, 0]], [[1, 0]], [[1, 0]], [[1, 0]]]"
2026-01-03,o3-mini,PDDL_Unit_action,72,True,711.5478384494781,9,"[1, 0]","[[[1, 0]], [[1, 0]], [[1, 0]], [[1, 0]], [[1, 0]], [[1, 0]], [[1, 0]], [[1, 0]], [[1, 0]], [[1, 0]]]"
2026-01-03,o3-mini,PDDL_Unit_action,73,True,196.11686944961548,3,"[1, 0]","[[[1, 0]], [[1, 0]], [[1, 0]], [[1, 0]]]"
2026-01-03,o3-mini,PDDL_Unit_action,74,True,644.1427516937256,7,"[1, 0]","[[[1, 0]], [[1, 0]], [[1, 0]], [[1, 0]], [[1, 0]], [[1, 0]], [[1, 0]], [[1, 0]]]"
2026-01-03,o3-mini,PDDL_Unit_action,75,True,794.6810176372528,9,"[1, 0]","[[[1, 0]], [[1, 0]], [[1, 0]], [[1, 0]], [[1, 0]], [[1, 0]], [[1, 0]], [[1, 0]], [[1, 0]], [[1, 0]]]"
2026-01-03,o3-mini,PDDL_Unit_action,76,True,737.4642143249512,8,"[1, 0]","[[[1, 0]], [[1, 0]], [[1, 0]], [[1, 0]], [[1, 0]], [[1, 0]], [[1, 0]], [[1, 0]], [[1, 0]]]"
2026-01-03,o3-mini,PDDL_Unit_action,77,True,37.430379152297974,0,"[1, 0]","[[[1, 0]]]"
2026-01-03,o3-mini,PDDL_Unit_action,78,True,712.298136472702,6,"[1, 0]","[[[1, 0]], [[1, 0]], [[1, 0]], [[1, 0]], [[1, 0]], [[1, 1]], [[1, 0]]]"
2026-01-03,o3-mini,PDDL_Unit_action,79,True,831.2570941448212,7,"[4, 0]","[[[1, 0]], [[1, 0]], [[1, 0]], [[1, 0]], [[1, 0]], [[1, 0]], [[1, 1]], [[1, 0], [2, 0], [3, 0], [4, 0]]]"
2026-01-03,o3-mini,PDDL_Unit_action,80,True,483.90588426589966,6,"[1, 0]","[[[1, 0]], [[1, 0]], [[1, 0]], [[1, 0]], [[1, 0]], [[1, 0]], [[1, 0]]]"
2026-01-03,o3-mini,PDDL_Unit_action,81,True,413.3788685798645,5,"[1, 1]","[[[1, 0]], [[1, 0]], [[1, 0]], [[1, 0]], [[1, 0]], [[1, 1]]]"
2026-01-03,o3-mini,PDDL_Unit_action,82,True,553.0165255069733,7,"[1, 0]","[[[1, 0]], [[1, 0]], [[1, 0]], [[1, 0]], [[1, 0]], [[1, 0]], [[1, 0]], [[1, 0]]]"
2026-01-03,o3-mini,PDDL_Unit_action,83,True,44.22865080833435,0,"[1, 0]","[[[1, 0]]]"
2026-01-03,o3-mini,PDDL_Unit_action,84,True,30.445847034454346,0,"[1, 0]","[[[1, 0]]]"
2026-01-03,o3-mini,PDDL_Unit_action,85,True,337.1715159416199,5,"[1, 0]","[[[1, 0]], [[1, 0]], [[1, 0]], [[1, 0]], [[1, 0]], [[1, 0]]]"
2026-01-03,o3-mini,PDDL_Unit_action,86,True,799.6922504901886,9,"[1, 0]","[[[1, 0]], [[1, 0]], [[1, 0]], [[1, 0]], [[1, 0]], [[1, 0]], [[1, 0]], [[1, 1]], [[1, 0]], [[1, 0]]]"
2026-01-03,o3-mini,PDDL_Unit_action,87,True,382.9224991798401,5,"[1, 0]","[[[1, 0]], [[1, 0]], [[1, 0]], [[1, 0]], [[1, 0]], [[1, 0]]]"
2026-01-03,o3-mini,PDDL_Unit_action,88,True,306.22068905830383,4,"[1, 0]","[[[1, 0]], [[1, 0]], [[1, 0]], [[1, 0]], [[1, 0]]]"
2026-01-03,o3-mini,PDDL_Unit_action,90,True,86.18866896629333,1,"[1, 0]","[[[1, 0]], [[1, 0]]]"
2026-01-03,o3-mini,PDDL_Unit_action,91,True,344.4352924823761,4,"[1, 0]","[[[1, 0]], [[1, 0]], [[1, 0]], [[1, 0]], [[1, 0]]]"
2026-01-03,o3-mini,PDDL_Unit_action,92,True,182.0637059211731,2,"[1, 0]","[[[1, 0]], [[1, 0]], [[1, 0]]]"
2026-01-03,o3-mini,PDDL_Unit_action,93,True,833.0583012104034,10,"[1, 0]","[[[1, 0]], [[1, 0]], [[1, 0]], [[1, 0]], [[1, 0]], [[1, 0]], [[1, 0]], [[1, 0]], [[1, 0]], [[1, 0]], [[1, 0]]]"
2026-01-03,o3-mini,PDDL_Unit_action,94,True,781.1337080001831,9,"[1, 0]","[[[1, 0]], [[1, 0], [2, 0]], [[1, 0]], [[1, 0]], [[1, 0]], [[1, 0]], [[1, 0]], [[1, 0]], [[1, 0]], [[1, 0]]]"
2026-01-03,o3-mini,PDDL_Unit_action,96,True,705.2489860057831,7,"[1, 0]","[[[1, 0]], [[1, 0]], [[1, 0]], [[1, 0]], [[1, 0], [2, 0], [3, 0], [4, 0]], [[1, 0]], [[1, 0]], [[1, 0]]]"
2026-01-03,o3-mini,PDDL_Unit_action,97,True,222.6863317489624,3,"[1, 0]","[[[1, 0]], [[1, 0]], [[1, 0]], [[1, 0]]]"
2026-01-03,o3-mini,PDDL_Unit_action,98,True,571.2175829410553,6,"[1, 0]","[[[1, 0]], [[1, 0]], [[1, 1]], [[1, 0], [2, 0]], [[1, 0]], [[1, 0]], [[1, 0]]]"
2026-01-03,o3-mini,PDDL_Unit_action,99,True,1157.9172458648682,10,"[1, 0]","[[[1, 0]], [[1, 0]], [[1, 0]], [[1, 0]], [[1, 0]], [[1, 0]], [[1, 0]], [[1, 0]], [[1, 0]], [[1, 0], [2, 0], [3, 0]], [[1, 0]]]"
2026-01-03,o3-mini,PDDL_Unit_action,100,True,32.90804934501648,0,"[1, 0]","[[[1, 0]]]"
2026-01-03,o3-mini,PDDL_Unit_action,101,True,215.5317714214325,3,"[1, 0]","[[[1, 0]], [[1, 0]], [[1, 0]], [[1, 0]]]"
2026-01-03,o3-mini,PDDL_Unit_action,102,True,578.5624067783356,4,"[1, 0]","[[[1, 0]], [[1, 0]], [[1, 0], [2, 0], [3, 0], [4, 0]], [[1, 0]], [[1, 0]]]"
2026-01-03,o3-mini,PDDL_Unit_action,103,True,205.1984088420868,2,"[1, 0]","[[[1, 0]], [[1, 0]], [[1, 0]]]"
2026-01-03,o3-mini,PDDL_Unit_action,104,True,960.8511164188385,10,"[1, 0]","[[[1, 0]], [[1, 0]], [[1, 0]], [[1, 0]], [[1, 0], [2, 0]], [[1, 0]], [[1, 0]], [[1, 0]], [[1, 0]], [[1, 0]], [[1, 0]]]"
2026-01-03,o3-mini,PDDL_Unit_action,105,True,1456.944486618042,6,"[1, 0]","[[[1, 0]], [[1, 0]], [[1, 0]], [[1, 0]], [[1, 0], [2, 0]], [[1, 0]], [[1, 0]]]"
2026-01-03,o3-mini,PDDL_Unit_action,106,True,588.4749391078949,7,"[1, 0]","[[[1, 0]], [[1, 0]], [[1, 0]], [[1, 0]], [[1, 0], [2, 0]], [[1, 0]], [[1, 0]], [[1, 0]]]"
2026-01-03,o3-mini,PDDL,0,True,1083.4344418048859,11,"[1, 1]","[[[1, 0]], [[1, 0]], [[1, 0]], [[1, 0]], [[1, 0]], [[1, 0]], [[1, 0]], [[1, 0]], [[1, 0]], [[1, 1]], [[1, 0]], [[1, 1]]]"
2026-01-03,o3-mini,PDDL,1,True,603.283417224884,3,"[1, 0]","[[[1, 0]], [[1, 0], [2, 0], [3, 0]], [[1, 0], [2, 0], [3, 1]], [[1, 0]]]"
2026-01-03,o3-mini,PDDL,2,True,198.57284212112427,2,"[1, 0]","[[[1, 0]], [[1, 0]], [[1, 0]]]"
2026-01-03,o3-mini,PDDL,4,True,1131.4914503097534,8,"[1, 0]","[[[1, 0]], [[1, 0]], [[1, 0], [2, 0], [3, 0], [4, 0], [5, 0]], [[1, 0]], [[1, 0]], [[1, 0]], [[1, 0]], [[1, 1]], [[1, 0]]]"
2026-01-03,o3-mini,PDDL,5,True,114.49072504043579,1,"[1, 0]","[[[1, 0]], [[1, 0]]]"
2026-01-03,o3-mini,PDDL,6,False,450.92761158943176,2,"[5, 0]","[[[1, 0]], [[1, 0]], [[1, 0], [2, 0], [3, 0], [4, 0], [5, 0]]]"
2026-01-03,o3-mini,PDDL,7,True,100.24571657180786,0,"[1, 1]","[[[1, 1]]]"
2026-01-03,o3-mini,PDDL,8,True,1404.2074875831604,10,"[1, 0]","[[[1, 0]], [[1, 0]], [[1, 0]], [[1, 0]], [[1, 0]], [[1, 0], [2, 0], [3, 0], [4, 0], [5, 0]], [[1, 0]], [[1, 0]], [[1, 0]], [[1, 0], [2, 0]], [[1, 0]]]"
2026-01-03,o3-mini,PDDL,10,True,702.0292947292328,7,"[1, 0]","[[[1, 0]], [[1, 0]], [[1, 0]], [[1, 0]], [[1, 0]], [[1, 0]], [[1, 1]], [[1, 0]]]"
2026-01-03,o3-mini,PDDL,11,True,119.02833604812622,1,"[1, 0]","[[[1, 0]], [[1, 0]]]"
2026-01-03,o3-mini,PDDL,12,True,1153.780989408493,3,"[1, 0]","[[[1, 0]], [[1, 0]], [[1, 0], [2, 0], [3, 0]], [[1, 0]]]"
2026-01-03,o3-mini,PDDL,14,True,825.4667687416077,7,"[2, 0]","[[[1, 0]], [[1, 0]], [[1, 0]], [[1, 0]], [[1, 0]], [[1, 0], [2, 0]], [[1, 0]], [[1, 0], [2, 0]]]"
2026-01-03,o3-mini,PDDL,15,True,376.93847727775574,4,"[1, 0]","[[[1, 0]], [[1, 0]], [[1, 0]], [[1, 0]], [[1, 0]]]"
2026-01-03,o3-mini,PDDL,16,True,158.08703088760376,2,"[1, 0]","[[[1, 0]], [[1, 0]], [[1, 0]]]"
2026-01-03,o3-mini,PDDL,17,True,369.2766869068146,4,"[1, 0]","[[[1, 0]], [[1, 0]], [[1, 0]], [[1, 0]], [[1, 0]]]"
2026-01-03,o3-mini,PDDL,18,True,1352.841754436493,10,"[1, 0]","[[[1, 0]], [[1, 0]], [[1, 0]], [[1, 0]], [[1, 1]], [[1, 0], [2, 0], [3, 0], [4, 0]], [[1, 0]], [[1, 0]], [[1, 0]], [[1, 0]], [[1, 0]]]"
2026-01-03,o3-mini,PDDL,19,True,413.65742230415344,5,"[1, 0]","[[[1, 0]], [[1, 0]], [[1, 0]], [[1, 0]], [[1, 0]], [[1, 0]]]"
2026-01-03,o3-mini,PDDL,20,True,55.109610080718994,0,"[1, 0]","[[[1, 0]]]"
2026-01-03,o3-mini,PDDL,21,True,402.71677350997925,3,"[2, 0]","[[[1, 0]], [[1, 0]], [[1, 0]], [[1, 0], [2, 0]]]"
2026-01-03,o3-mini,PDDL,22,True,321.1643853187561,3,"[2, 0]","[[[1, 0]], [[1, 0]], [[1, 0]], [[1, 0], [2, 0]]]"
2026-01-03,o3-mini,PDDL,23,True,195.20918345451355,2,"[1, 0]","[[[1, 0]], [[1, 0]], [[1, 0]]]"
2026-01-03,o3-mini,PDDL,24,True,145.11103415489197,2,"[1, 0]","[[[1, 0]], [[1, 0]], [[1, 0]]]"
2026-01-03,o3-mini,PDDL,26,True,80.80664372444153,1,"[1, 0]","[[[1, 0]], [[1, 0]]]"
2026-01-03,o3-mini,PDDL,27,True,58.97866725921631,0,"[1, 0]","[[[1, 0]]]"
2026-01-03,o3-mini,PDDL,28,True,184.99014139175415,1,"[1, 0]","[[[1, 0]], [[1, 0]]]"
2026-01-03,o3-mini,PDDL,29,True,578.6838011741638,6,"[1, 0]","[[[1, 0]], [[1, 0]], [[1, 0]], [[1, 0]], [[1, 0]], [[1, 0]], [[1, 0]]]"
2026-01-03,o3-mini,PDDL,30,True,1218.7676572799683,8,"[1, 0]","[[[1, 0]], [[1, 0]], [[1, 0]], [[1, 0]], [[1, 0]], [[1, 0]], [[1, 0], [2, 0], [3, 0]], [[1, 0], [2, 1], [3, 0], [4, 0]], [[1, 0]]]"
2026-01-03,o3-mini,PDDL,31,True,76.74354362487793,0,"[1, 0]","[[[1, 0]]]"
2026-01-03,o3-mini,PDDL,32,True,616.0770366191864,5,"[2, 0]","[[[1, 0]], [[1, 0]], [[1, 0]], [[1, 0]], [[1, 0]], [[1, 0], [2, 0]]]"
2026-01-03,o3-mini,PDDL,33,True,450.74018144607544,5,"[1, 0]","[[[1, 0]], [[1, 0]], [[1, 0]], [[1, 0]], [[1, 0]], [[1, 0]]]"
2026-01-03,o3-mini,PDDL,34,True,490.4298644065857,4,"[1, 0]","[[[1, 0]], [[1, 0]], [[1, 0], [2, 0]], [[1, 0]], [[1, 0]]]"
2026-01-03,o3-mini,PDDL,35,True,206.5250301361084,2,"[1, 0]","[[[1, 0]], [[1, 0]], [[1, 0]]]"
2026-01-03,o3-mini,PDDL,36,True,474.034353017807,6,"[1, 0]","[[[1, 0]], [[1, 0]], [[1, 0]], [[1, 0]], [[1, 0]], [[1, 0]], [[1, 0]]]"
2026-01-03,o3-mini,PDDL,37,True,1498.3176662921906,8,"[1, 0]","[[[1, 0]], [[1, 0]], [[1, 0]], [[1, 0]], [[1, 0]], [[1, 0]], [[1, 0]], [[1, 1]], [[1, 0]]]"
2026-01-03,o3-mini,PDDL,38,True,658.1138665676117,9,"[1, 0]","[[[1, 0]], [[1, 0]], [[1, 0]], [[1, 0]], [[1, 0]], [[1, 0]], [[1, 0]], [[1, 0]], [[1, 0]], [[1, 0]]]"
2026-01-03,o3-mini,PDDL,39,True,1186.1581506729126,9,"[1, 0]","[[[1, 0]], [[1, 0], [2, 0]], [[1, 0]], [[1, 0]], [[1, 0], [2, 0], [3, 0]], [[1, 0]], [[1, 0]], [[1, 1]], [[1, 0]], [[1, 0]]]"
2026-01-03,o3-mini,PDDL,40,True,1092.5875580310822,8,"[1, 0]","[[[1, 0]], [[1, 0]], [[1, 0], [2, 0]], [[1, 0], [2, 0], [3, 0]], [[1, 0]], [[1, 0]], [[1, 0]], [[1, 0]], [[1, 0]]]"
2026-01-03,o3-mini,PDDL,41,True,877.3441610336304,9,"[1, 0]","[[[1, 0]], [[1, 0]], [[1, 0]], [[1, 0]], [[1, 0]], [[1, 0]], [[1, 0]], [[1, 0]], [[1, 0]], [[1, 0]]]"
2026-01-03,o3-mini,PDDL,42,True,231.41189241409302,3,"[1, 0]","[[[1, 0]], [[1, 0]], [[1, 0]], [[1, 0]]]"
2026-01-03,o3-mini,PDDL,43,True,56.964359521865845,0,"[1, 0]","[[[1, 0]]]"
2026-01-03,o3-mini,PDDL,44,True,882.7897810935974,8,"[1, 0]","[[[1, 0]], [[1, 0]], [[1, 0]], [[1, 0]], [[1, 1]], [[1, 0]], [[1, 0]], [[1, 1]], [[1, 0]]]"
2026-01-03,o3-mini,PDDL,45,True,615.8021779060364,7,"[1, 0]","[[[1, 0]], [[1, 0]], [[1, 0], [2, 0]], [[1, 0]], [[1, 0]], [[1, 0]], [[1, 0]], [[1, 0]]]"
2026-01-03,o3-mini,PDDL,46,True,54.42951774597168,0,"[1, 0]","[[[1, 0]]]"
2026-01-03,o3-mini,PDDL,47,True,1005.416844367981,10,"[1, 0]","[[[1, 0]], [[1, 1]], [[1, 0]], [[1, 0]], [[1, 0]], [[1, 0]], [[1, 0]], [[1, 0]], [[1, 0]], [[1, 0]], [[1, 0]]]"
2026-01-03,o3-mini,PDDL,48,True,106.53631138801575,1,"[1, 0]","[[[1, 0]], [[1, 0]]]"
2026-01-03,o3-mini,PDDL,49,True,303.14867877960205,4,"[1, 0]","[[[1, 0]], [[1, 0]], [[1, 0]], [[1, 0]], [[1, 0]]]"
2026-01-03,o3-mini,PDDL,50,True,982.4417083263397,8,"[1, 0]","[[[1, 0]], [[1, 0]], [[1, 0]], [[1, 0]], [[1, 1]], [[1, 0]], [[1, 0]], [[1, 0], [2, 0], [3, 0]], [[1, 0]]]"
2026-01-03,o3-mini,PDDL,51,True,60.80244040489197,0,"[1, 0]","[[[1, 0]]]"
2026-01-03,o3-mini,PDDL,52,True,922.6321964263916,7,"[1, 0]","[[[1, 0]], [[1, 0], [2, 0]], [[1, 0], [2, 0], [3, 0], [4, 0], [5, 0]], [[1, 0]], [[1, 0]], [[1, 0]], [[1, 0]], [[1, 0]]]"
2026-01-03,o3-mini,PDDL,53,True,897.8324301242828,8,"[1, 0]","[[[1, 0]], [[1, 0]], [[1, 0]], [[1, 0]], [[1, 0]], [[1, 0]], [[1, 0]], [[1, 0], [2, 0]], [[1, 0]]]"
2026-01-03,o3-mini,PDDL,54,True,197.86566281318665,2,"[1, 0]","[[[1, 0]], [[1, 0]], [[1, 0]]]"
2026-01-03,o3-mini,PDDL,55,True,304.0117218494415,4,"[1, 0]","[[[1, 0]], [[1, 0]], [[1, 0]], [[1, 0]], [[1, 0]]]"
2026-01-03,o3-mini,PDDL,56,True,49.165693044662476,0,"[1, 0]","[[[1, 0]]]"
2026-01-03,o3-mini,PDDL,57,True,1036.2782838344574,3,"[4, 0]","[[[1, 0]], [[1, 0]], [[1, 0]], [[1, 0], [2, 0], [3, 0], [4, 0]]]"
2026-01-03,o3-mini,PDDL,58,True,803.9650478363037,6,"[1, 0]","[[[1, 0]], [[1, 0]], [[1, 0]], [[1, 0]], [[1, 0]], [[1, 1]], [[1, 0]]]"
2026-01-03,o3-mini,PDDL,59,True,624.965428352356,9,"[1, 0]","[[[1, 0]], [[1, 0]], [[1, 0]], [[1, 0]], [[1, 0]], [[1, 0]], [[1, 0]], [[1, 0]], [[1, 0]], [[1, 0]]]"
2026-01-03,o3-mini,PDDL,60,True,770.5991854667664,9,"[1, 0]","[[[1, 0]], [[1, 1]], [[1, 0]], [[1, 0]], [[1, 0]], [[1, 0]], [[1, 0]], [[1, 0]], [[1, 0]], [[1, 0]]]"
2026-01-03,o3-mini,PDDL,61,True,288.1630880832672,3,"[2, 0]","[[[1, 0]], [[1, 0]], [[1, 0]], [[1, 0], [2, 0]]]"
2026-01-03,o3-mini,PDDL,62,True,872.8369369506836,10,"[1, 0]","[[[1, 0]], [[1, 0]], [[1, 0]], [[1, 0]], [[1, 0]], [[1, 0]], [[1, 0]], [[1, 0]], [[1, 0]], [[1, 0]], [[1, 0]]]"
2026-01-03,o3-mini,PDDL,63,True,263.0937976837158,3,"[1, 0]","[[[1, 0]], [[1, 0]], [[1, 0]], [[1, 0]]]"
2026-01-03,o3-mini,PDDL,64,True,1214.126579284668,10,"[1, 0]","[[[1, 0]], [[1, 0]], [[1, 0]], [[1, 0]], [[1, 0]], [[1, 0], [2, 0], [3, 0], [4, 0]], [[1, 0]], [[1, 0]], [[1, 0]], [[1, 0]], [[1, 0]]]"
2026-01-03,o3-mini,PDDL,65,True,38.35457134246826,0,"[1, 0]","[[[1, 0]]]"
2026-01-03,o3-mini,PDDL,66,True,193.04514050483704,2,"[1, 0]","[[[1, 0]], [[1, 0]], [[1, 0]]]"
2026-01-03,o3-mini,PDDL,67,True,219.39453506469727,3,"[1, 0]","[[[1, 0]], [[1, 0]], [[1, 0]], [[1, 0]]]"
2026-01-03,o3-mini,PDDL,68,False,777.7446863651276,5,"[5, 0]","[[[1, 0]], [[1, 0]], [[1, 0]], [[1, 0]], [[1, 0]], [[1, 0], [2, 0], [3, 0], [4, 0], [5, 0]]]"
2026-01-04,o3-mini,PDDL,70,True,140.46011066436768,2,"[1, 0]","[[[1, 0]], [[1, 0]], [[1, 0]]]"
2026-01-04,o3-mini,PDDL,71,True,778.2436985969543,9,"[1, 0]","[[[1, 0]], [[1, 0]], [[1, 0]], [[1, 0]], [[1, 0]], [[1, 0]], [[1, 0]], [[1, 0]], [[1, 0]], [[1, 0]]]"
2026-01-04,o3-mini,PDDL,72,True,871.3331594467163,9,"[1, 0]","[[[1, 0]], [[1, 0]], [[1, 0]], [[1, 0]], [[1, 0], [2, 0], [3, 0]], [[1, 0]], [[1, 0]], [[1, 0]], [[1, 0]], [[1, 0]]]"
2026-01-04,o3-mini,PDDL,73,True,211.0253930091858,3,"[1, 0]","[[[1, 0]], [[1, 0]], [[1, 0]], [[1, 0]]]"
2026-01-04,o3-mini,PDDL,74,True,421.5086815357208,5,"[1, 0]","[[[1, 0]], [[1, 0]], [[1, 0]], [[1, 0]], [[1, 0]], [[1, 0]]]"
2026-01-04,o3-mini,PDDL,75,True,951.852796792984,10,"[1, 0]","[[[1, 0]], [[1, 0]], [[1, 0]], [[1, 0]], [[1, 0]], [[1, 0]], [[1, 0]], [[1, 0]], [[1, 0]], [[1, 0]], [[1, 0]]]"
2026-01-04,o3-mini,PDDL,76,True,1016.2722856998444,8,"[1, 1]","[[[1, 0]], [[1, 1]], [[1, 0]], [[1, 0]], [[1, 0]], [[1, 0]], [[1, 0]], [[1, 0]], [[1, 1]]]"
2026-01-04,o3-mini,PDDL,77,True,81.89110088348389,0,"[1, 0]","[[[1, 0]]]"
2026-01-04,o3-mini,PDDL,78,True,879.6799659729004,9,"[1, 0]","[[[1, 0]], [[1, 0]], [[1, 0]], [[1, 0]], [[1, 0]], [[1, 0]], [[1, 0]], [[1, 0]], [[1, 0]], [[1, 0]]]"
2026-01-04,o3-mini,PDDL,79,True,707.0128374099731,9,"[1, 0]","[[[1, 0]], [[1, 0]], [[1, 0]], [[1, 0]], [[1, 0]], [[1, 0]], [[1, 0]], [[1, 0]], [[1, 0]], [[1, 0]]]"
2026-01-04,o3-mini,PDDL,80,True,507.26784348487854,6,"[1, 0]","[[[1, 0]], [[1, 0]], [[1, 0]], [[1, 0]], [[1, 0]], [[1, 1]], [[1, 0]]]"
2026-01-04,o3-mini,PDDL,81,True,855.3864710330963,7,"[1, 0]","[[[1, 0]], [[1, 0]], [[1, 0]], [[1, 0]], [[1, 0]], [[1, 0]], [[1, 1], [2, 0]], [[1, 0]]]"
2026-01-04,o3-mini,PDDL,82,True,635.3052365779877,7,"[1, 0]","[[[1, 0]], [[1, 0]], [[1, 0]], [[1, 0]], [[1, 0]], [[1, 0]], [[1, 0]], [[1, 0]]]"
2026-01-04,o3-mini,PDDL,83,True,59.00378680229187,0,"[1, 0]","[[[1, 0]]]"
2026-01-04,o3-mini,PDDL,84,True,60.856130599975586,0,"[1, 0]","[[[1, 0]]]"
2026-01-04,o3-mini,PDDL,85,True,402.503045797348,5,"[1, 0]","[[[1, 0]], [[1, 0]], [[1, 0]], [[1, 0]], [[1, 0]], [[1, 0]]]"
2026-01-04,o3-mini,PDDL,86,True,704.4460043907166,8,"[1, 0]","[[[1, 0]], [[1, 0]], [[1, 0]], [[1, 0]], [[1, 0]], [[1, 0]], [[1, 0]], [[1, 0]], [[1, 0]]]"
2026-01-04,o3-mini,PDDL,87,True,295.5978813171387,4,"[1, 0]","[[[1, 0]], [[1, 0]], [[1, 0]], [[1, 0]], [[1, 0]]]"
2026-01-04,o3-mini,PDDL,88,True,301.5695848464966,4,"[1, 0]","[[[1, 0]], [[1, 0]], [[1, 0]], [[1, 0]], [[1, 0]]]"
2026-01-04,o3-mini,PDDL,90,True,101.08765697479248,1,"[1, 0]","[[[1, 0]], [[1, 0]]]"
2026-01-04,o3-mini,PDDL,91,True,234.91399598121643,3,"[1, 0]","[[[1, 0]], [[1, 0]], [[1, 0]], [[1, 0]]]"
2026-01-04,o3-mini,PDDL,92,True,608.3183634281158,7,"[1, 0]","[[[1, 0]], [[1, 0]], [[1, 0]], [[1, 0]], [[1, 0]], [[1, 0]], [[1, 0]], [[1, 0]]]"
2026-01-04,o3-mini,PDDL,93,True,621.1831467151642,7,"[1, 0]","[[[1, 0]], [[1, 0]], [[1, 0]], [[1, 0]], [[1, 0]], [[1, 0]], [[1, 1]], [[1, 0]]]"
2026-01-04,o3-mini,PDDL,94,True,1036.9907331466675,9,"[1, 0]","[[[1, 0]], [[1, 0], [2, 0], [3, 0]], [[1, 0], [2, 0], [3, 0]], [[1, 0]], [[1, 0]], [[1, 0]], [[1, 0]], [[1, 0]], [[1, 0]], [[1, 0]]]"
2026-01-04,o3-mini,PDDL,96,True,564.9616484642029,4,"[2, 0]","[[[1, 0]], [[1, 0]], [[1, 0]], [[1, 0]], [[1, 2], [2, 0]]]"
2026-01-04,o3-mini,PDDL,97,True,572.0718851089478,4,"[3, 0]","[[[1, 0]], [[1, 0]], [[1, 0]], [[1, 0]], [[1, 0], [2, 0], [3, 0]]]"
2026-01-04,o3-mini,PDDL,98,True,463.54493832588196,5,"[1, 0]","[[[1, 0]], [[1, 0]], [[1, 0]], [[1, 0]], [[1, 0]], [[1, 0]]]"
2026-01-04,o3-mini,PDDL,99,True,668.5446152687073,7,"[1, 0]","[[[1, 0]], [[1, 0]], [[1, 0]], [[1, 0]], [[1, 0]], [[1, 1]], [[1, 0]], [[1, 0]]]"
2026-01-04,o3-mini,PDDL,100,True,48.997716426849365,0,"[1, 0]","[[[1, 0]]]"
2026-01-04,o3-mini,PDDL,101,True,268.1351933479309,2,"[2, 0]","[[[1, 0]], [[1, 0]], [[1, 0], [2, 0]]]"
2026-01-04,o3-mini,PDDL,102,True,258.85518312454224,2,"[2, 0]","[[[1, 0]], [[1, 0]], [[1, 0], [2, 0]]]"
2026-01-04,o3-mini,PDDL,103,True,129.79487586021423,1,"[1, 0]","[[[1, 0]], [[1, 0]]]"
2026-01-04,o3-mini,PDDL,104,True,447.32914900779724,5,"[1, 0]","[[[1, 0]], [[1, 0]], [[1, 0]], [[1, 0]], [[1, 0]], [[1, 0]]]"
2026-01-04,o3-mini,PDDL,105,True,748.0605669021606,8,"[1, 0]","[[[1, 0]], [[1, 0]], [[1, 0]], [[1, 0]], [[1, 0], [2, 0]], [[1, 0]], [[1, 0]], [[1, 0]], [[1, 0]]]"
2026-01-04,o3-mini,PDDL,106,True,588.3792822360992,7,"[1, 0]","[[[1, 0]], [[1, 0]], [[1, 0]], [[1, 0]], [[1, 0]], [[1, 0]], [[1, 0]], [[1, 0]]]"
2026-01-04,o3-mini,baseline,0,False,308.9362668991089,19,1,"[[1], [1], [1], [1], [1], [1], [1], [1], [1], [1], [1], [1], [1], [1], [1], [1], [1], [1], [1], [1]]"
2026-01-04,o3-mini,baseline,1,True,42.601861238479614,4,1,"[[1], [1], [1], [1], [1]]"
2026-01-04,o3-mini,baseline,2,True,83.78874349594116,5,1,"[[1], [1], [1], [1], [1], [1]]"
2026-01-04,o3-mini,baseline,4,True,95.8599956035614,6,2,"[[1], [1], [1], [1], [1], [1], [1, 2]]"
2026-01-04,o3-mini,baseline,5,False,453.3690149784088,19,1,"[[1], [1], [1, 2], [1], [1], [1], [1], [1, 2], [1], [1, 2], [1], [1], [1], [1], [1, 2], [1], [1, 2], [1], [1], [1]]"
2026-01-04,o3-mini,baseline,6,True,873.5044329166412,17,1,"[[1], [1, 2], [1], [1], [1], [1], [1], [1], [1, 2], [1], [1, 2], [1], [1], [1], [1], [1], [1], [1]]"
2026-01-04,o3-mini,baseline,7,True,2.5793216228485107,0,1,[[1]]
2026-01-04,o3-mini,baseline,8,False,384.59358167648315,19,1,"[[1], [1, 2], [1], [1], [1], [1], [1], [1], [1], [1], [1], [1, 2], [1], [1], [1, 2], [1], [1, 2], [1], [1], [1]]"
2026-01-04,o3-mini,baseline,10,False,309.87432980537415,19,1,"[[1], [1], [1], [1], [1], [1], [1], [1], [1], [1], [1], [1], [1], [1], [1], [1], [1, 2], [1], [1], [1]]"
2026-01-04,o3-mini,baseline,11,True,19.63407850265503,1,1,"[[1], [1]]"
2026-01-04,o3-mini,baseline,12,True,286.1535701751709,14,2,"[[1], [1], [1], [1], [1], [1], [1], [1, 2], [1], [1], [1], [1], [1], [1], [1, 2]]"
2026-01-04,o3-mini,baseline,14,True,301.1457085609436,16,1,"[[1], [1, 2], [1], [1], [1], [1], [1, 2], [1], [1], [1], [1], [1], [1], [1], [1], [1], [1]]"
2026-01-04,o3-mini,baseline,15,True,103.7276177406311,6,1,"[[1], [1], [1, 2], [1], [1], [1], [1]]"
2026-01-04,o3-mini,baseline,16,True,344.50556230545044,10,1,"[[1], [1], [1], [1], [1, 2, 3], [1], [1, 2, 3, 4], [1], [1], [1], [1]]"
2026-01-04,o3-mini,baseline,17,False,370.4492259025574,19,1,"[[1], [1], [1], [1], [1, 2], [1], [1], [1], [1], [1], [1], [1], [1, 2], [1], [1], [1], [1], [1], [1], [1]]"
2026-01-04,o3-mini,baseline,18,False,451.8963232040405,19,1,"[[1], [1], [1], [1], [1], [1], [1, 2], [1, 2], [1], [1, 2], [1], [1], [1], [1], [1], [1], [1], [1, 2, 3], [1], [1]]"
2026-01-04,o3-mini,baseline,19,True,27.382399559020996,2,1,"[[1], [1], [1]]"
2026-01-04,o3-mini,baseline,20,False,344.57545161247253,19,1,"[[1], [1, 2], [1], [1], [1], [1], [1, 2], [1], [1], [1], [1], [1], [1], [1], [1], [1], [1, 2], [1], [1], [1]]"
2026-01-04,o3-mini,baseline,21,True,253.3909740447998,13,1,"[[1], [1], [1], [1], [1], [1], [1], [1], [1], [1, 2], [1, 2], [1, 2], [1], [1]]"
2026-01-04,o3-mini,baseline,22,True,122.18246054649353,7,1,"[[1], [1], [1, 2], [1], [1], [1], [1], [1]]"
2026-01-04,o3-mini,baseline,23,True,60.38660979270935,6,1,"[[1], [1], [1], [1], [1], [1], [1]]"
2026-01-04,o3-mini,baseline,24,False,146.567702293396,2,5,"[[1], [1], [1, 2, 3, 4, 5]]"
2026-01-04,o3-mini,baseline,26,True,27.998663663864136,2,1,"[[1], [1], [1]]"
2026-01-04,o3-mini,baseline,27,True,6.629830598831177,0,1,[[1]]
2026-01-04,o3-mini,baseline,28,True,30.11948871612549,2,1,"[[1], [1], [1]]"
2026-01-04,o3-mini,baseline,29,True,91.00321459770203,8,1,"[[1], [1], [1], [1], [1], [1], [1], [1], [1]]"
2026-01-04,o3-mini,baseline,30,False,433.16600036621094,19,1,"[[1], [1, 2], [1], [1], [1], [1], [1], [1], [1], [1], [1], [1], [1], [1, 2, 3], [1], [1, 2], [1], [1], [1], [1]]"
2026-01-04,o3-mini,baseline,31,True,5.737797498703003,0,1,[[1]]
2026-01-04,o3-mini,baseline,32,False,389.2463128566742,19,1,"[[1], [1], [1], [1, 2], [1], [1], [1], [1], [1], [1], [1], [1], [1], [1], [1, 2], [1], [1], [1], [1], [1]]"
2026-01-04,o3-mini,baseline,33,False,442.3717694282532,19,1,"[[1], [1], [1, 2, 3, 4, 5], [1], [1], [1], [1], [1], [1], [1], [1], [1], [1], [1], [1, 2], [1], [1], [1], [1], [1]]"
2026-01-04,o3-mini,baseline,34,True,127.00276708602905,7,1,"[[1], [1], [1, 2], [1], [1], [1], [1], [1]]"
2026-01-04,o3-mini,baseline,35,True,269.8182544708252,18,1,"[[1], [1, 2], [1], [1], [1], [1], [1], [1], [1], [1, 2], [1], [1], [1], [1], [1], [1], [1], [1], [1]]"
2026-01-04,o3-mini,baseline,36,True,48.44140648841858,3,1,"[[1], [1, 2], [1], [1]]"
2026-01-04,o3-mini,baseline,37,False,334.48612809181213,19,1,"[[1], [1], [1], [1, 2, 3], [1], [1], [1], [1], [1], [1], [1], [1], [1], [1], [1], [1], [1, 2], [1], [1], [1]]"
2026-01-04,o3-mini,baseline,38,True,266.1838619709015,15,1,"[[1], [1], [1], [1], [1], [1], [1], [1], [1], [1], [1], [1], [1, 2], [1], [1], [1]]"
2026-01-04,o3-mini,baseline,39,True,54.03912806510925,6,1,"[[1], [1], [1], [1], [1], [1], [1]]"
2026-01-04,o3-mini,baseline,40,False,1010.9506680965424,19,2,"[[1], [1], [1, 2], [1], [1], [1], [1], [1], [1], [1], [1], [1], [1], [1, 2], [1], [1], [1], [1, 2], [1], [1, 2]]"
2026-01-04,o3-mini,baseline,41,True,304.05624413490295,17,1,"[[1], [1], [1], [1], [1], [1], [1], [1], [1], [1, 2], [1], [1], [1], [1], [1], [1], [1], [1]]"
2026-01-04,o3-mini,baseline,42,True,83.44291472434998,6,1,"[[1], [1], [1], [1], [1], [1], [1]]"
2026-01-04,o3-mini,baseline,43,True,4.890962839126587,0,1,[[1]]
2026-01-04,o3-mini,baseline,44,True,142.5361692905426,12,1,"[[1], [1], [1], [1, 2], [1], [1], [1], [1], [1], [1], [1], [1], [1]]"
2026-01-04,o3-mini,baseline,45,False,307.8679542541504,19,1,"[[1], [1], [1], [1], [1, 2], [1], [1], [1], [1], [1], [1], [1], [1], [1], [1, 2], [1], [1], [1], [1], [1]]"
2026-01-04,o3-mini,baseline,46,True,8.916930437088013,0,1,[[1]]
2026-01-04,o3-mini,baseline,47,True,430.93750500679016,19,1,"[[1], [1], [1], [1], [1, 2, 3], [1], [1], [1], [1, 2], [1, 2], [1], [1], [1], [1], [1], [1], [1], [1], [1], [1]]"
2026-01-04,o3-mini,baseline,48,True,23.358137845993042,1,1,"[[1], [1]]"
2026-01-04,o3-mini,baseline,49,True,39.145641565322876,4,1,"[[1], [1], [1], [1], [1]]"
2026-01-04,o3-mini,baseline,50,False,306.1548719406128,19,1,"[[1], [1], [1], [1], [1], [1], [1], [1, 2, 3], [1], [1], [1], [1], [1], [1], [1], [1], [1], [1], [1], [1]]"
2026-01-04,o3-mini,baseline,51,True,4.908038854598999,0,1,[[1]]
2026-01-04,o3-mini,baseline,52,True,222.68297791481018,16,1,"[[1], [1], [1], [1], [1], [1], [1, 2], [1], [1], [1], [1], [1], [1], [1], [1], [1], [1]]"
2026-01-04,o3-mini,baseline,53,True,959.6262013912201,17,1,"[[1], [1], [1, 2], [1], [1], [1], [1], [1], [1], [1], [1], [1], [1], [1], [1], [1], [1, 2], [1]]"
2026-01-04,o3-mini,baseline,54,True,117.83632326126099,7,1,"[[1], [1], [1], [1], [1], [1], [1], [1]]"
2026-01-04,o3-mini,baseline,55,True,71.69065570831299,6,1,"[[1], [1], [1], [1], [1, 2], [1], [1]]"
2026-01-04,o3-mini,baseline,56,True,4.93981146812439,0,1,[[1]]
2026-01-04,o3-mini,baseline,57,True,234.54391717910767,17,1,"[[1], [1, 2], [1], [1], [1], [1], [1], [1], [1], [1], [1], [1], [1], [1], [1], [1, 2], [1], [1]]"
2026-01-04,o3-mini,baseline,58,True,990.2562024593353,16,1,"[[1], [1], [1], [1], [1], [1], [1], [1], [1, 2], [1], [1], [1], [1], [1], [1, 2, 3], [1], [1]]"
2026-01-04,o3-mini,baseline,59,False,320.9357690811157,19,1,"[[1], [1], [1], [1], [1], [1, 2], [1], [1], [1], [1], [1], [1], [1], [1], [1], [1], [1], [1], [1], [1]]"
2026-01-04,o3-mini,baseline,60,True,205.69945812225342,16,1,"[[1], [1], [1], [1], [1], [1], [1], [1], [1], [1], [1], [1], [1], [1], [1], [1], [1]]"
2026-01-04,o3-mini,baseline,61,True,84.2303454875946,8,1,"[[1], [1], [1], [1], [1], [1], [1], [1], [1]]"
2026-01-04,o3-mini,baseline,62,True,381.76511454582214,15,1,"[[1], [1, 2], [1], [1, 2], [1], [1], [1], [1], [1], [1], [1, 2, 3, 4], [1], [1, 2], [1], [1], [1]]"
2026-01-04,o3-mini,baseline,63,True,108.3347692489624,8,1,"[[1], [1], [1], [1], [1, 2], [1], [1], [1], [1]]"
2026-01-04,o3-mini,baseline,64,True,954.468578338623,15,1,"[[1], [1], [1], [1], [1], [1], [1], [1], [1, 2], [1, 2], [1], [1], [1, 2], [1], [1], [1]]"
2026-01-04,o3-mini,baseline,65,True,42.9935040473938,1,2,"[[1], [1, 2]]"
2026-01-04,o3-mini,baseline,66,True,257.3541159629822,17,1,"[[1], [1], [1], [1], [1], [1], [1], [1], [1], [1, 2], [1, 2], [1], [1], [1], [1], [1], [1], [1]]"
2026-01-04,o3-mini,baseline,67,True,207.34577298164368,10,1,"[[1], [1], [1], [1], [1], [1], [1], [1], [1, 2], [1], [1]]"
2026-01-04,o3-mini,baseline,68,False,386.4757356643677,19,1,"[[1], [1], [1], [1], [1], [1, 2], [1], [1], [1], [1], [1], [1, 2, 3], [1, 2], [1], [1], [1], [1], [1], [1], [1]]"
2026-01-04,o3-mini,baseline,70,True,276.6504819393158,17,1,"[[1], [1], [1], [1], [1], [1, 2], [1], [1], [1], [1], [1], [1], [1], [1, 2], [1], [1], [1], [1]]"
2026-01-04,o3-mini,baseline,71,False,285.624618768692,19,1,"[[1], [1], [1], [1], [1], [1], [1], [1], [1], [1], [1], [1], [1], [1], [1], [1], [1], [1], [1], [1]]"
2026-01-04,o3-mini,baseline,72,True,256.94434118270874,13,1,"[[1], [1], [1], [1], [1], [1], [1], [1], [1], [1, 2, 3, 4], [1], [1], [1, 2], [1]]"
2026-01-04,o3-mini,baseline,73,True,39.14643168449402,4,1,"[[1], [1], [1], [1], [1]]"
2026-01-04,o3-mini,baseline,74,False,393.03655076026917,19,1,"[[1], [1], [1], [1], [1], [1, 2], [1], [1], [1], [1], [1], [1], [1], [1], [1], [1], [1], [1], [1], [1]]"
2026-01-04,o3-mini,baseline,75,True,144.70929431915283,12,1,"[[1], [1], [1], [1], [1], [1], [1], [1], [1], [1], [1], [1], [1]]"
2026-01-04,o3-mini,baseline,76,True,14.648419618606567,1,1,"[[1], [1]]"
2026-01-04,o3-mini,baseline,77,True,306.4313282966614,16,1,"[[1], [1], [1], [1], [1], [1], [1], [1], [1], [1, 2], [1], [1], [1], [1], [1, 2], [1], [1]]"
2026-01-04,o3-mini,baseline,78,False,410.8444423675537,19,1,"[[1], [1], [1], [1], [1, 2, 3], [1, 2], [1], [1, 2], [1], [1], [1], [1], [1], [1], [1], [1, 2], [1], [1], [1], [1]]"
2026-01-04,o3-mini,baseline,79,False,890.0924859046936,19,1,"[[1], [1], [1], [1], [1, 2], [1], [1], [1], [1], [1], [1], [1], [1], [1], [1], [1], [1], [1], [1], [1]]"
2026-01-04,o3-mini,baseline,80,True,183.651593208313,11,1,"[[1], [1], [1], [1], [1], [1], [1, 2], [1], [1], [1], [1], [1]]"
2026-01-04,o3-mini,baseline,81,True,70.45888471603394,6,1,"[[1], [1], [1], [1], [1], [1], [1]]"
2026-01-04,o3-mini,baseline,82,True,94.6364688873291,6,1,"[[1], [1], [1], [1], [1], [1], [1]]"
2026-01-04,o3-mini,baseline,83,True,8.590072393417358,0,1,[[1]]
2026-01-04,o3-mini,baseline,84,True,7.676635026931763,0,1,[[1]]
2026-01-04,o3-mini,baseline,85,True,311.4707291126251,16,1,"[[1], [1], [1], [1], [1], [1], [1], [1], [1, 2, 3], [1], [1], [1], [1], [1], [1], [1], [1]]"
2026-01-04,o3-mini,baseline,86,True,132.12215518951416,11,1,"[[1], [1], [1], [1], [1], [1], [1], [1], [1], [1], [1], [1]]"
2026-01-04,o3-mini,baseline,87,False,401.6244697570801,19,2,"[[1], [1], [1, 2], [1], [1, 2], [1], [1], [1], [1], [1], [1], [1], [1], [1], [1], [1], [1], [1], [1], [1, 2]]"
2026-01-04,o3-mini,baseline,88,True,143.47262358665466,7,1,"[[1], [1, 2], [1], [1], [1], [1], [1, 2], [1]]"
2026-01-04,o3-mini,baseline,90,True,44.28230810165405,4,1,"[[1], [1], [1], [1], [1]]"
2026-01-04,o3-mini,baseline,91,True,181.149183511734,12,1,"[[1], [1], [1], [1], [1], [1], [1], [1], [1], [1], [1, 2], [1], [1]]"
2026-01-04,o3-mini,baseline,92,True,207.55343317985535,13,1,"[[1], [1], [1], [1], [1], [1], [1], [1], [1], [1], [1], [1], [1], [1]]"
2026-01-04,o3-mini,baseline,93,True,235.29908800125122,13,1,"[[1], [1], [1], [1], [1], [1], [1], [1], [1, 2], [1, 2], [1], [1], [1], [1]]"
2026-01-04,o3-mini,baseline,94,False,423.23748111724854,19,1,"[[1], [1], [1], [1], [1], [1], [1, 2], [1, 2], [1, 2], [1], [1], [1], [1], [1], [1], [1], [1], [1], [1], [1]]"
2026-01-04,o3-mini,baseline,96,True,71.5210313796997,8,1,"[[1], [1], [1], [1], [1], [1], [1], [1], [1]]"
2026-01-04,o3-mini,baseline,97,True,116.6790406703949,8,2,"[[1], [1], [1], [1], [1], [1], [1], [1], [1, 2]]"
2026-01-04,o3-mini,baseline,98,False,249.6727843284607,19,1,"[[1], [1], [1], [1], [1], [1], [1], [1], [1], [1], [1], [1], [1], [1], [1], [1], [1], [1], [1], [1]]"
2026-01-04,o3-mini,baseline,99,True,52.00827670097351,5,1,"[[1], [1], [1], [1], [1], [1]]"
2026-01-04,o3-mini,baseline,100,True,51.82428765296936,1,1,"[[1], [1]]"
2026-01-04,o3-mini,baseline,101,True,103.1865906715393,4,1,"[[1], [1], [1, 2], [1, 2], [1]]"
2026-01-04,o3-mini,baseline,102,True,203.93971514701843,13,1,"[[1], [1], [1], [1], [1], [1], [1], [1], [1], [1], [1], [1], [1], [1]]"
2026-01-04,o3-mini,baseline,103,True,71.90348434448242,3,1,"[[1], [1, 2], [1], [1]]"
2026-01-04,o3-mini,baseline,104,True,84.33413100242615,8,1,"[[1], [1], [1], [1], [1], [1], [1], [1], [1]]"
2026-01-04,o3-mini,baseline,105,True,287.45115995407104,17,2,"[[1], [1], [1], [1], [1], [1], [1], [1], [1], [1], [1], [1], [1], [1], [1], [1], [1], [1, 2]]"
2026-01-04,o3-mini,baseline,106,True,60.07467460632324,5,1,"[[1], [1], [1], [1], [1], [1]]"
