2026-02-14,o3-mini,PDDL_Unit_action,0,True,1505.8249855041504,11,"[1, 0]","[[[1, 0]], [[1, 0]], [[1, 1], [2, 0], [3, 1]], [[1, 0], [2, 0]], [[1, 1], [2, 0]], [[1, 0]], [[1, 1]], [[1, 0]], [[1, 0]], [[1, 1]], [[1, 0]], [[1, 0]]]"
2026-02-14,o3-mini,PDDL_Unit_action,1,True,1030.5243875980377,7,"[2, 1]","[[[1, 0]], [[1, 1], [2, 1], [3, 1], [4, 0]], [[1, 0]], [[1, 0]], [[1, 0]], [[1, 0]], [[1, 0]], [[1, 0], [2, 1]]]"
2026-02-14,o3-mini,PDDL_Unit_action,2,True,125.92544889450073,2,"[1, 0]","[[[1, 0]], [[1, 0]], [[1, 0]]]"
2026-02-14,o3-mini,PDDL_Unit_action,4,True,689.487788438797,8,"[1, 0]","[[[1, 0]], [[1, 0]], [[1, 0]], [[1, 1], [2, 0]], [[1, 0], [2, 0]], [[1, 0]], [[1, 0]], [[1, 0]], [[1, 0]]]"
2026-02-14,o3-mini,PDDL_Unit_action,5,True,858.4504067897797,10,"[1, 0]","[[[1, 0]], [[1, 0]], [[1, 0], [2, 0]], [[1, 0]], [[1, 0]], [[1, 0], [2, 0]], [[1, 0], [2, 0]], [[1, 1]], [[1, 0]], [[1, 0]], [[1, 0]]]"
2026-02-14,o3-mini,PDDL_Unit_action,6,False,697.6260006427765,2,"[5, 1]","[[[1, 0]], [[1, 0]], [[1, 1], [2, 1], [3, 1], [4, 0], [5, 1]]]"
2026-02-14,o3-mini,PDDL_Unit_action,7,True,26.714303016662598,0,"[1, 0]","[[[1, 0]]]"
2026-02-14,o3-mini,PDDL_Unit_action,8,True,1099.6849074363708,12,"[1, 0]","[[[1, 0]], [[1, 0]], [[1, 1], [2, 0]], [[1, 0]], [[1, 0]], [[1, 0]], [[1, 0]], [[1, 1]], [[1, 0]], [[1, 0]], [[1, 0]], [[1, 0]], [[1, 0]]]"
2026-02-14,o3-mini,PDDL_Unit_action,10,True,1115.1562778949738,8,"[1, 1]","[[[1, 0]], [[1, 0]], [[1, 0]], [[1, 0], [2, 0], [3, 0]], [[1, 0], [2, 0]], [[1, 0]], [[1, 0]], [[1, 0]], [[1, 1]]]"
2026-02-14,o3-mini,PDDL_Unit_action,11,True,95.88841438293457,1,"[1, 0]","[[[1, 0]], [[1, 0]]]"
2026-02-14,o3-mini,PDDL_Unit_action,12,False,1237.9260640144348,4,"[5, 0]","[[[1, 0]], [[1, 1], [2, 0]], [[1, 1]], [[1, 0], [2, 0]], [[1, 1], [2, 1], [3, 1], [4, 1], [5, 0]]]"
2026-02-14,o3-mini,PDDL_Unit_action,14,True,983.2300863265991,9,"[1, 0]","[[[1, 0]], [[1, 0], [2, 0], [3, 0]], [[1, 1], [2, 0]], [[1, 1]], [[1, 0]], [[1, 0]], [[1, 0], [2, 0]], [[1, 0]], [[1, 0]], [[1, 0]]]"
2026-02-14,o3-mini,PDDL_Unit_action,15,False,710.0142312049866,2,"[5, 1]","[[[1, 0]], [[1, 0]], [[1, 1], [2, 1], [3, 1], [4, 0], [5, 1]]]"
2026-02-14,o3-mini,PDDL_Unit_action,16,True,848.5382733345032,7,"[1, 0]","[[[1, 0]], [[1, 0]], [[1, 0], [2, 0]], [[1, 0], [2, 1], [3, 1]], [[1, 0]], [[1, 0]], [[1, 0]], [[1, 0]]]"
2026-02-14,o3-mini,PDDL_Unit_action,17,True,211.85185599327087,3,"[1, 0]","[[[1, 0]], [[1, 0]], [[1, 0], [2, 0]], [[1, 0]]]"
2026-02-14,o3-mini,PDDL_Unit_action,18,True,860.9981095790863,10,"[1, 0]","[[[1, 0]], [[1, 0]], [[1, 0]], [[1, 0]], [[1, 0]], [[1, 0], [2, 0]], [[1, 0]], [[1, 0]], [[1, 0]], [[1, 0]], [[1, 0]]]"
2026-02-14,o3-mini,PDDL_Unit_action,19,True,578.0935175418854,2,"[4, 0]","[[[1, 0]], [[1, 0]], [[1, 1], [2, 1], [3, 1], [4, 0]]]"
2026-02-14,o3-mini,PDDL_Unit_action,20,True,323.95073413848877,2,"[1, 0]","[[[1, 0]], [[1, 1], [2, 0]], [[1, 0]]]"
2026-02-14,o3-mini,PDDL_Unit_action,21,True,366.76408863067627,4,"[2, 0]","[[[1, 0]], [[1, 0]], [[1, 0]], [[1, 0]], [[1, 0], [2, 0]]]"
2026-02-14,o3-mini,PDDL_Unit_action,22,True,989.1526343822479,7,"[1, 0]","[[[1, 0]], [[1, 0]], [[1, 1], [2, 0]], [[1, 1], [2, 0]], [[1, 0], [2, 1], [3, 0]], [[1, 0]], [[1, 0]], [[1, 0]]]"
2026-02-14,o3-mini,PDDL_Unit_action,23,True,676.6590795516968,8,"[1, 0]","[[[1, 0]], [[1, 0]], [[1, 1], [2, 0]], [[1, 0]], [[1, 0]], [[1, 0]], [[1, 0]], [[1, 0]], [[1, 0]]]"
2026-02-14,o3-mini,PDDL_Unit_action,24,False,511.0154583454132,2,"[5, 0]","[[[1, 0]], [[1, 0]], [[1, 0], [2, 0], [3, 1], [4, 0], [5, 0]]]"
2026-02-14,o3-mini,PDDL_Unit_action,26,False,743.9080119132996,2,"[5, 3]","[[[1, 0]], [[1, 0]], [[1, 0], [2, 1], [3, 1], [4, 0], [5, 3]]]"
2026-02-14,o3-mini,PDDL_Unit_action,27,True,43.29306125640869,0,"[1, 0]","[[[1, 0]]]"
2026-02-14,o3-mini,PDDL_Unit_action,28,True,344.538601398468,4,"[1, 0]","[[[1, 0]], [[1, 0]], [[1, 1], [2, 0]], [[1, 0]], [[1, 0]]]"
2026-02-14,o3-mini,PDDL_Unit_action,29,True,1727.168640613556,11,"[1, 0]","[[[1, 0]], [[1, 1], [2, 0]], [[1, 0], [2, 0]], [[1, 0], [2, 0]], [[1, 0], [2, 0]], [[1, 0], [2, 0], [3, 0], [4, 0]], [[1, 0]], [[1, 1]], [[1, 0]], [[1, 1]], [[1, 1]], [[1, 0]]]"
2026-02-14,o3-mini,PDDL_Unit_action,30,True,619.1202850341797,8,"[1, 0]","[[[1, 0]], [[1, 0]], [[1, 1], [2, 0]], [[1, 0]], [[1, 0]], [[1, 0]], [[1, 0]], [[1, 0]], [[1, 0]]]"
2026-02-14,o3-mini,PDDL_Unit_action,31,True,57.46442127227783,0,"[1, 0]","[[[1, 0]]]"
2026-02-14,o3-mini,PDDL_Unit_action,32,True,484.97046184539795,6,"[1, 0]","[[[1, 0]], [[1, 0]], [[1, 1], [2, 0]], [[1, 0]], [[1, 0]], [[1, 0]], [[1, 0]]]"
2026-02-14,o3-mini,PDDL_Unit_action,33,False,473.1301944255829,2,"[5, 0]","[[[1, 0]], [[1, 0]], [[1, 1], [2, 0], [3, 1], [4, 0], [5, 0]]]"
2026-02-14,o3-mini,PDDL_Unit_action,34,False,529.3601408004761,2,"[5, 1]","[[[1, 0]], [[1, 0]], [[1, 0], [2, 1], [3, 1], [4, 0], [5, 1]]]"
2026-02-14,o3-mini,PDDL_Unit_action,35,True,110.61625599861145,2,"[1, 0]","[[[1, 0]], [[1, 0]], [[1, 0]]]"
2026-02-14,o3-mini,PDDL_Unit_action,36,True,353.17857551574707,3,"[1, 0]","[[[1, 0]], [[1, 1], [2, 0]], [[1, 0]], [[1, 0]]]"
2026-02-14,o3-mini,PDDL_Unit_action,37,True,786.3051285743713,10,"[1, 0]","[[[1, 0]], [[1, 0]], [[1, 0]], [[1, 1], [2, 0]], [[1, 0]], [[1, 0]], [[1, 0]], [[1, 0]], [[1, 0]], [[1, 0]], [[1, 0]]]"
2026-02-14,o3-mini,PDDL_Unit_action,38,True,252.77323484420776,2,"[2, 0]","[[[1, 0]], [[1, 0]], [[1, 0], [2, 0]]]"
2026-02-14,o3-mini,PDDL_Unit_action,39,True,1018.8520376682281,13,"[1, 0]","[[[1, 0]], [[1, 1], [2, 0]], [[1, 0]], [[1, 0], [2, 0]], [[1, 0], [2, 0]], [[1, 0]], [[1, 0], [2, 0]], [[1, 0]], [[1, 0]], [[1, 0]], [[1, 0]], [[1, 0]], [[1, 0]], [[1, 0]]]"
2026-02-14,o3-mini,PDDL_Unit_action,40,True,1332.8737208843231,11,"[1, 0]","[[[1, 0]], [[1, 0]], [[1, 0], [2, 1], [3, 1], [4, 0]], [[1, 1], [2, 0]], [[1, 0]], [[1, 0]], [[1, 0]], [[1, 0]], [[1, 0], [2, 0]], [[1, 0]], [[1, 0], [2, 0], [3, 0]], [[1, 0]]]"
2026-02-14,o3-mini,PDDL_Unit_action,41,False,517.7550368309021,2,"[5, 0]","[[[1, 0]], [[1, 0]], [[1, 1], [2, 0], [3, 0], [4, 0], [5, 0]]]"
2026-02-14,o3-mini,PDDL_Unit_action,42,True,376.7349007129669,4,"[2, 0]","[[[1, 0]], [[1, 0]], [[1, 0]], [[1, 0]], [[1, 1], [2, 0]]]"
2026-02-14,o3-mini,PDDL_Unit_action,43,True,36.260154247283936,0,"[1, 0]","[[[1, 0]]]"
2026-02-14,o3-mini,PDDL_Unit_action,44,True,528.9729237556458,8,"[1, 0]","[[[1, 0]], [[1, 0]], [[1, 0], [2, 0]], [[1, 0]], [[1, 0]], [[1, 0]], [[1, 0]], [[1, 1]], [[1, 0]]]"
2026-02-14,o3-mini,PDDL_Unit_action,45,True,419.82798743247986,5,"[1, 0]","[[[1, 0]], [[1, 0]], [[1, 0], [2, 0]], [[1, 0]], [[1, 0]], [[1, 0]]]"
2026-02-14,o3-mini,PDDL_Unit_action,46,True,40.57259750366211,0,"[1, 0]","[[[1, 0]]]"
2026-02-14,o3-mini,PDDL_Unit_action,47,False,765.640781879425,4,"[5, 1]","[[[1, 0]], [[1, 0]], [[1, 0]], [[1, 0]], [[1, 0], [2, 1], [3, 1], [4, 0], [5, 1]]]"
2026-02-14,o3-mini,PDDL_Unit_action,48,True,87.64344644546509,1,"[1, 0]","[[[1, 0]], [[1, 0]]]"
2026-02-14,o3-mini,PDDL_Unit_action,49,True,563.7556867599487,5,"[1, 0]","[[[1, 0]], [[1, 0]], [[1, 0], [2, 0]], [[1, 0], [2, 0]], [[1, 0]], [[1, 0]]]"
2026-02-14,o3-mini,PDDL_Unit_action,50,True,984.0071594715118,4,"[3, 0]","[[[1, 0]], [[1, 0]], [[1, 1], [2, 1], [3, 1], [4, 0]], [[1, 1], [2, 0]], [[1, 0], [2, 0], [3, 0]]]"
2026-02-14,o3-mini,PDDL_Unit_action,51,True,24.86422634124756,0,"[1, 0]","[[[1, 0]]]"
2026-02-14,o3-mini,PDDL_Unit_action,52,True,555.0287597179413,9,"[1, 0]","[[[1, 0]], [[1, 1], [2, 0]], [[1, 0]], [[1, 0]], [[1, 0]], [[1, 0]], [[1, 0]], [[1, 0]], [[1, 0]], [[1, 0]]]"
2026-02-14,o3-mini,PDDL_Unit_action,53,True,485.8566949367523,7,"[1, 0]","[[[1, 0]], [[1, 0]], [[1, 0], [2, 0]], [[1, 0]], [[1, 0]], [[1, 0]], [[1, 0]], [[1, 0]]]"
2026-02-14,o3-mini,PDDL_Unit_action,54,True,165.85848259925842,2,"[1, 0]","[[[1, 0]], [[1, 0]], [[1, 0]]]"
2026-02-14,o3-mini,PDDL_Unit_action,55,True,853.979433298111,8,"[1, 0]","[[[1, 0]], [[1, 0]], [[1, 0]], [[1, 0], [2, 0]], [[1, 1], [2, 0]], [[1, 0], [2, 0]], [[1, 0]], [[1, 0]], [[1, 0]]]"
2026-02-14,o3-mini,PDDL_Unit_action,56,True,27.246195077896118,0,"[1, 0]","[[[1, 0]]]"
2026-02-14,o3-mini,PDDL_Unit_action,57,False,638.0312440395355,2,"[5, 1]","[[[1, 0]], [[1, 0]], [[1, 1], [2, 1], [3, 1], [4, 0], [5, 1]]]"
2026-02-14,o3-mini,PDDL_Unit_action,58,True,1086.2206146717072,10,"[1, 0]","[[[1, 0]], [[1, 0]], [[1, 1]], [[1, 0]], [[1, 0]], [[1, 0]], [[1, 0]], [[1, 0]], [[1, 0]], [[1, 0]], [[1, 0]]]"
2026-02-14,o3-mini,PDDL_Unit_action,59,True,1177.9738941192627,10,"[1, 0]","[[[1, 0]], [[1, 1], [2, 0]], [[1, 0]], [[1, 0]], [[1, 0]], [[1, 0]], [[1, 0]], [[1, 0]], [[1, 1]], [[1, 1]], [[1, 0]]]"
2026-02-14,o3-mini,PDDL_Unit_action,60,False,1267.4663743972778,3,"[5, 1]","[[[1, 0]], [[1, 0]], [[1, 1], [2, 0]], [[1, 1], [2, 0], [3, 0], [4, 1], [5, 1]]]"
2026-02-14,o3-mini,PDDL_Unit_action,61,True,821.0624458789825,6,"[1, 0]","[[[1, 0]], [[1, 0]], [[1, 1]], [[1, 0], [2, 0]], [[1, 0], [2, 0]], [[1, 0]], [[1, 0]]]"
2026-02-14,o3-mini,PDDL_Unit_action,62,True,672.7312955856323,7,"[1, 0]","[[[1, 0]], [[1, 0]], [[1, 0], [2, 0]], [[1, 0]], [[1, 0], [2, 0]], [[1, 0]], [[1, 0]], [[1, 0]]]"
2026-02-14,o3-mini,PDDL_Unit_action,63,True,1314.1093816757202,6,"[2, 1]","[[[1, 0]], [[1, 0], [2, 1], [3, 1], [4, 0]], [[1, 1]], [[1, 0]], [[1, 0]], [[1, 0]], [[1, 1], [2, 1]]]"
2026-02-14,o3-mini,PDDL_Unit_action,64,True,959.44180560112,11,"[1, 0]","[[[1, 0]], [[1, 0]], [[1, 0]], [[1, 0], [2, 0]], [[1, 0]], [[1, 0]], [[1, 0]], [[1, 0]], [[1, 1]], [[1, 0]], [[1, 0]], [[1, 0]]]"
2026-02-14,o3-mini,PDDL_Unit_action,65,True,464.6405749320984,4,"[1, 0]","[[[1, 0]], [[1, 1], [2, 0], [3, 0]], [[1, 0]], [[1, 0]], [[1, 0]]]"
2026-02-14,o3-mini,PDDL_Unit_action,66,True,957.1207754611969,10,"[1, 0]","[[[1, 0]], [[1, 0]], [[1, 0]], [[1, 0], [2, 0]], [[1, 0]], [[1, 0]], [[1, 1]], [[1, 0]], [[1, 0]], [[1, 0]], [[1, 0]]]"
2026-02-14,o3-mini,PDDL_Unit_action,67,True,1127.8196966648102,10,"[1, 0]","[[[1, 0]], [[1, 0]], [[1, 0], [2, 0]], [[1, 0], [2, 0]], [[1, 0]], [[1, 0]], [[1, 0]], [[1, 0]], [[1, 1]], [[1, 1]], [[1, 0]]]"
2026-02-14,o3-mini,PDDL_Unit_action,68,True,491.1725616455078,6,"[1, 0]","[[[1, 0]], [[1, 0]], [[1, 0]], [[1, 0]], [[1, 0], [2, 0]], [[1, 0]], [[1, 0]]]"
2026-02-14,o3-mini,PDDL_Unit_action,70,False,612.4769990444183,2,"[5, 1]","[[[1, 0]], [[1, 0]], [[1, 0], [2, 1], [3, 1], [4, 0], [5, 1]]]"
2026-02-14,o3-mini,PDDL_Unit_action,71,True,841.2836081981659,10,"[1, 0]","[[[1, 0]], [[1, 0]], [[1, 0]], [[1, 0]], [[1, 0]], [[1, 0], [2, 0]], [[1, 0]], [[1, 0]], [[1, 0]], [[1, 0]], [[1, 0]]]"
2026-02-14,o3-mini,PDDL_Unit_action,72,True,2056.36039185524,9,"[1, 0]","[[[1, 0]], [[1, 0]], [[1, 0], [2, 0]], [[1, 0], [2, 0], [3, 0], [4, 1], [5, 0]], [[1, 1]], [[1, 1]], [[1, 0]], [[1, 0]], [[1, 0]], [[1, 0]]]"
2026-02-14,o3-mini,PDDL_Unit_action,73,False,1000.7840669155121,4,"[5, 1]","[[[1, 0]], [[1, 0]], [[1, 0]], [[1, 0]], [[1, 0], [2, 1], [3, 1], [4, 0], [5, 1]]]"
2026-02-14,o3-mini,PDDL_Unit_action,74,True,930.6066443920135,7,"[1, 0]","[[[1, 0]], [[1, 0], [2, 0]], [[1, 0]], [[1, 0]], [[1, 0], [2, 0]], [[1, 0]], [[1, 0]], [[1, 0]]]"
2026-02-14,o3-mini,PDDL_Unit_action,75,True,872.65185713768,7,"[1, 0]","[[[1, 0]], [[1, 0]], [[1, 0], [2, 0]], [[1, 0]], [[1, 0]], [[1, 0]], [[1, 0], [2, 0]], [[1, 0]]]"
2026-02-14,o3-mini,PDDL_Unit_action,76,True,1450.3344452381134,7,"[1, 0]","[[[1, 0]], [[1, 0]], [[1, 1], [2, 0]], [[1, 1]], [[1, 0]], [[1, 0]], [[1, 0], [2, 0]], [[1, 0]]]"
2026-02-14,o3-mini,PDDL_Unit_action,77,True,36.581284523010254,0,"[1, 0]","[[[1, 0]]]"
2026-02-14,o3-mini,PDDL_Unit_action,78,True,1539.1354520320892,5,"[3, 0]","[[[1, 0]], [[1, 0]], [[1, 0]], [[1, 0], [2, 0]], [[1, 1], [2, 0], [3, 0], [4, 0]], [[1, 0], [2, 0], [3, 0]]]"
2026-02-14,o3-mini,PDDL_Unit_action,79,True,1419.554209470749,8,"[1, 0]","[[[1, 0]], [[1, 0]], [[1, 0], [2, 0]], [[1, 1], [2, 0], [3, 0], [4, 0]], [[1, 1], [2, 0]], [[1, 0]], [[1, 0]], [[1, 0]], [[1, 0]]]"
2026-02-14,o3-mini,PDDL_Unit_action,80,True,652.1787211894989,8,"[1, 0]","[[[1, 0]], [[1, 0]], [[1, 0], [2, 0]], [[1, 0]], [[1, 0]], [[1, 0]], [[1, 0]], [[1, 0]], [[1, 0]]]"
2026-02-14,o3-mini,PDDL_Unit_action,81,True,792.6921100616455,7,"[1, 1]","[[[1, 0]], [[1, 0]], [[1, 1], [2, 0]], [[1, 0]], [[1, 1]], [[1, 0]], [[1, 0]], [[1, 1]]]"
2026-02-14,o3-mini,PDDL_Unit_action,82,True,834.5839185714722,8,"[1, 0]","[[[1, 0]], [[1, 0]], [[1, 1], [2, 0]], [[1, 0]], [[1, 0]], [[1, 0]], [[1, 0]], [[1, 0]], [[1, 0]]]"
2026-02-14,o3-mini,PDDL_Unit_action,83,True,36.6173882484436,0,"[1, 0]","[[[1, 0]]]"
2026-02-14,o3-mini,PDDL_Unit_action,84,True,43.95301628112793,0,"[1, 0]","[[[1, 0]]]"
2026-02-14,o3-mini,PDDL_Unit_action,85,True,1281.8899471759796,4,"[2, 1]","[[[1, 0]], [[1, 0]], [[1, 0]], [[1, 0], [2, 1], [3, 1], [4, 0]], [[1, 1], [2, 1]]]"
2026-02-14,o3-mini,PDDL_Unit_action,86,True,1522.6307137012482,10,"[1, 0]","[[[1, 0]], [[1, 0]], [[1, 1], [2, 0], [3, 0]], [[1, 0]], [[1, 0], [2, 0]], [[1, 0], [2, 0]], [[1, 0]], [[1, 0]], [[1, 0]], [[1, 0]], [[1, 0]]]"
2026-02-14,o3-mini,PDDL_Unit_action,87,True,351.725257396698,4,"[1, 0]","[[[1, 0]], [[1, 0]], [[1, 0]], [[1, 0], [2, 0]], [[1, 0]]]"
2026-02-14,o3-mini,PDDL_Unit_action,88,True,598.8240630626678,3,"[3, 0]","[[[1, 0]], [[1, 0]], [[1, 1]], [[1, 0], [2, 0], [3, 0]]]"
2026-02-14,o3-mini,PDDL_Unit_action,90,True,271.933025598526,1,"[2, 0]","[[[1, 0]], [[1, 1], [2, 0]]]"
2026-02-14,o3-mini,PDDL_Unit_action,91,True,590.4375057220459,4,"[2, 0]","[[[1, 0]], [[1, 0]], [[1, 0]], [[1, 0]], [[1, 1], [2, 0]]]"
2026-02-14,o3-mini,PDDL_Unit_action,92,True,1153.2878980636597,4,"[2, 0]","[[[1, 0]], [[1, 0]], [[1, 1], [2, 0], [3, 1], [4, 0]], [[1, 0]], [[1, 0], [2, 0]]]"
2026-02-15,o3-mini,PDDL_Unit_action,93,True,2222.662445783615,14,"[1, 0]","[[[1, 0]], [[1, 0]], [[1, 1], [2, 0]], [[1, 0], [2, 0]], [[1, 0]], [[1, 0]], [[1, 0]], [[1, 1], [2, 1], [3, 1]], [[1, 0], [2, 0]], [[1, 0]], [[1, 1]], [[1, 0]], [[1, 0]], [[1, 0]], [[1, 0]]]"
2026-02-15,o3-mini,PDDL_Unit_action,94,True,1382.2429671287537,9,"[1, 0]","[[[1, 0]], [[1, 1], [2, 0]], [[1, 0]], [[1, 0]], [[1, 0]], [[1, 0]], [[1, 0]], [[1, 0]], [[1, 0]], [[1, 0]]]"
2026-02-15,o3-mini,PDDL_Unit_action,96,True,2580.007081747055,16,"[1, 0]","[[[1, 0]], [[1, 1], [2, 0]], [[1, 0], [2, 0]], [[1, 1], [2, 0]], [[1, 0]], [[1, 1], [2, 1]], [[1, 1]], [[1, 1]], [[1, 0]], [[1, 0]], [[1, 0]], [[1, 0]], [[1, 0], [2, 0]], [[1, 0]], [[1, 0]], [[1, 0]], [[1, 0]]]"
2026-02-15,o3-mini,PDDL_Unit_action,97,True,944.3674960136414,5,"[2, 0]","[[[1, 0]], [[1, 0]], [[1, 1], [2, 0]], [[1, 1], [2, 0]], [[1, 1]], [[1, 0], [2, 0]]]"
2026-02-15,o3-mini,PDDL_Unit_action,98,True,900.8797442913055,4,"[1, 0]","[[[1, 0]], [[1, 0]], [[1, 0], [2, 1], [3, 0], [4, 1]], [[1, 0], [2, 0], [3, 0]], [[1, 0]]]"
2026-02-15,o3-mini,PDDL_Unit_action,99,True,1222.5632286071777,11,"[1, 0]","[[[1, 0]], [[1, 0]], [[1, 0], [2, 0]], [[1, 1], [2, 0]], [[1, 0]], [[1, 0]], [[1, 1]], [[1, 0]], [[1, 0]], [[1, 0]], [[1, 0]], [[1, 0]]]"
2026-02-15,o3-mini,PDDL_Unit_action,100,True,307.3365755081177,2,"[1, 0]","[[[1, 0]], [[1, 1], [2, 0]], [[1, 0]]]"
2026-02-15,o3-mini,PDDL_Unit_action,101,True,460.30424785614014,5,"[1, 0]","[[[1, 0]], [[1, 0]], [[1, 0]], [[1, 0], [2, 0]], [[1, 0]], [[1, 0]]]"
2026-02-15,o3-mini,PDDL_Unit_action,102,False,1294.0599892139435,3,"[5, 1]","[[[1, 0]], [[1, 0]], [[1, 1], [2, 0]], [[1, 0], [2, 0], [3, 0], [4, 2], [5, 1]]]"
2026-02-15,o3-mini,PDDL_Unit_action,103,False,1637.94371175766,7,"[5, 0]","[[[1, 0]], [[1, 1], [2, 0]], [[1, 1], [2, 0]], [[1, 0]], [[1, 0]], [[1, 0]], [[1, 0]], [[1, 1], [2, 1], [3, 1], [4, 0], [5, 0]]]"
2026-02-15,o3-mini,PDDL_Unit_action,104,True,899.4955914020538,9,"[1, 0]","[[[1, 0]], [[1, 0]], [[1, 1], [2, 0]], [[1, 0]], [[1, 1]], [[1, 0]], [[1, 0]], [[1, 0]], [[1, 1]], [[1, 0]]]"
2026-02-15,o3-mini,PDDL_Unit_action,105,True,1107.7357549667358,7,"[1, 0]","[[[1, 0]], [[1, 0]], [[1, 1], [2, 0]], [[1, 0], [2, 0], [3, 0]], [[1, 0], [2, 0]], [[1, 0]], [[1, 1]], [[1, 0]]]"
2026-02-15,o3-mini,PDDL_Unit_action,106,True,653.2651596069336,2,"[1, 0]","[[[1, 0]], [[1, 1], [2, 1], [3, 3], [4, 0]], [[1, 0]]]"
2026-02-15,o3-mini,PDDL,0,True,1285.477737903595,10,"[1, 1]","[[[1, 0]], [[1, 1]], [[1, 0]], [[1, 0]], [[1, 0]], [[1, 0]], [[1, 0]], [[1, 0]], [[1, 0]], [[1, 1]], [[1, 1]]]"
2026-02-15,o3-mini,PDDL,1,True,514.4644570350647,6,"[1, 0]","[[[1, 0]], [[1, 0]], [[1, 0]], [[1, 0]], [[1, 0]], [[1, 0]], [[1, 0]]]"
2026-02-15,o3-mini,PDDL,2,True,291.2851634025574,2,"[1, 0]","[[[1, 0]], [[1, 0]], [[1, 0]]]"
2026-02-15,o3-mini,PDDL,4,True,315.43706917762756,3,"[1, 0]","[[[1, 1]], [[1, 0]], [[1, 0]], [[1, 0]]]"
2026-02-15,o3-mini,PDDL,5,True,147.66619038581848,1,"[1, 0]","[[[1, 0]], [[1, 0]]]"
2026-02-15,o3-mini,PDDL,6,True,757.9485220909119,9,"[1, 0]","[[[1, 0]], [[1, 0]], [[1, 0]], [[1, 0]], [[1, 0]], [[1, 0]], [[1, 0]], [[1, 0]], [[1, 0]], [[1, 0]]]"
2026-02-15,o3-mini,PDDL,7,True,46.09939527511597,0,"[1, 0]","[[[1, 0]]]"
2026-02-15,o3-mini,PDDL,8,True,1365.934487104416,10,"[1, 0]","[[[1, 0]], [[1, 0]], [[1, 0], [2, 0]], [[1, 0]], [[1, 0]], [[1, 0], [2, 0]], [[1, 0]], [[1, 0]], [[1, 0]], [[1, 0]], [[1, 0]]]"
2026-02-15,o3-mini,PDDL,10,True,509.4563548564911,5,"[1, 0]","[[[1, 0]], [[1, 0]], [[1, 0]], [[1, 0]], [[1, 1]], [[1, 0]]]"
2026-02-15,o3-mini,PDDL,11,True,132.88082480430603,1,"[1, 0]","[[[1, 0]], [[1, 0]]]"
2026-02-15,o3-mini,PDDL,12,True,709.042366027832,8,"[1, 0]","[[[1, 0]], [[1, 0]], [[1, 0]], [[1, 0]], [[1, 0]], [[1, 0]], [[1, 0]], [[1, 0]], [[1, 0]]]"
2026-02-15,o3-mini,PDDL,14,True,875.1421313285828,7,"[3, 0]","[[[1, 0]], [[1, 0]], [[1, 0]], [[1, 0], [2, 0]], [[1, 0], [2, 0]], [[1, 0]], [[1, 0]], [[1, 0], [2, 0], [3, 0]]]"
2026-02-15,o3-mini,PDDL,15,True,816.8994698524475,6,"[1, 0]","[[[1, 0]], [[1, 0]], [[1, 1]], [[1, 0]], [[1, 0]], [[1, 0]], [[1, 0]]]"
2026-02-15,o3-mini,PDDL,16,True,178.55312657356262,2,"[1, 0]","[[[1, 0]], [[1, 0]], [[1, 0]]]"
2026-02-15,o3-mini,PDDL,17,True,317.77114701271057,4,"[1, 0]","[[[1, 0]], [[1, 0]], [[1, 0]], [[1, 0]], [[1, 0]]]"
2026-02-15,o3-mini,PDDL,18,True,2566.3332312107086,17,"[1, 0]","[[[1, 0]], [[1, 0]], [[1, 0], [2, 0]], [[1, 0]], [[1, 0]], [[1, 0]], [[1, 1]], [[1, 0]], [[1, 1]], [[1, 0]], [[1, 1]], [[1, 0]], [[1, 0]], [[1, 1]], [[1, 0]], [[1, 0]], [[1, 0]], [[1, 0]]]"
2026-02-15,o3-mini,PDDL,19,True,492.191752910614,6,"[1, 0]","[[[1, 0]], [[1, 0]], [[1, 0]], [[1, 0]], [[1, 0]], [[1, 0]], [[1, 0]]]"
2026-02-15,o3-mini,PDDL,20,True,434.0578148365021,3,"[1, 0]","[[[1, 0], [2, 0], [3, 0], [4, 0]], [[1, 0]], [[1, 0]], [[1, 0]]]"
2026-02-15,o3-mini,PDDL,21,True,639.2270214557648,8,"[1, 0]","[[[1, 0]], [[1, 0]], [[1, 0]], [[1, 0]], [[1, 0]], [[1, 0]], [[1, 0]], [[1, 0]], [[1, 0]]]"
2026-02-15,o3-mini,PDDL,22,True,315.7643277645111,3,"[1, 0]","[[[1, 0]], [[1, 0]], [[1, 0]], [[1, 0]]]"
2026-02-15,o3-mini,PDDL,23,True,181.84098982810974,2,"[1, 0]","[[[1, 0]], [[1, 0]], [[1, 0]]]"
2026-02-15,o3-mini,PDDL,24,True,479.1653904914856,3,"[4, 0]","[[[1, 0]], [[1, 0]], [[1, 0]], [[1, 0], [2, 0], [3, 0], [4, 0]]]"
2026-02-15,o3-mini,PDDL,26,True,135.7105302810669,1,"[1, 0]","[[[1, 0]], [[1, 0]]]"
2026-02-15,o3-mini,PDDL,27,True,63.63867402076721,0,"[1, 0]","[[[1, 0]]]"
2026-02-15,o3-mini,PDDL,28,True,248.24566984176636,2,"[1, 0]","[[[1, 0]], [[1, 0]], [[1, 0]]]"
2026-02-15,o3-mini,PDDL,29,True,589.3470776081085,8,"[1, 0]","[[[1, 0]], [[1, 0]], [[1, 0]], [[1, 0]], [[1, 0]], [[1, 0]], [[1, 0]], [[1, 0]], [[1, 0]]]"
2026-02-15,o3-mini,PDDL,30,True,803.754608631134,7,"[2, 0]","[[[1, 0]], [[1, 0]], [[1, 0]], [[1, 0]], [[1, 0]], [[1, 0]], [[1, 0], [2, 0]], [[1, 0], [2, 0]]]"
2026-02-15,o3-mini,PDDL,31,True,52.73476219177246,0,"[1, 0]","[[[1, 0]]]"
2026-02-15,o3-mini,PDDL,32,True,434.2367374897003,6,"[1, 0]","[[[1, 0]], [[1, 0]], [[1, 0]], [[1, 0]], [[1, 0]], [[1, 1]], [[1, 0]]]"
2026-02-15,o3-mini,PDDL,33,True,1120.6106853485107,9,"[1, 0]","[[[1, 0]], [[1, 0]], [[1, 0]], [[1, 0], [2, 0], [3, 0]], [[1, 0]], [[1, 0]], [[1, 0]], [[1, 0]], [[1, 0]], [[1, 0]]]"
2026-02-15,o3-mini,PDDL,34,True,570.4372663497925,6,"[1, 0]","[[[1, 2]], [[1, 0]], [[1, 0]], [[1, 0]], [[1, 0]], [[1, 0]], [[1, 0]]]"
2026-02-15,o3-mini,PDDL,35,True,162.083074092865,2,"[1, 0]","[[[1, 0]], [[1, 0]], [[1, 0]]]"
2026-02-15,o3-mini,PDDL,36,True,462.7220928668976,6,"[1, 0]","[[[1, 0]], [[1, 0]], [[1, 0]], [[1, 0]], [[1, 0]], [[1, 0]], [[1, 0]]]"
2026-02-15,o3-mini,PDDL,37,True,816.0219588279724,8,"[1, 0]","[[[1, 0]], [[1, 0]], [[1, 0], [2, 0]], [[1, 0]], [[1, 0]], [[1, 0], [2, 0]], [[1, 0]], [[1, 0]], [[1, 0]]]"
2026-02-15,o3-mini,PDDL,38,True,539.8677709102631,7,"[1, 0]","[[[1, 0]], [[1, 0]], [[1, 0]], [[1, 0]], [[1, 0]], [[1, 0]], [[1, 0]], [[1, 0]]]"
2026-02-15,o3-mini,PDDL,39,True,1149.826155424118,9,"[1, 0]","[[[1, 0]], [[1, 0]], [[1, 0]], [[1, 0]], [[1, 0], [2, 0]], [[1, 0]], [[1, 0], [2, 0]], [[1, 0]], [[1, 1], [2, 0]], [[1, 0]]]"
2026-02-15,o3-mini,PDDL,40,True,1339.7369368076324,10,"[1, 0]","[[[1, 0]], [[1, 0]], [[1, 0]], [[1, 0]], [[1, 0]], [[1, 0], [2, 0]], [[1, 0]], [[1, 0], [2, 0], [3, 0]], [[1, 1]], [[1, 0]], [[1, 0]]]"
2026-02-15,o3-mini,PDDL,41,True,614.0955386161804,8,"[1, 0]","[[[1, 0]], [[1, 0]], [[1, 0]], [[1, 0]], [[1, 0]], [[1, 0]], [[1, 0]], [[1, 0]], [[1, 0]]]"
2026-02-15,o3-mini,PDDL,42,True,168.0319049358368,2,"[1, 0]","[[[1, 0]], [[1, 0]], [[1, 0]]]"
2026-02-15,o3-mini,PDDL,43,True,136.6720986366272,0,"[1, 0]","[[[1, 0]]]"
2026-02-15,o3-mini,PDDL,44,True,781.9073402881622,8,"[1, 0]","[[[1, 0]], [[1, 0]], [[1, 0]], [[1, 0]], [[1, 0]], [[1, 0], [2, 0], [3, 0]], [[1, 0]], [[1, 1]], [[1, 0]]]"
2026-02-15,o3-mini,PDDL,45,True,478.3748450279236,4,"[1, 0]","[[[1, 0]], [[1, 0]], [[1, 1]], [[1, 0]], [[1, 0]]]"
2026-02-15,o3-mini,PDDL,46,True,65.85514187812805,0,"[1, 0]","[[[1, 0]]]"
2026-02-15,o3-mini,PDDL,47,True,1026.5187621116638,9,"[1, 0]","[[[1, 0]], [[1, 0]], [[1, 0]], [[1, 0]], [[1, 0]], [[1, 0]], [[1, 0], [2, 0], [3, 0]], [[1, 0]], [[1, 1]], [[1, 0]]]"
2026-02-15,o3-mini,PDDL,48,True,114.3300838470459,1,"[1, 0]","[[[1, 0]], [[1, 0]]]"
2026-02-15,o3-mini,PDDL,49,True,224.95907521247864,2,"[1, 0]","[[[1, 0]], [[1, 0]], [[1, 0]]]"
2026-02-15,o3-mini,PDDL,50,True,711.8106050491333,8,"[1, 0]","[[[1, 0]], [[1, 0]], [[1, 0]], [[1, 0]], [[1, 0]], [[1, 0]], [[1, 0]], [[1, 0]], [[1, 0]]]"
2026-02-15,o3-mini,PDDL,51,True,64.88089418411255,0,"[1, 0]","[[[1, 0]]]"
2026-02-15,o3-mini,PDDL,52,True,652.3316924571991,6,"[1, 0]","[[[1, 0]], [[1, 0], [2, 0]], [[1, 0], [2, 0]], [[1, 0]], [[1, 0]], [[1, 0]], [[1, 0]]]"
2026-02-15,o3-mini,PDDL,53,True,454.3985707759857,5,"[1, 0]","[[[1, 0]], [[1, 0]], [[1, 0]], [[1, 0]], [[1, 0]], [[1, 0]]]"
2026-02-15,o3-mini,PDDL,54,True,153.1828076839447,2,"[1, 0]","[[[1, 0]], [[1, 0]], [[1, 0]]]"
2026-02-15,o3-mini,PDDL,55,True,381.40120458602905,3,"[1, 0]","[[[1, 0]], [[1, 0]], [[1, 0]], [[1, 0]]]"
2026-02-15,o3-mini,PDDL,56,True,63.51133966445923,0,"[1, 0]","[[[1, 0]]]"
2026-02-15,o3-mini,PDDL,57,True,365.2513747215271,4,"[1, 0]","[[[1, 0]], [[1, 0]], [[1, 0]], [[1, 0]], [[1, 0]]]"
2026-02-15,o3-mini,PDDL,58,True,988.257230758667,9,"[2, 0]","[[[1, 0]], [[1, 0]], [[1, 0]], [[1, 0]], [[1, 0]], [[1, 0]], [[1, 0]], [[1, 0]], [[1, 0]], [[1, 0], [2, 0]]]"
2026-02-15,o3-mini,PDDL,59,True,352.3452422618866,4,"[1, 0]","[[[1, 0]], [[1, 0]], [[1, 0]], [[1, 0]], [[1, 0]]]"
2026-02-15,o3-mini,PDDL,60,True,819.8858559131622,9,"[1, 0]","[[[1, 0]], [[1, 0]], [[1, 0]], [[1, 0]], [[1, 0]], [[1, 0]], [[1, 0]], [[1, 0]], [[1, 0]], [[1, 0]]]"
2026-02-15,o3-mini,PDDL,61,False,1741.3938336372375,8,"[5, 0]","[[[1, 0]], [[1, 0]], [[1, 0]], [[1, 0]], [[1, 0], [2, 0]], [[1, 0]], [[1, 0], [2, 0]], [[1, 0], [2, 0], [3, 0], [4, 0], [5, 0]], [[1, 0], [2, 0], [3, 0], [4, 0], [5, 0]]]"
2026-02-15,o3-mini,PDDL,62,True,610.1276371479034,7,"[1, 0]","[[[1, 0]], [[1, 0], [2, 0]], [[1, 0]], [[1, 0]], [[1, 0]], [[1, 0]], [[1, 0]], [[1, 0]]]"
2026-02-15,o3-mini,PDDL,63,True,147.33578443527222,2,"[1, 0]","[[[1, 0]], [[1, 0]], [[1, 0]]]"
2026-02-15,o3-mini,PDDL,64,True,324.7495987415314,4,"[1, 0]","[[[1, 0]], [[1, 0]], [[1, 0]], [[1, 0]], [[1, 0]]]"
2026-02-15,o3-mini,PDDL,65,True,39.110344648361206,0,"[1, 0]","[[[1, 0]]]"
2026-02-15,o3-mini,PDDL,66,True,162.06681275367737,2,"[1, 0]","[[[1, 0]], [[1, 0]], [[1, 0]]]"
2026-02-15,o3-mini,PDDL,67,True,593.8251731395721,5,"[1, 0]","[[[1, 0]], [[1, 0]], [[1, 0]], [[1, 0]], [[1, 0]], [[1, 0]]]"
2026-02-15,o3-mini,PDDL,68,True,971.7500536441803,9,"[1, 0]","[[[1, 3]], [[1, 0]], [[1, 0]], [[1, 0]], [[1, 0], [2, 0]], [[1, 0]], [[1, 0]], [[1, 0]], [[1, 0]], [[1, 0]]]"
2026-02-15,o3-mini,PDDL,70,True,305.742084980011,2,"[3, 0]","[[[1, 0]], [[1, 0]], [[1, 0], [2, 0], [3, 0]]]"
2026-02-15,o3-mini,PDDL,71,True,879.9720892906189,10,"[1, 0]","[[[1, 0]], [[1, 0]], [[1, 0]], [[1, 0]], [[1, 0]], [[1, 0]], [[1, 0]], [[1, 0]], [[1, 0]], [[1, 1]], [[1, 0]]]"
2026-02-15,o3-mini,PDDL,72,True,460.49924182891846,5,"[1, 0]","[[[1, 0]], [[1, 0]], [[1, 0]], [[1, 0]], [[1, 0]], [[1, 0]]]"
2026-02-15,o3-mini,PDDL,73,True,166.202894449234,3,"[1, 0]","[[[1, 0]], [[1, 0]], [[1, 0]], [[1, 0]]]"
2026-02-15,o3-mini,PDDL,74,True,528.8088624477386,6,"[1, 0]","[[[1, 1]], [[1, 0]], [[1, 0]], [[1, 0]], [[1, 0]], [[1, 0]], [[1, 0]]]"
2026-02-15,o3-mini,PDDL,75,True,1012.7065060138702,9,"[1, 0]","[[[1, 0]], [[1, 0]], [[1, 0]], [[1, 0], [2, 0]], [[1, 0]], [[1, 0]], [[1, 1]], [[1, 0]], [[1, 0]], [[1, 0]]]"
2026-02-15,o3-mini,PDDL,76,True,712.1137943267822,5,"[1, 0]","[[[1, 0]], [[1, 0]], [[1, 0]], [[1, 0]], [[1, 0]], [[1, 0]]]"
2026-02-15,o3-mini,PDDL,77,True,44.435078382492065,0,"[1, 0]","[[[1, 0]]]"
2026-02-15,o3-mini,PDDL,78,True,981.7893552780151,9,"[1, 0]","[[[1, 0]], [[1, 0]], [[1, 0]], [[1, 1]], [[1, 0]], [[1, 0]], [[1, 0]], [[1, 0]], [[1, 0]], [[1, 0]]]"
2026-02-15,o3-mini,PDDL,79,True,961.0072002410889,9,"[1, 0]","[[[1, 0]], [[1, 0]], [[1, 0], [2, 0]], [[1, 0]], [[1, 0]], [[1, 0]], [[1, 0], [2, 0]], [[1, 0]], [[1, 0]], [[1, 0]]]"
2026-02-15,o3-mini,PDDL,80,True,432.69564390182495,6,"[1, 0]","[[[1, 0]], [[1, 0]], [[1, 0]], [[1, 0]], [[1, 0]], [[1, 0]], [[1, 0]]]"
2026-02-15,o3-mini,PDDL,81,True,809.5140779018402,7,"[1, 0]","[[[1, 0]], [[1, 0]], [[1, 0]], [[1, 0]], [[1, 0], [2, 0]], [[1, 0]], [[1, 0]], [[1, 0]]]"
2026-02-15,o3-mini,PDDL,82,True,654.8163566589355,7,"[1, 0]","[[[1, 0]], [[1, 0]], [[1, 0]], [[1, 0]], [[1, 0]], [[1, 0]], [[1, 0]], [[1, 0]]]"
2026-02-15,o3-mini,PDDL,83,True,69.87611317634583,0,"[1, 0]","[[[1, 0]]]"
2026-02-15,o3-mini,PDDL,84,True,56.91791105270386,0,"[1, 0]","[[[1, 0]]]"
2026-02-15,o3-mini,PDDL,85,True,574.9675049781799,5,"[1, 0]","[[[1, 0]], [[1, 0], [2, 0]], [[1, 0]], [[1, 0], [2, 0]], [[1, 0]], [[1, 0]]]"
2026-02-15,o3-mini,PDDL,86,True,717.6770374774933,7,"[1, 0]","[[[1, 0]], [[1, 0]], [[1, 0]], [[1, 0]], [[1, 0]], [[1, 0]], [[1, 0]], [[1, 0]]]"
2026-02-15,o3-mini,PDDL,87,True,719.6605315208435,5,"[1, 0]","[[[1, 0]], [[1, 0]], [[1, 0]], [[1, 0]], [[1, 0], [2, 0]], [[1, 0]]]"
2026-02-15,o3-mini,PDDL,88,True,224.2511851787567,3,"[1, 0]","[[[1, 0]], [[1, 0]], [[1, 0]], [[1, 0]]]"
2026-02-15,o3-mini,PDDL,90,True,116.93200063705444,1,"[1, 0]","[[[1, 0]], [[1, 0]]]"
2026-02-15,o3-mini,PDDL,91,True,707.0007154941559,6,"[2, 0]","[[[1, 0]], [[1, 0]], [[1, 0]], [[1, 0]], [[1, 0]], [[1, 0]], [[1, 0], [2, 0]]]"
2026-02-15,o3-mini,PDDL,92,True,440.21433305740356,4,"[1, 0]","[[[1, 0]], [[1, 0]], [[1, 1]], [[1, 0]], [[1, 0]]]"
2026-02-15,o3-mini,PDDL,93,True,975.2191987037659,10,"[1, 0]","[[[1, 0]], [[1, 0]], [[1, 0]], [[1, 0]], [[1, 0]], [[1, 0]], [[1, 0]], [[1, 0]], [[1, 0]], [[1, 0]], [[1, 0]]]"
2026-02-15,o3-mini,PDDL,94,True,874.5640490055084,8,"[2, 0]","[[[1, 0]], [[1, 0]], [[1, 0]], [[1, 0]], [[1, 0], [2, 0]], [[1, 0]], [[1, 0]], [[1, 0]], [[1, 0], [2, 0]]]"
2026-02-15,o3-mini,PDDL,96,True,739.3786177635193,6,"[3, 0]","[[[1, 0]], [[1, 1]], [[1, 0]], [[1, 0]], [[1, 0]], [[1, 0]], [[1, 0], [2, 0], [3, 0]]]"
2026-02-15,o3-mini,PDDL,97,True,338.0313494205475,2,"[2, 0]","[[[1, 0]], [[1, 0]], [[1, 0], [2, 0]]]"
2026-02-15,o3-mini,PDDL,98,True,1681.6411817073822,8,"[1, 0]","[[[1, 0]], [[1, 0]], [[1, 0]], [[1, 0], [2, 0], [3, 0]], [[1, 0]], [[1, 0]], [[1, 0], [2, 0], [3, 0], [4, 0]], [[1, 1]], [[1, 0]]]"
2026-02-15,o3-mini,PDDL,99,True,448.66847229003906,4,"[1, 0]","[[[1, 0]], [[1, 0]], [[1, 0]], [[1, 0]], [[1, 0]]]"
2026-02-15,o3-mini,PDDL,100,True,38.582438230514526,0,"[1, 0]","[[[1, 0]]]"
2026-02-15,o3-mini,PDDL,101,True,308.02288842201233,3,"[1, 0]","[[[1, 0]], [[1, 0]], [[1, 0]], [[1, 0]]]"
2026-02-15,o3-mini,PDDL,102,True,211.96922731399536,2,"[2, 0]","[[[1, 0]], [[1, 0]], [[1, 0], [2, 0]]]"
2026-02-15,o3-mini,PDDL,103,True,103.23343706130981,1,"[1, 0]","[[[1, 0]], [[1, 0]]]"
2026-02-15,o3-mini,PDDL,104,True,218.0640892982483,3,"[1, 0]","[[[1, 0]], [[1, 0]], [[1, 0]], [[1, 0]]]"
2026-02-15,o3-mini,PDDL,105,True,916.3694040775299,9,"[1, 0]","[[[1, 0]], [[1, 0]], [[1, 0]], [[1, 0]], [[1, 0]], [[1, 0]], [[1, 0]], [[1, 0]], [[1, 0]], [[1, 0]]]"
2026-02-15,o3-mini,PDDL,106,True,605.5376253128052,7,"[1, 0]","[[[1, 0]], [[1, 0]], [[1, 0]], [[1, 0]], [[1, 0], [2, 0]], [[1, 0]], [[1, 0]], [[1, 0]]]"
2026-02-15,o3-mini,baseline,0,False,334.39578890800476,19,1,"[[1], [1], [1], [1], [1], [1], [1], [1], [1], [1], [1], [1], [1], [1], [1], [1], [1], [1], [1], [1]]"
2026-02-15,o3-mini,baseline,1,True,225.67872714996338,10,1,"[[1], [1], [1], [1], [1], [1, 2], [1], [1], [1], [1], [1]]"
2026-02-15,o3-mini,baseline,2,True,30.921025037765503,2,1,"[[1], [1], [1]]"
2026-02-15,o3-mini,baseline,4,True,170.49751687049866,4,4,"[[1], [1], [1], [1], [1, 2, 3, 4]]"
2026-02-15,o3-mini,baseline,5,True,18.407610177993774,2,1,"[[1], [1], [1]]"
2026-02-15,o3-mini,baseline,6,True,385.74084424972534,19,2,"[[1], [1], [1], [1], [1], [1], [1], [1], [1], [1], [1], [1], [1], [1], [1], [1], [1], [1], [1], [1, 2]]"
2026-02-15,o3-mini,baseline,7,True,7.0198469161987305,0,1,[[1]]
2026-02-15,o3-mini,baseline,8,False,370.68166995048523,19,1,"[[1], [1], [1], [1], [1], [1], [1], [1, 2], [1, 2], [1], [1], [1], [1], [1], [1], [1], [1], [1], [1], [1]]"
2026-02-15,o3-mini,baseline,10,False,417.1614406108856,19,2,"[[1], [1], [1], [1], [1], [1], [1], [1], [1], [1], [1], [1], [1], [1], [1], [1], [1], [1, 2], [1], [1, 2]]"
2026-02-15,o3-mini,baseline,11,True,61.52307081222534,4,1,"[[1], [1], [1], [1], [1]]"
2026-02-15,o3-mini,baseline,12,False,337.1854672431946,19,1,"[[1], [1], [1], [1], [1], [1], [1], [1], [1], [1], [1], [1], [1], [1], [1], [1], [1], [1], [1], [1]]"
2026-02-15,o3-mini,baseline,14,True,196.47346186637878,11,1,"[[1], [1], [1], [1], [1], [1], [1], [1], [1], [1], [1], [1]]"
2026-02-15,o3-mini,baseline,15,True,109.3826551437378,6,1,"[[1], [1], [1], [1], [1], [1], [1]]"
2026-02-15,o3-mini,baseline,16,False,363.93014645576477,19,1,"[[1], [1], [1], [1], [1], [1], [1], [1], [1], [1], [1], [1], [1], [1], [1], [1], [1], [1], [1], [1]]"
2026-02-15,o3-mini,baseline,17,True,332.79155945777893,15,1,"[[1], [1], [1], [1], [1], [1], [1], [1], [1], [1], [1], [1], [1], [1], [1], [1]]"
2026-02-15,o3-mini,baseline,18,False,550.3228104114532,19,1,"[[1], [1], [1], [1], [1], [1], [1, 2], [1, 2], [1], [1, 2], [1], [1], [1], [1], [1], [1], [1], [1, 2], [1], [1]]"
2026-02-15,o3-mini,baseline,19,True,74.1340880393982,5,1,"[[1], [1], [1], [1], [1], [1]]"
2026-02-15,o3-mini,baseline,20,True,33.60367774963379,1,1,"[[1], [1]]"
2026-02-15,o3-mini,baseline,21,True,407.1938934326172,17,1,"[[1], [1], [1], [1], [1], [1], [1], [1], [1, 2], [1], [1, 2], [1], [1, 2], [1], [1, 2], [1], [1], [1]]"
2026-02-15,o3-mini,baseline,22,True,69.14333915710449,5,1,"[[1], [1], [1], [1], [1], [1]]"
2026-02-15,o3-mini,baseline,23,True,42.44128704071045,3,1,"[[1], [1], [1], [1]]"
2026-02-15,o3-mini,baseline,24,True,193.80051016807556,9,1,"[[1], [1], [1, 2], [1], [1], [1], [1], [1], [1], [1]]"
2026-02-15,o3-mini,baseline,26,True,27.61050033569336,2,1,"[[1], [1], [1]]"
2026-02-15,o3-mini,baseline,27,True,7.26746678352356,0,1,[[1]]
2026-02-15,o3-mini,baseline,28,True,78.61855983734131,5,1,"[[1], [1, 2], [1], [1], [1], [1]]"
2026-02-15,o3-mini,baseline,29,True,38.82071375846863,3,1,"[[1], [1], [1], [1]]"
2026-02-15,o3-mini,baseline,30,False,292.7348506450653,19,1,"[[1], [1], [1], [1], [1], [1], [1], [1], [1], [1], [1], [1], [1], [1, 2], [1], [1], [1], [1], [1], [1]]"
2026-02-15,o3-mini,baseline,31,True,5.019693851470947,0,1,[[1]]
2026-02-15,o3-mini,baseline,32,False,362.23309206962585,19,1,"[[1], [1], [1], [1], [1], [1], [1], [1], [1], [1], [1], [1], [1], [1], [1], [1], [1], [1], [1], [1]]"
2026-02-15,o3-mini,baseline,33,True,115.82980561256409,9,1,"[[1], [1], [1], [1], [1], [1], [1], [1], [1], [1]]"
2026-02-15,o3-mini,baseline,34,True,22.76417088508606,2,1,"[[1], [1], [1]]"
2026-02-15,o3-mini,baseline,35,True,346.0772728919983,18,1,"[[1], [1], [1], [1], [1], [1], [1], [1], [1], [1, 2, 3], [1], [1], [1], [1], [1], [1], [1], [1], [1]]"
2026-02-15,o3-mini,baseline,36,True,30.11022424697876,3,1,"[[1], [1], [1], [1]]"
2026-02-15,o3-mini,baseline,37,True,172.80562901496887,10,1,"[[1], [1], [1], [1], [1], [1], [1], [1], [1], [1], [1]]"
2026-02-15,o3-mini,baseline,38,True,280.6922097206116,13,2,"[[1], [1], [1, 2], [1], [1], [1], [1], [1], [1, 2], [1], [1], [1], [1], [1, 2]]"
2026-02-15,o3-mini,baseline,39,True,96.20468163490295,6,1,"[[1], [1], [1], [1, 2], [1], [1], [1]]"
2026-02-15,o3-mini,baseline,40,False,343.5201153755188,19,1,"[[1], [1], [1, 2], [1], [1], [1], [1], [1], [1], [1], [1], [1], [1], [1], [1], [1], [1], [1], [1], [1]]"
2026-02-15,o3-mini,baseline,41,True,348.6965684890747,17,1,"[[1], [1], [1], [1], [1], [1], [1], [1], [1], [1], [1], [1], [1, 2], [1], [1], [1], [1], [1]]"
2026-02-15,o3-mini,baseline,42,True,182.7370412349701,10,1,"[[1], [1], [1], [1], [1], [1], [1], [1], [1], [1], [1]]"
2026-02-15,o3-mini,baseline,43,True,5.860777378082275,0,1,[[1]]
2026-02-15,o3-mini,baseline,44,True,444.3260669708252,18,1,"[[1], [1], [1], [1, 2], [1], [1, 2], [1], [1], [1], [1], [1], [1], [1], [1], [1], [1], [1], [1], [1]]"
2026-02-15,o3-mini,baseline,45,True,350.2966513633728,17,1,"[[1], [1], [1], [1, 2], [1], [1, 2], [1], [1, 2], [1], [1], [1], [1], [1], [1], [1], [1], [1], [1]]"
2026-02-15,o3-mini,baseline,46,True,7.712036609649658,0,1,[[1]]
2026-02-15,o3-mini,baseline,47,True,332.7754695415497,16,1,"[[1], [1], [1], [1], [1], [1], [1], [1], [1], [1], [1], [1], [1], [1], [1], [1], [1]]"
2026-02-15,o3-mini,baseline,48,True,445.86943006515503,14,1,"[[1], [1], [1], [1], [1, 2], [1], [1], [1], [1], [1], [1], [1, 2, 3, 4, 5], [1], [1], [1]]"
2026-02-15,o3-mini,baseline,49,True,101.2074327468872,7,1,"[[1], [1], [1], [1], [1], [1], [1], [1]]"
2026-02-15,o3-mini,baseline,50,False,382.85392451286316,19,1,"[[1], [1], [1], [1], [1], [1, 2], [1], [1], [1], [1], [1], [1], [1], [1], [1], [1], [1], [1], [1], [1]]"
2026-02-15,o3-mini,baseline,51,True,2.8790760040283203,0,1,[[1]]
2026-02-15,o3-mini,baseline,52,True,589.7642004489899,13,1,"[[1], [1], [1], [1, 2], [1], [1], [1], [1, 2], [1], [1], [1], [1], [1], [1]]"
2026-02-15,o3-mini,baseline,53,True,344.3387212753296,15,1,"[[1], [1], [1, 2, 3], [1], [1], [1], [1], [1], [1], [1], [1], [1], [1], [1], [1], [1]]"
2026-02-15,o3-mini,baseline,54,True,146.50792336463928,7,1,"[[1], [1], [1], [1], [1], [1], [1], [1]]"
2026-02-15,o3-mini,baseline,55,True,270.97079634666443,17,1,"[[1], [1], [1], [1], [1], [1], [1], [1], [1], [1], [1], [1], [1], [1], [1], [1], [1], [1]]"
2026-02-15,o3-mini,baseline,56,True,4.6248767375946045,0,1,[[1]]
2026-02-15,o3-mini,baseline,57,False,326.6111674308777,19,1,"[[1], [1, 2], [1], [1, 2], [1], [1], [1], [1, 2], [1], [1], [1], [1], [1], [1], [1], [1], [1], [1], [1, 2], [1]]"
2026-02-15,o3-mini,baseline,58,True,108.4327244758606,4,1,"[[1], [1], [1], [1], [1]]"
2026-02-15,o3-mini,baseline,59,True,127.45207715034485,7,1,"[[1], [1], [1], [1, 2], [1], [1], [1], [1]]"
2026-02-15,o3-mini,baseline,60,True,238.31849312782288,16,1,"[[1], [1], [1], [1], [1], [1, 2], [1], [1], [1], [1], [1], [1], [1], [1], [1], [1], [1]]"
2026-02-15,o3-mini,baseline,61,True,106.96285700798035,3,1,"[[1], [1], [1, 2], [1]]"
2026-02-15,o3-mini,baseline,62,False,323.1172375679016,19,1,"[[1], [1], [1], [1], [1], [1], [1], [1], [1], [1], [1], [1, 2], [1], [1], [1], [1], [1], [1], [1], [1]]"
2026-02-15,o3-mini,baseline,63,True,91.53590321540833,8,1,"[[1], [1], [1], [1], [1], [1], [1], [1], [1]]"
2026-02-15,o3-mini,baseline,64,False,456.92799139022827,19,1,"[[1], [1], [1], [1], [1], [1], [1], [1], [1, 2], [1, 2], [1], [1, 2], [1], [1, 2], [1], [1], [1], [1], [1, 2], [1]]"
2026-02-15,o3-mini,baseline,65,True,14.733269453048706,1,1,"[[1], [1]]"
2026-02-15,o3-mini,baseline,66,True,64.6334547996521,4,1,"[[1], [1], [1], [1], [1]]"
2026-02-15,o3-mini,baseline,67,False,297.6157603263855,19,1,"[[1], [1, 2], [1], [1], [1], [1], [1], [1], [1], [1], [1], [1], [1], [1], [1], [1, 2], [1], [1], [1], [1]]"
2026-02-15,o3-mini,baseline,68,True,227.48073959350586,9,1,"[[1], [1], [1], [1, 2], [1, 2], [1], [1], [1], [1], [1]]"
2026-02-15,o3-mini,baseline,70,False,341.9657895565033,19,1,"[[1], [1], [1, 2], [1], [1], [1], [1], [1], [1], [1], [1], [1], [1], [1], [1], [1], [1], [1], [1], [1]]"
2026-02-15,o3-mini,baseline,71,False,353.1954879760742,19,1,"[[1], [1], [1], [1], [1], [1], [1], [1, 2], [1], [1, 2], [1], [1], [1], [1], [1], [1], [1], [1], [1], [1]]"
2026-02-15,o3-mini,baseline,72,False,371.04675340652466,19,1,"[[1], [1], [1], [1], [1], [1], [1], [1], [1], [1], [1], [1], [1], [1], [1, 2], [1, 2], [1], [1], [1], [1]]"
2026-02-15,o3-mini,baseline,73,True,32.83584547042847,4,1,"[[1], [1], [1], [1], [1]]"
2026-02-15,o3-mini,baseline,74,True,400.2608525753021,18,1,"[[1], [1], [1], [1], [1], [1], [1], [1], [1], [1], [1], [1], [1], [1], [1], [1], [1], [1], [1]]"
2026-02-15,o3-mini,baseline,75,True,310.64521980285645,2,1,"[[1], [1], [1]]"
2026-02-15,o3-mini,baseline,76,True,352.08489966392517,17,1,"[[1], [1], [1], [1], [1, 2], [1, 2, 3], [1], [1], [1], [1], [1, 2], [1], [1], [1], [1], [1], [1], [1]]"
2026-02-15,o3-mini,baseline,77,True,314.03979206085205,16,1,"[[1], [1], [1], [1], [1], [1], [1], [1], [1], [1, 2], [1], [1], [1], [1], [1], [1], [1]]"
2026-02-15,o3-mini,baseline,78,False,509.0678803920746,19,1,"[[1], [1], [1], [1], [1], [1, 2], [1], [1], [1, 2], [1], [1, 2], [1], [1], [1], [1], [1], [1], [1], [1], [1]]"
2026-02-15,o3-mini,baseline,79,True,157.5517749786377,11,1,"[[1], [1], [1], [1], [1], [1], [1], [1], [1], [1], [1], [1]]"
2026-02-15,o3-mini,baseline,80,True,304.77889251708984,13,1,"[[1], [1], [1], [1], [1], [1], [1], [1], [1], [1, 2], [1], [1, 2], [1], [1]]"
2026-02-16,o3-mini,baseline,81,True,195.0060715675354,11,1,"[[1], [1], [1], [1], [1], [1], [1], [1], [1], [1, 2], [1, 2], [1]]"
2026-02-16,o3-mini,baseline,82,True,29.92793107032776,2,1,"[[1], [1], [1]]"
2026-02-16,o3-mini,baseline,83,True,73.17828941345215,4,1,"[[1], [1, 2], [1], [1], [1]]"
2026-02-16,o3-mini,baseline,84,True,2.6576967239379883,0,1,[[1]]
2026-02-16,o3-mini,baseline,85,True,388.65699219703674,19,1,"[[1], [1], [1], [1], [1], [1, 2, 3], [1], [1], [1], [1], [1], [1], [1], [1], [1], [1], [1], [1], [1, 2], [1]]"
2026-02-16,o3-mini,baseline,86,True,170.82333898544312,11,1,"[[1], [1], [1, 2], [1], [1], [1], [1], [1], [1], [1], [1], [1]]"
2026-02-16,o3-mini,baseline,87,True,184.35564184188843,11,1,"[[1], [1], [1], [1], [1, 2], [1], [1], [1], [1], [1], [1], [1]]"
2026-02-16,o3-mini,baseline,88,True,117.18464946746826,9,2,"[[1], [1], [1], [1], [1], [1], [1], [1], [1], [1, 2]]"
2026-02-16,o3-mini,baseline,90,True,43.43153166770935,4,1,"[[1], [1], [1], [1], [1]]"
2026-02-16,o3-mini,baseline,91,True,260.6621949672699,17,1,"[[1], [1], [1], [1], [1], [1], [1], [1], [1], [1], [1], [1], [1], [1], [1], [1], [1], [1]]"
2026-02-16,o3-mini,baseline,92,True,157.16896390914917,8,2,"[[1], [1], [1], [1], [1], [1], [1], [1], [1, 2]]"
2026-02-16,o3-mini,baseline,93,True,224.98182010650635,11,2,"[[1], [1], [1], [1], [1], [1], [1], [1], [1], [1, 2], [1], [1, 2]]"
2026-02-16,o3-mini,baseline,94,False,438.07769227027893,19,2,"[[1], [1], [1], [1], [1], [1], [1], [1], [1], [1], [1, 2, 3, 4], [1], [1], [1], [1], [1], [1], [1], [1], [1, 2]]"
2026-02-16,o3-mini,baseline,96,True,246.9907853603363,14,1,"[[1], [1, 2], [1], [1], [1], [1], [1, 2], [1], [1], [1], [1], [1], [1], [1], [1]]"
2026-02-16,o3-mini,baseline,97,True,99.89838361740112,6,2,"[[1], [1], [1], [1], [1], [1], [1, 2]]"
2026-02-16,o3-mini,baseline,98,False,368.63796377182007,19,1,"[[1], [1], [1], [1], [1], [1], [1], [1], [1], [1], [1], [1, 2], [1], [1, 2], [1], [1], [1], [1, 2], [1], [1]]"
2026-02-16,o3-mini,baseline,99,True,47.33091354370117,5,1,"[[1], [1], [1], [1], [1], [1]]"
2026-02-16,o3-mini,baseline,100,True,18.26621675491333,1,1,"[[1], [1]]"
2026-02-16,o3-mini,baseline,101,True,90.54011392593384,5,1,"[[1], [1], [1], [1], [1, 2], [1]]"
2026-02-16,o3-mini,baseline,102,True,142.1470012664795,11,1,"[[1], [1], [1], [1], [1], [1], [1], [1], [1], [1], [1], [1]]"
2026-02-16,o3-mini,baseline,103,True,33.57476806640625,3,1,"[[1], [1], [1], [1]]"
2026-02-16,o3-mini,baseline,104,True,111.48640942573547,7,1,"[[1], [1], [1], [1], [1], [1], [1], [1]]"
2026-02-16,o3-mini,baseline,105,True,284.32076501846313,17,2,"[[1], [1], [1], [1], [1], [1], [1], [1], [1], [1], [1], [1], [1], [1], [1], [1], [1], [1, 2]]"
2026-02-16,o3-mini,baseline,106,True,161.68405556678772,8,1,"[[1], [1], [1], [1, 2], [1], [1], [1], [1], [1]]"
