2026-02-03,Qwen/Qwen3-32B,PDDL_Unit_action,0,False,212.703777551651,0,"[1, 5]","[[[1, 5]]]"
2026-02-03,Qwen/Qwen3-32B,PDDL_Unit_action,1,False,189.86514592170715,0,"[1, 5]","[[[1, 5]]]"
2026-02-03,Qwen/Qwen3-32B,PDDL_Unit_action,2,False,231.46853184700012,0,"[1, 5]","[[[1, 5]]]"
2026-02-03,Qwen/Qwen3-32B,PDDL_Unit_action,4,False,194.30013489723206,0,"[1, 5]","[[[1, 5]]]"
2026-02-03,Qwen/Qwen3-32B,PDDL_Unit_action,5,False,224.67688989639282,0,"[1, 5]","[[[1, 5]]]"
2026-02-04,Qwen/Qwen3-32B,PDDL_Unit_action,1,True,1408.0985987186432,3,"[1, 0]","[[[1, 0]], [[1, 0]], [[1, 0]], [[1, 0]]]"
2026-02-04,Qwen/Qwen3-32B,PDDL_Unit_action,2,True,138.1925973892212,2,"[1, 0]","[[[1, 2]], [[1, 0]], [[1, 0]]]"
2026-02-04,Qwen/Qwen3-32B,PDDL_Unit_action,4,True,275.68999457359314,4,"[1, 0]","[[[1, 0], [2, 0]], [[1, 0]], [[1, 0]], [[1, 0], [2, 0], [3, 0]], [[1, 0]]]"
2026-02-04,Qwen/Qwen3-32B,PDDL_Unit_action,5,True,106.63829302787781,1,"[1, 0]","[[[1, 0]], [[1, 0]]]"
2026-02-04,Qwen/Qwen3-32B,PDDL_Unit_action,0,True,1469.7586295604706,8,"[1, 0]","[[[1, 1]], [[1, 0]], [[1, 0]], [[1, 1]], [[1, 0]], [[1, 0]], [[1, 0]], [[1, 1]], [[1, 0]]]"
2026-02-04,Qwen/Qwen3-32B,PDDL_Unit_action,1,True,185.921728849411,3,"[1, 0]","[[[1, 1]], [[1, 0]], [[1, 1]], [[1, 0]]]"
2026-02-04,Qwen/Qwen3-32B,PDDL_Unit_action,2,True,138.85056829452515,2,"[1, 0]","[[[1, 0]], [[1, 0], [2, 0]], [[1, 0]]]"
2026-02-04,Qwen/Qwen3-32B,PDDL_Unit_action,4,True,210.843332529068,3,"[1, 0]","[[[1, 0]], [[1, 0]], [[1, 0]], [[1, 0]]]"
2026-02-04,Qwen/Qwen3-32B,PDDL_Unit_action,5,True,91.23735857009888,1,"[1, 0]","[[[1, 1]], [[1, 0]]]"
2026-02-04,Qwen/Qwen3-32B,PDDL_Unit_action,6,True,380.9005880355835,6,"[1, 0]","[[[1, 1]], [[1, 0]], [[1, 0]], [[1, 0]], [[1, 1]], [[1, 0]], [[1, 0]]]"
2026-02-04,Qwen/Qwen3-32B,PDDL_Unit_action,7,True,45.14652609825134,0,"[1, 0]","[[[1, 0]]]"
2026-02-04,Qwen/Qwen3-32B,PDDL_Unit_action,8,True,148.67129564285278,3,"[1, 0]","[[[1, 1]], [[1, 0]], [[1, 0]], [[1, 0]]]"
2026-02-04,Qwen/Qwen3-32B,PDDL_Unit_action,10,True,1544.6972424983978,0,"[1, 2]","[[[1, 2]]]"
2026-02-04,Qwen/Qwen3-32B,PDDL_Unit_action,11,True,68.93475461006165,1,"[1, 0]","[[[1, 0]], [[1, 0]]]"
2026-02-04,Qwen/Qwen3-32B,PDDL_Unit_action,14,True,265.8084568977356,2,"[3, 0]","[[[1, 2]], [[1, 0]], [[1, 0], [2, 1], [3, 0]]]"
2026-02-04,Qwen/Qwen3-32B,PDDL_Unit_action,15,True,192.72070503234863,3,"[1, 0]","[[[1, 1]], [[1, 0]], [[1, 0]], [[1, 0]]]"
2026-02-04,Qwen/Qwen3-32B,PDDL_Unit_action,16,True,147.56398487091064,2,"[1, 1]","[[[1, 0]], [[1, 0]], [[1, 1]]]"
2026-02-04,Qwen/Qwen3-32B,PDDL_Unit_action,17,True,318.62439012527466,3,"[1, 4]","[[[1, 1]], [[1, 0]], [[1, 0]], [[1, 4]]]"
2026-02-04,Qwen/Qwen3-32B,PDDL_Unit_action,18,False,826.7084333896637,5,"[1, 5]","[[[1, 0]], [[1, 0]], [[1, 0], [2, 0], [3, 3], [4, 1], [5, 0]], [[1, 0]], [[1, 0]], [[1, 5]]]"
2026-02-04,Qwen/Qwen3-32B,PDDL_Unit_action,19,True,249.58212661743164,5,"[1, 0]","[[[1, 1]], [[1, 0]], [[1, 0]], [[1, 0]], [[1, 0]], [[1, 0]]]"
2026-02-04,Qwen/Qwen3-32B,PDDL_Unit_action,20,True,47.28311252593994,0,"[1, 1]","[[[1, 1]]]"
2026-02-04,Qwen/Qwen3-32B,PDDL_Unit_action,21,False,1260.5557279586792,3,"[1, 5]","[[[1, 2]], [[1, 0], [2, 0]], [[1, 0]], [[1, 5]]]"
2026-02-04,Qwen/Qwen3-32B,PDDL_Unit_action,22,True,191.1386706829071,3,"[1, 0]","[[[1, 0]], [[1, 0]], [[1, 0]], [[1, 0]]]"
2026-02-04,Qwen/Qwen3-32B,PDDL_Unit_action,23,True,1409.0677063465118,2,"[5, 0]","[[[1, 0]], [[1, 0]], [[1, 0], [2, 0], [3, 0], [4, 0], [5, 0]]]"
2026-02-04,Qwen/Qwen3-32B,PDDL_Unit_action,24,True,240.30716013908386,2,"[1, 2]","[[[1, 0]], [[1, 0]], [[1, 2]]]"
2026-02-04,Qwen/Qwen3-32B,PDDL_Unit_action,26,True,67.2839777469635,1,"[1, 0]","[[[1, 0]], [[1, 0]]]"
2026-02-04,Qwen/Qwen3-32B,PDDL_Unit_action,27,True,50.197253942489624,0,"[1, 2]","[[[1, 2]]]"
2026-02-04,Qwen/Qwen3-32B,PDDL_Unit_action,28,True,145.9794352054596,2,"[1, 0]","[[[1, 1]], [[1, 0]], [[1, 0]]]"
2026-02-04,Qwen/Qwen3-32B,PDDL_Unit_action,29,True,802.4384775161743,8,"[1, 0]","[[[1, 1]], [[1, 0]], [[1, 0]], [[1, 0]], [[1, 0]], [[1, 0]], [[1, 0]], [[1, 4], [2, 1], [3, 1]], [[1, 0]]]"
2026-02-04,Qwen/Qwen3-32B,PDDL_Unit_action,30,True,1102.74387550354,1,"[1, 0]","[[[1, 0]], [[1, 0]]]"
2026-02-04,Qwen/Qwen3-32B,PDDL_Unit_action,31,True,39.561490297317505,0,"[1, 1]","[[[1, 1]]]"
2026-02-04,Qwen/Qwen3-32B,PDDL_Unit_action,33,True,249.62093043327332,4,"[1, 1]","[[[1, 0]], [[1, 0]], [[1, 0]], [[1, 0]], [[1, 1]]]"
2026-02-04,Qwen/Qwen3-32B,PDDL_Unit_action,34,True,239.87563180923462,1,"[2, 1]","[[[1, 1]], [[1, 1], [2, 1]]]"
2026-02-04,Qwen/Qwen3-32B,PDDL_Unit_action,35,True,146.51223754882812,2,"[3, 0]","[[[1, 0]], [[1, 0]], [[1, 0], [2, 0], [3, 0]]]"
2026-02-04,Qwen/Qwen3-32B,PDDL_Unit_action,36,True,175.65688037872314,2,"[1, 1]","[[[1, 0]], [[1, 0]], [[1, 1]]]"
2026-02-04,Qwen/Qwen3-32B,PDDL_Unit_action,37,True,1042.5146977901459,11,"[3, 0]","[[[1, 2]], [[1, 0]], [[1, 0]], [[1, 3], [2, 0]], [[1, 0]], [[1, 1]], [[1, 0]], [[1, 1], [2, 0]], [[1, 0]], [[1, 1]], [[1, 0]], [[1, 0], [2, 1], [3, 0]]]"
2026-02-04,Qwen/Qwen3-32B,PDDL_Unit_action,39,True,192.18892908096313,3,"[1, 0]","[[[1, 1]], [[1, 0]], [[1, 0]], [[1, 0]]]"
2026-02-04,Qwen/Qwen3-32B,PDDL_Unit_action,40,True,450.7201814651489,5,"[1, 0]","[[[1, 2]], [[1, 0]], [[1, 0], [2, 0], [3, 0]], [[1, 2]], [[1, 0]], [[1, 0]]]"
2026-02-04,Qwen/Qwen3-32B,PDDL_Unit_action,41,True,1319.599247455597,5,"[1, 0]","[[[1, 2]], [[1, 0]], [[1, 0]], [[1, 0]], [[1, 0]], [[1, 0]]]"
2026-02-04,Qwen/Qwen3-32B,PDDL_Unit_action,42,False,582.7396004199982,5,"[1, 5]","[[[1, 0]], [[1, 0]], [[1, 0]], [[1, 0]], [[1, 0], [2, 0], [3, 0]], [[1, 5]]]"
2026-02-04,Qwen/Qwen3-32B,PDDL_Unit_action,43,True,78.2577166557312,0,"[1, 2]","[[[1, 2]]]"
2026-02-04,Qwen/Qwen3-32B,PDDL_Unit_action,44,True,680.2768635749817,7,"[2, 2]","[[[1, 0]], [[1, 0]], [[1, 0]], [[1, 0]], [[1, 3]], [[1, 0]], [[1, 0]], [[1, 1], [2, 2]]]"
2026-02-04,Qwen/Qwen3-32B,PDDL_Unit_action,45,True,775.4709737300873,10,"[1, 0]","[[[1, 1]], [[1, 0]], [[1, 0]], [[1, 0], [2, 0]], [[1, 0]], [[1, 0]], [[1, 0]], [[1, 0]], [[1, 4]], [[1, 1]], [[1, 0]]]"
2026-02-04,Qwen/Qwen3-32B,PDDL_Unit_action,46,True,30.014532804489136,0,"[1, 0]","[[[1, 0]]]"
2026-02-04,Qwen/Qwen3-32B,PDDL_Unit_action,47,True,244.83195543289185,4,"[1, 1]","[[[1, 0]], [[1, 0]], [[1, 0], [2, 0]], [[1, 0]], [[1, 1]]]"
2026-02-04,Qwen/Qwen3-32B,PDDL_Unit_action,48,True,92.03814315795898,1,"[1, 0]","[[[1, 2]], [[1, 0]]]"
2026-02-04,Qwen/Qwen3-32B,PDDL_Unit_action,49,True,115.19373226165771,2,"[1, 0]","[[[1, 0]], [[1, 1]], [[1, 0]]]"
2026-02-04,Qwen/Qwen3-32B,PDDL_Unit_action,50,True,1519.6068902015686,4,"[3, 0]","[[[1, 0]], [[1, 0]], [[1, 0]], [[1, 1]], [[1, 1], [2, 1], [3, 0]]]"
2026-02-04,Qwen/Qwen3-32B,PDDL_Unit_action,51,True,25.58180856704712,0,"[1, 0]","[[[1, 0]]]"
2026-02-04,Qwen/Qwen3-32B,PDDL_Unit_action,52,True,350.41560411453247,5,"[1, 0]","[[[1, 2]], [[1, 0], [2, 0]], [[1, 0]], [[1, 0]], [[1, 0]], [[1, 0]]]"
2026-02-04,Qwen/Qwen3-32B,PDDL_Unit_action,53,True,1438.1071548461914,4,"[1, 0]","[[[1, 0]], [[1, 0]], [[1, 0]], [[1, 1]], [[1, 0]]]"
2026-02-04,Qwen/Qwen3-32B,PDDL_Unit_action,54,True,793.1525127887726,7,"[4, 0]","[[[1, 0]], [[1, 0]], [[1, 0], [2, 0], [3, 0], [4, 0], [5, 0]], [[1, 0]], [[1, 1]], [[1, 0]], [[1, 1]], [[1, 0], [2, 0], [3, 0], [4, 0]]]"
2026-02-04,Qwen/Qwen3-32B,PDDL_Unit_action,55,True,280.90524768829346,4,"[1, 0]","[[[1, 1]], [[1, 0]], [[1, 1]], [[1, 0]], [[1, 0]]]"
2026-02-04,Qwen/Qwen3-32B,PDDL_Unit_action,56,True,28.414681673049927,0,"[1, 0]","[[[1, 0]]]"
2026-02-04,Qwen/Qwen3-32B,PDDL_Unit_action,57,True,206.9686403274536,3,"[1, 0]","[[[1, 0]], [[1, 0]], [[1, 1]], [[1, 0]]]"
2026-02-04,Qwen/Qwen3-32B,PDDL_Unit_action,59,False,1629.8321306705475,7,"[5, 0]","[[[1, 0]], [[1, 0]], [[1, 0]], [[1, 0]], [[1, 0]], [[1, 0]], [[1, 0]], [[1, 0], [2, 0], [3, 0], [4, 1], [5, 0]]]"
2026-02-04,Qwen/Qwen3-32B,PDDL_Unit_action,60,True,1944.6989500522614,6,"[3, 2]","[[[1, 1]], [[1, 0]], [[1, 3]], [[1, 0]], [[1, 1]], [[1, 0]], [[1, 0], [2, 0], [3, 2]]]"
2026-02-04,Qwen/Qwen3-32B,PDDL_Unit_action,61,True,265.79944491386414,4,"[2, 0]","[[[1, 0]], [[1, 0]], [[1, 0]], [[1, 0]], [[1, 1], [2, 0]]]"
2026-02-04,Qwen/Qwen3-32B,PDDL_Unit_action,62,True,832.6823577880859,11,"[1, 1]","[[[1, 2]], [[1, 0]], [[1, 0]], [[1, 0]], [[1, 0]], [[1, 0]], [[1, 3]], [[1, 0]], [[1, 0]], [[1, 0]], [[1, 0], [2, 3]], [[1, 1]]]"
2026-02-04,Qwen/Qwen3-32B,PDDL_Unit_action,63,True,170.71047496795654,2,"[1, 0]","[[[1, 2]], [[1, 0]], [[1, 0]]]"
2026-02-04,Qwen/Qwen3-32B,PDDL_Unit_action,64,True,1374.501839876175,3,"[1, 0]","[[[1, 1]], [[1, 1]], [[1, 0], [2, 0]], [[1, 0]]]"
2026-02-04,Qwen/Qwen3-32B,PDDL_Unit_action,65,True,102.71794557571411,0,"[1, 1]","[[[1, 1]]]"
2026-02-04,Qwen/Qwen3-32B,PDDL_Unit_action,66,True,1128.119232416153,2,"[1, 0]","[[[1, 0]], [[1, 0]], [[1, 0]]]"
2026-02-04,Qwen/Qwen3-32B,PDDL_Unit_action,67,True,571.3533716201782,6,"[5, 0]","[[[1, 1]], [[1, 0]], [[1, 0]], [[1, 0]], [[1, 0]], [[1, 0]], [[1, 0], [2, 0], [3, 0], [4, 0], [5, 0]]]"
2026-02-04,Qwen/Qwen3-32B,PDDL_Unit_action,68,True,238.03553819656372,4,"[1, 0]","[[[1, 1]], [[1, 0]], [[1, 0]], [[1, 0]], [[1, 0]]]"
2026-02-04,Qwen/Qwen3-32B,PDDL_Unit_action,70,True,236.22857880592346,2,"[2, 0]","[[[1, 1]], [[1, 0]], [[1, 1], [2, 0]]]"
2026-02-04,Qwen/Qwen3-32B,PDDL_Unit_action,71,False,496.6930115222931,5,"[1, 5]","[[[1, 0]], [[1, 0]], [[1, 1]], [[1, 0]], [[1, 0]], [[1, 5]]]"
2026-02-04,Qwen/Qwen3-32B,PDDL_Unit_action,72,True,1050.9215984344482,6,"[1, 0]","[[[1, 0]], [[1, 0]], [[1, 0]], [[1, 0]], [[1, 0]], [[1, 0]], [[1, 0]]]"
2026-02-04,Qwen/Qwen3-32B,PDDL_Unit_action,73,True,216.47958850860596,3,"[1, 0]","[[[1, 1]], [[1, 0]], [[1, 0], [2, 0]], [[1, 0]]]"
2026-02-04,Qwen/Qwen3-32B,PDDL_Unit_action,74,False,1336.5533030033112,4,"[1, 5]","[[[1, 2]], [[1, 0]], [[1, 0]], [[1, 0]], [[1, 5]]]"
2026-02-04,Qwen/Qwen3-32B,PDDL_Unit_action,75,True,296.917352437973,5,"[1, 1]","[[[1, 0]], [[1, 0]], [[1, 0]], [[1, 0], [2, 0]], [[1, 0]], [[1, 1]]]"
2026-02-04,Qwen/Qwen3-32B,PDDL_Unit_action,76,True,1734.958434343338,6,"[1, 1]","[[[1, 0]], [[1, 0]], [[1, 0]], [[1, 0], [2, 1]], [[1, 0]], [[1, 0]], [[1, 1]]]"
2026-02-04,Qwen/Qwen3-32B,PDDL_Unit_action,77,True,36.14841675758362,0,"[1, 0]","[[[1, 0]]]"
2026-02-04,Qwen/Qwen3-32B,PDDL_Unit_action,78,True,1585.8806092739105,9,"[1, 0]","[[[1, 2]], [[1, 0]], [[1, 0]], [[1, 0]], [[1, 0]], [[1, 1]], [[1, 0], [2, 0], [3, 0], [4, 0]], [[1, 0]], [[1, 0]], [[1, 0]]]"
2026-02-04,Qwen/Qwen3-32B,PDDL_Unit_action,79,True,360.3068811893463,5,"[3, 0]","[[[1, 1]], [[1, 0]], [[1, 0]], [[1, 0], [2, 0]], [[1, 0]], [[1, 0], [2, 1], [3, 0]]]"
2026-02-04,Qwen/Qwen3-32B,PDDL_Unit_action,80,True,88.39324808120728,0,"[1, 1]","[[[1, 1]]]"
2026-02-04,Qwen/Qwen3-32B,PDDL_Unit_action,81,True,653.9873552322388,7,"[1, 0]","[[[1, 2]], [[1, 0]], [[1, 0], [2, 0]], [[1, 0]], [[1, 1]], [[1, 0]], [[1, 0], [2, 0], [3, 0]], [[1, 0]]]"
2026-02-04,Qwen/Qwen3-32B,PDDL_Unit_action,82,True,330.5612008571625,4,"[1, 0]","[[[1, 2]], [[1, 0]], [[1, 1]], [[1, 0]], [[1, 0]]]"
2026-02-04,Qwen/Qwen3-32B,PDDL_Unit_action,83,True,25.402824878692627,0,"[1, 0]","[[[1, 0]]]"
2026-02-04,Qwen/Qwen3-32B,PDDL_Unit_action,84,True,28.524503707885742,0,"[1, 0]","[[[1, 0]]]"
2026-02-04,Qwen/Qwen3-32B,PDDL_Unit_action,85,True,275.64087104797363,5,"[1, 1]","[[[1, 0]], [[1, 0]], [[1, 0]], [[1, 0]], [[1, 0]], [[1, 1]]]"
2026-02-04,Qwen/Qwen3-32B,PDDL_Unit_action,86,True,423.46307849884033,4,"[3, 0]","[[[1, 0]], [[1, 0]], [[1, 0]], [[1, 0], [2, 0], [3, 0]], [[1, 0], [2, 0], [3, 0]]]"
2026-02-04,Qwen/Qwen3-32B,PDDL_Unit_action,87,True,196.5718638896942,4,"[1, 0]","[[[1, 0]], [[1, 0]], [[1, 0]], [[1, 0]], [[1, 0]]]"
2026-02-04,Qwen/Qwen3-32B,PDDL_Unit_action,88,True,195.81168580055237,4,"[1, 0]","[[[1, 1]], [[1, 0]], [[1, 0]], [[1, 0]], [[1, 0]]]"
2026-02-04,Qwen/Qwen3-32B,PDDL_Unit_action,90,True,88.2610604763031,1,"[1, 0]","[[[1, 2]], [[1, 0]]]"
2026-02-04,Qwen/Qwen3-32B,PDDL_Unit_action,91,True,584.5519287586212,7,"[2, 1]","[[[1, 1]], [[1, 0]], [[1, 0]], [[1, 1]], [[1, 0]], [[1, 0]], [[1, 0]], [[1, 0], [2, 1]]]"
2026-02-04,Qwen/Qwen3-32B,PDDL_Unit_action,92,True,143.3472535610199,2,"[1, 0]","[[[1, 0]], [[1, 0]], [[1, 0]]]"
2026-02-04,Qwen/Qwen3-32B,PDDL_Unit_action,93,True,423.540638923645,8,"[1, 1]","[[[1, 1]], [[1, 0]], [[1, 0]], [[1, 0]], [[1, 0]], [[1, 1]], [[1, 0]], [[1, 0]], [[1, 1]]]"
2026-02-04,Qwen/Qwen3-32B,PDDL_Unit_action,94,True,542.0282871723175,9,"[1, 0]","[[[1, 1]], [[1, 0]], [[1, 0], [2, 1], [3, 1]], [[1, 0]], [[1, 0]], [[1, 0]], [[1, 0]], [[1, 0]], [[1, 0]], [[1, 0]]]"
2026-02-04,Qwen/Qwen3-32B,PDDL_Unit_action,96,True,569.4321234226227,8,"[1, 0]","[[[1, 0]], [[1, 0]], [[1, 0]], [[1, 0]], [[1, 0], [2, 0], [3, 1], [4, 0]], [[1, 0]], [[1, 0]], [[1, 0]], [[1, 0]]]"
2026-02-04,Qwen/Qwen3-32B,PDDL_Unit_action,97,True,116.28596496582031,2,"[2, 0]","[[[1, 1]], [[1, 0]], [[1, 0], [2, 0]]]"
2026-02-04,Qwen/Qwen3-32B,PDDL_Unit_action,98,True,285.49177169799805,4,"[4, 0]","[[[1, 0]], [[1, 0]], [[1, 0]], [[1, 0]], [[1, 0], [2, 0], [3, 1], [4, 0]]]"
2026-02-04,Qwen/Qwen3-32B,PDDL_Unit_action,99,False,909.4161014556885,9,"[5, 0]","[[[1, 2]], [[1, 0]], [[1, 0]], [[1, 0]], [[1, 0], [2, 0], [3, 1], [4, 0]], [[1, 2]], [[1, 0]], [[1, 0]], [[1, 0]], [[1, 0], [2, 0], [3, 0], [4, 0], [5, 0]]]"
2026-02-04,Qwen/Qwen3-32B,PDDL_Unit_action,100,True,68.72341179847717,0,"[1, 2]","[[[1, 2]]]"
2026-02-04,Qwen/Qwen3-32B,PDDL_Unit_action,101,True,388.2797043323517,3,"[2, 1]","[[[1, 1]], [[1, 0]], [[1, 0], [2, 0]], [[1, 0], [2, 1]]]"
2026-02-04,Qwen/Qwen3-32B,PDDL_Unit_action,102,True,118.8290684223175,2,"[2, 0]","[[[1, 0]], [[1, 0]], [[1, 0], [2, 0]]]"
2026-02-04,Qwen/Qwen3-32B,PDDL_Unit_action,103,True,137.4115960597992,1,"[1, 0]","[[[1, 1]], [[1, 0]]]"
2026-02-04,Qwen/Qwen3-32B,PDDL_Unit_action,104,True,648.0405013561249,7,"[1, 0]","[[[1, 3]], [[1, 0]], [[1, 0]], [[1, 0]], [[1, 0]], [[1, 1]], [[1, 2], [2, 0], [3, 0]], [[1, 0]]]"
2026-02-04,Qwen/Qwen3-32B,PDDL_Unit_action,106,True,2274.344902276993,8,"[4, 0]","[[[1, 0]], [[1, 0]], [[1, 0]], [[1, 0]], [[1, 0]], [[1, 0], [2, 0], [3, 0], [4, 0]], [[1, 0]], [[1, 0], [2, 0], [3, 0], [4, 0]], [[1, 0], [2, 2], [3, 0], [4, 0]]]"
2026-02-04,Qwen/Qwen3-32B,PDDL,0,True,487.9692232608795,5,"[1, 0]","[[[1, 0]], [[1, 0]], [[1, 1], [2, 0]], [[1, 1]], [[1, 1]], [[1, 0]]]"
2026-02-04,Qwen/Qwen3-32B,PDDL,1,True,216.04584884643555,4,"[1, 0]","[[[1, 0]], [[1, 0]], [[1, 1]], [[1, 0]], [[1, 0]]]"
2026-02-04,Qwen/Qwen3-32B,PDDL,2,True,233.22728323936462,2,"[2, 0]","[[[1, 0]], [[1, 0]], [[1, 0], [2, 0]]]"
2026-02-04,Qwen/Qwen3-32B,PDDL,4,False,437.450443983078,2,"[5, 0]","[[[1, 1]], [[1, 0]], [[1, 1], [2, 0], [3, 0], [4, 0], [5, 0]]]"
2026-02-04,Qwen/Qwen3-32B,PDDL,5,True,99.115407705307,1,"[1, 1]","[[[1, 0]], [[1, 1]]]"
2026-02-04,Qwen/Qwen3-32B,PDDL,6,True,481.90168023109436,5,"[1, 0]","[[[1, 0], [2, 0]], [[1, 0], [2, 0]], [[1, 3]], [[1, 0]], [[1, 0]], [[1, 0]]]"
2026-02-04,Qwen/Qwen3-32B,PDDL,7,True,55.01354670524597,0,"[1, 2]","[[[1, 2]]]"
2026-02-04,Qwen/Qwen3-32B,PDDL,8,False,1938.077317237854,6,"[2, 5]","[[[1, 1]], [[1, 0], [2, 0]], [[1, 1], [2, 0]], [[1, 0]], [[1, 0]], [[1, 1]], [[1, 2], [2, 5]]]"
2026-02-04,Qwen/Qwen3-32B,PDDL,10,False,666.6325151920319,8,"[5, 0]","[[[1, 0]], [[1, 0]], [[1, 0]], [[1, 0]], [[1, 0]], [[1, 0]], [[1, 0]], [[1, 0]], [[1, 0], [2, 0], [3, 0], [4, 0], [5, 0]]]"
2026-02-04,Qwen/Qwen3-32B,PDDL,11,True,109.4106228351593,1,"[1, 0]","[[[1, 2]], [[1, 0]]]"
2026-02-04,Qwen/Qwen3-32B,PDDL,14,False,246.70102500915527,0,"[5, 0]","[[[1, 1], [2, 0], [3, 0], [4, 0], [5, 0]]]"
2026-02-04,Qwen/Qwen3-32B,PDDL,15,True,247.134827375412,3,"[3, 0]","[[[1, 1]], [[1, 0]], [[1, 0]], [[1, 0], [2, 0], [3, 0]]]"
2026-02-04,Qwen/Qwen3-32B,PDDL,16,True,101.55779433250427,2,"[1, 0]","[[[1, 0], [2, 0]], [[1, 0]], [[1, 0]]]"
2026-02-04,Qwen/Qwen3-32B,PDDL,19,True,158.64172387123108,3,"[1, 0]","[[[1, 0]], [[1, 0]], [[1, 0]], [[1, 0]]]"
2026-02-04,Qwen/Qwen3-32B,PDDL,20,False,783.7406098842621,19,"[1, 0]","[[[1, 2]], [[1, 0]], [[1, 0]], [[1, 0]], [[1, 0]], [[1, 0]], [[1, 0]], [[1, 0]], [[1, 0]], [[1, 0]], [[1, 0]], [[1, 0]], [[1, 0]], [[1, 0]], [[1, 0]], [[1, 0]], [[1, 0]], [[1, 0]], [[1, 0]], [[1, 0]]]"
2026-02-04,Qwen/Qwen3-32B,PDDL,21,True,250.96939420700073,4,"[4, 0]","[[[1, 0]], [[1, 0]], [[1, 0]], [[1, 0]], [[1, 0], [2, 0], [3, 0], [4, 0]]]"
2026-02-04,Qwen/Qwen3-32B,PDDL,22,True,128.7580304145813,3,"[1, 0]","[[[1, 0]], [[1, 0]], [[1, 0]], [[1, 0]]]"
2026-02-04,Qwen/Qwen3-32B,PDDL,23,True,752.3289370536804,3,"[4, 0]","[[[1, 3]], [[1, 0], [2, 2], [3, 3], [4, 0]], [[1, 0]], [[1, 0], [2, 0], [3, 0], [4, 0]]]"
2026-02-05,Qwen/Qwen3-32B,PDDL,24,False,1232.0757517814636,0,"[5, 0]","[[[1, 3], [2, 0], [3, 0], [4, 0], [5, 0]]]"
2026-02-05,Qwen/Qwen3-32B,PDDL,26,True,99.82496929168701,1,"[1, 0]","[[[1, 0]], [[1, 0]]]"
2026-02-05,Qwen/Qwen3-32B,PDDL,27,True,85.88596320152283,0,"[1, 1]","[[[1, 1]]]"
2026-02-05,Qwen/Qwen3-32B,PDDL,28,False,379.72189354896545,1,"[5, 0]","[[[1, 2]], [[1, 1], [2, 0], [3, 0], [4, 0], [5, 0]]]"
2026-02-05,Qwen/Qwen3-32B,PDDL,29,False,94.93555045127869,0,"[5, 0]","[[[1, 0], [2, 0], [3, 0], [4, 0], [5, 0]]]"
2026-02-05,Qwen/Qwen3-32B,PDDL,30,False,284.31004762649536,1,"[5, 0]","[[[1, 1]], [[1, 1], [2, 0], [3, 0], [4, 0], [5, 0]]]"
2026-02-05,Qwen/Qwen3-32B,PDDL,31,True,50.51368045806885,0,"[1, 1]","[[[1, 1]]]"
2026-02-05,Qwen/Qwen3-32B,PDDL,33,False,1035.675565958023,19,"[2, 0]","[[[1, 0]], [[1, 0], [2, 0], [3, 0]], [[1, 0]], [[1, 0]], [[1, 0]], [[1, 0]], [[1, 0]], [[1, 1], [2, 0]], [[1, 0]], [[1, 0]], [[1, 0]], [[1, 0], [2, 0], [3, 0]], [[1, 0]], [[1, 0]], [[1, 0], [2, 0]], [[1, 0]], [[1, 0]], [[1, 0], [2, 0]], [[1, 0], [2, 0], [3, 0]], [[1, 0], [2, 0]]]"
2026-02-05,Qwen/Qwen3-32B,PDDL,34,True,293.322318315506,5,"[1, 0]","[[[1, 1]], [[1, 0]], [[1, 0]], [[1, 0], [2, 0]], [[1, 0]], [[1, 0]]]"
2026-02-05,Qwen/Qwen3-32B,PDDL,35,True,450.94676637649536,2,"[4, 2]","[[[1, 0]], [[1, 1]], [[1, 0], [2, 1], [3, 1], [4, 2]]]"
2026-02-05,Qwen/Qwen3-32B,PDDL,39,True,363.5535361766815,3,"[1, 0]","[[[1, 0]], [[1, 0], [2, 0]], [[1, 1], [2, 2]], [[1, 0]]]"
2026-02-05,Qwen/Qwen3-32B,PDDL,40,False,261.2451739311218,0,"[1, 5]","[[[1, 5]]]"
2026-02-05,Qwen/Qwen3-32B,PDDL,41,False,1297.5280537605286,1,"[5, 0]","[[[1, 2]], [[1, 0], [2, 1], [3, 0], [4, 1], [5, 0]]]"
2026-02-05,Qwen/Qwen3-32B,PDDL,42,True,248.81081104278564,5,"[1, 0]","[[[1, 0]], [[1, 0]], [[1, 0]], [[1, 0]], [[1, 0], [2, 0], [3, 0]], [[1, 0]]]"
2026-02-05,Qwen/Qwen3-32B,PDDL,43,True,186.25019884109497,2,"[1, 0]","[[[1, 0]], [[1, 1]], [[1, 0]]]"
2026-02-05,Qwen/Qwen3-32B,PDDL,44,True,649.7129545211792,7,"[1, 1]","[[[1, 0]], [[1, 0]], [[1, 0]], [[1, 1]], [[1, 4]], [[1, 0]], [[1, 0]], [[1, 1]]]"
2026-02-05,Qwen/Qwen3-32B,PDDL,45,True,589.5987396240234,7,"[1, 0]","[[[1, 1]], [[1, 0]], [[1, 0], [2, 0], [3, 0]], [[1, 0]], [[1, 0]], [[1, 0]], [[1, 1]], [[1, 0]]]"
2026-02-05,Qwen/Qwen3-32B,PDDL,46,True,29.081565618515015,0,"[1, 0]","[[[1, 0]]]"
2026-02-05,Qwen/Qwen3-32B,PDDL,47,False,559.7839288711548,8,"[5, 0]","[[[1, 1]], [[1, 0]], [[1, 0]], [[1, 0]], [[1, 2]], [[1, 0]], [[1, 0]], [[1, 0]], [[1, 0], [2, 0], [3, 0], [4, 0], [5, 0]]]"
2026-02-05,Qwen/Qwen3-32B,PDDL,48,True,80.50575947761536,1,"[1, 0]","[[[1, 0]], [[1, 0]]]"
2026-02-05,Qwen/Qwen3-32B,PDDL,49,True,416.98343420028687,3,"[1, 0]","[[[1, 1]], [[1, 0], [2, 0], [3, 0], [4, 1], [5, 0]], [[1, 1]], [[1, 0]]]"
2026-02-05,Qwen/Qwen3-32B,PDDL,50,True,1462.1213262081146,4,"[1, 0]","[[[1, 0]], [[1, 0]], [[1, 0]], [[1, 0]], [[1, 0]]]"
2026-02-05,Qwen/Qwen3-32B,PDDL,51,True,75.73385572433472,0,"[1, 1]","[[[1, 1]]]"
2026-02-05,Qwen/Qwen3-32B,PDDL,52,False,245.80975818634033,0,"[5, 0]","[[[1, 0], [2, 0], [3, 0], [4, 0], [5, 0]]]"
2026-02-05,Qwen/Qwen3-32B,PDDL,53,True,932.2221376895905,4,"[1, 0]","[[[1, 0]], [[1, 0]], [[1, 0]], [[1, 0]], [[1, 0]]]"
2026-02-05,Qwen/Qwen3-32B,PDDL,54,True,234.25701880455017,2,"[2, 0]","[[[1, 3]], [[1, 0]], [[1, 1], [2, 0]]]"
2026-02-05,Qwen/Qwen3-32B,PDDL,55,True,465.21245431900024,4,"[3, 1]","[[[1, 0]], [[1, 0]], [[1, 1]], [[1, 0]], [[1, 0], [2, 2], [3, 1]]]"
2026-02-05,Qwen/Qwen3-32B,PDDL,56,True,203.1876609325409,0,"[1, 4]","[[[1, 4]]]"
2026-02-05,Qwen/Qwen3-32B,PDDL,57,True,102.35070610046387,1,"[1, 0]","[[[1, 0]], [[1, 0]]]"
2026-02-05,Qwen/Qwen3-32B,PDDL,58,False,455.9793236255646,3,"[5, 0]","[[[1, 2]], [[1, 0]], [[1, 0]], [[1, 0], [2, 0], [3, 0], [4, 2], [5, 0]]]"
2026-02-05,Qwen/Qwen3-32B,PDDL,59,False,735.8684706687927,6,"[5, 0]","[[[1, 2]], [[1, 0]], [[1, 0]], [[1, 0]], [[1, 0]], [[1, 0]], [[1, 1], [2, 4], [3, 0], [4, 0], [5, 0]]]"
2026-02-05,Qwen/Qwen3-32B,PDDL,60,True,1412.8435595035553,6,"[1, 0]","[[[1, 0]], [[1, 0]], [[1, 1]], [[1, 0], [2, 0], [3, 0], [4, 0]], [[1, 0]], [[1, 3]], [[1, 0]]]"
2026-02-05,Qwen/Qwen3-32B,PDDL,61,False,1017.2453410625458,7,"[5, 0]","[[[1, 0]], [[1, 0]], [[1, 2]], [[1, 0]], [[1, 0], [2, 0], [3, 0], [4, 1]], [[1, 1], [2, 1]], [[1, 0]], [[1, 0], [2, 0], [3, 0], [4, 0], [5, 0]]]"
2026-02-05,Qwen/Qwen3-32B,PDDL,63,True,75.93104982376099,0,"[1, 2]","[[[1, 2]]]"
2026-02-05,Qwen/Qwen3-32B,PDDL,65,False,819.0277907848358,19,"[1, 0]","[[[1, 1]], [[1, 0]], [[1, 0]], [[1, 0]], [[1, 0]], [[1, 0]], [[1, 0]], [[1, 0]], [[1, 0]], [[1, 0]], [[1, 0]], [[1, 0]], [[1, 0]], [[1, 0]], [[1, 2]], [[1, 0]], [[1, 0]], [[1, 0]], [[1, 0]], [[1, 0]]]"
2026-02-05,Qwen/Qwen3-32B,PDDL,66,True,296.54989409446716,3,"[1, 0]","[[[1, 3]], [[1, 1]], [[1, 0]], [[1, 0]]]"
2026-02-05,Qwen/Qwen3-32B,PDDL,67,True,592.8374485969543,8,"[2, 0]","[[[1, 0]], [[1, 0]], [[1, 0]], [[1, 0]], [[1, 0]], [[1, 0], [2, 0]], [[1, 1]], [[1, 0]], [[1, 0], [2, 0]]]"
2026-02-05,Qwen/Qwen3-32B,PDDL,68,False,517.2629582881927,4,"[5, 1]","[[[1, 0]], [[1, 0]], [[1, 0]], [[1, 0]], [[1, 0], [2, 0], [3, 0], [4, 0], [5, 1]]]"
2026-02-05,Qwen/Qwen3-32B,PDDL,70,True,848.6984360218048,2,"[1, 0]","[[[1, 0]], [[1, 0]], [[1, 0]]]"
2026-02-05,Qwen/Qwen3-32B,PDDL,71,False,207.57653093338013,0,"[5, 0]","[[[1, 0], [2, 0], [3, 0], [4, 0], [5, 0]]]"
2026-02-05,Qwen/Qwen3-32B,PDDL,72,True,145.8922598361969,1,"[2, 0]","[[[1, 2]], [[1, 0], [2, 0]]]"
2026-02-05,Qwen/Qwen3-32B,PDDL,73,True,283.68814730644226,3,"[1, 1]","[[[1, 1], [2, 1]], [[1, 0]], [[1, 0]], [[1, 1]]]"
2026-02-05,Qwen/Qwen3-32B,PDDL,74,True,955.4256172180176,7,"[1, 2]","[[[1, 1]], [[1, 0]], [[1, 0], [2, 1], [3, 0], [4, 1]], [[1, 0]], [[1, 1]], [[1, 3]], [[1, 0]], [[1, 2]]]"
2026-02-05,Qwen/Qwen3-32B,PDDL,75,False,2012.6611948013306,4,"[5, 0]","[[[1, 0]], [[1, 0]], [[1, 0], [2, 0], [3, 0], [4, 0]], [[1, 0]], [[1, 0], [2, 0], [3, 0], [4, 0], [5, 0]]]"
2026-02-05,Qwen/Qwen3-32B,PDDL,76,True,610.7495903968811,9,"[1, 0]","[[[1, 1]], [[1, 0]], [[1, 0]], [[1, 0]], [[1, 0]], [[1, 2]], [[1, 0]], [[1, 0]], [[1, 0]], [[1, 0]]]"
2026-02-05,Qwen/Qwen3-32B,PDDL,77,True,47.68854832649231,0,"[1, 0]","[[[1, 0]]]"
2026-02-05,Qwen/Qwen3-32B,PDDL,78,True,157.28370141983032,1,"[1, 0]","[[[1, 3]], [[1, 0]]]"
2026-02-05,Qwen/Qwen3-32B,PDDL,79,True,262.6216003894806,5,"[1, 1]","[[[1, 0]], [[1, 0]], [[1, 0]], [[1, 0]], [[1, 0]], [[1, 1]]]"
2026-02-05,Qwen/Qwen3-32B,PDDL,80,True,1017.2120614051819,9,"[1, 0]","[[[1, 0]], [[1, 0]], [[1, 1]], [[1, 0]], [[1, 0]], [[1, 1], [2, 1]], [[1, 4]], [[1, 1]], [[1, 0]], [[1, 0]]]"
2026-02-05,Qwen/Qwen3-32B,PDDL,81,True,189.57506155967712,4,"[1, 0]","[[[1, 0]], [[1, 0]], [[1, 0]], [[1, 0]], [[1, 0]]]"
2026-02-05,Qwen/Qwen3-32B,PDDL,82,False,437.19814705848694,0,"[5, 0]","[[[1, 2], [2, 1], [3, 0], [4, 0], [5, 0]]]"
2026-02-05,Qwen/Qwen3-32B,PDDL,83,True,87.27074480056763,0,"[1, 1]","[[[1, 1]]]"
2026-02-05,Qwen/Qwen3-32B,PDDL,84,True,21.865628719329834,0,"[1, 0]","[[[1, 0]]]"
2026-02-05,Qwen/Qwen3-32B,PDDL,86,False,1639.2916295528412,19,"[1, 0]","[[[1, 0], [2, 0], [3, 0]], [[1, 0]], [[1, 0], [2, 0]], [[1, 0]], [[1, 0], [2, 0], [3, 0], [4, 0]], [[1, 0]], [[1, 0]], [[1, 0]], [[1, 0], [2, 0]], [[1, 0], [2, 0], [3, 0]], [[1, 0], [2, 0]], [[1, 0]], [[1, 0], [2, 0], [3, 0]], [[1, 0], [2, 0], [3, 0]], [[1, 0], [2, 0]], [[1, 0], [2, 0], [3, 0]], [[1, 0], [2, 0]], [[1, 0], [2, 0], [3, 0]], [[1, 0], [2, 0], [3, 0]], [[1, 0]]]"
2026-02-05,Qwen/Qwen3-32B,PDDL,87,False,1037.150322675705,6,"[1, 5]","[[[1, 0]], [[1, 0]], [[1, 1]], [[1, 0]], [[1, 1]], [[1, 1]], [[1, 5]]]"
2026-02-05,Qwen/Qwen3-32B,PDDL,88,True,196.9591236114502,3,"[1, 0]","[[[1, 1]], [[1, 0]], [[1, 0]], [[1, 0]]]"
2026-02-05,Qwen/Qwen3-32B,PDDL,90,True,128.01590061187744,1,"[1, 0]","[[[1, 1]], [[1, 0]]]"
2026-02-05,Qwen/Qwen3-32B,PDDL,91,True,523.9861228466034,7,"[1, 0]","[[[1, 0], [2, 0]], [[1, 0]], [[1, 0], [2, 0]], [[1, 0]], [[1, 0]], [[1, 0], [2, 0], [3, 0]], [[1, 0], [2, 0]], [[1, 0]]]"
2026-02-05,Qwen/Qwen3-32B,PDDL,92,False,369.16240906715393,2,"[5, 0]","[[[1, 0]], [[1, 0]], [[1, 0], [2, 0], [3, 0], [4, 0], [5, 0]]]"
2026-02-05,Qwen/Qwen3-32B,PDDL,94,False,1544.1864688396454,6,"[1, 5]","[[[1, 0]], [[1, 0]], [[1, 0], [2, 0]], [[1, 0]], [[1, 0]], [[1, 0]], [[1, 5]]]"
2026-02-05,Qwen/Qwen3-32B,PDDL,96,True,631.2979326248169,5,"[1, 0]","[[[1, 4], [2, 0], [3, 0], [4, 0], [5, 0]], [[1, 0]], [[1, 0]], [[1, 1]], [[1, 0]], [[1, 0]]]"
2026-02-05,Qwen/Qwen3-32B,PDDL,97,False,431.38834047317505,2,"[5, 0]","[[[1, 1]], [[1, 0]], [[1, 0], [2, 0], [3, 0], [4, 0], [5, 0]]]"
2026-02-05,Qwen/Qwen3-32B,PDDL,99,True,891.9206013679504,4,"[1, 0]","[[[1, 3]], [[1, 1]], [[1, 4]], [[1, 2], [2, 1], [3, 2], [4, 0]], [[1, 0]]]"
2026-02-05,Qwen/Qwen3-32B,PDDL,100,True,71.69653010368347,0,"[1, 1]","[[[1, 1]]]"
2026-02-05,Qwen/Qwen3-32B,PDDL,101,True,96.3554036617279,0,"[2, 0]","[[[1, 0], [2, 0]]]"
2026-02-05,Qwen/Qwen3-32B,PDDL,102,True,1044.6993155479431,2,"[2, 0]","[[[1, 5]], [[1, 1], [2, 0]], [[1, 0], [2, 0]]]"
2026-02-05,Qwen/Qwen3-32B,PDDL,103,True,95.35509181022644,1,"[1, 0]","[[[1, 0]], [[1, 0]]]"
2026-02-05,Qwen/Qwen3-32B,PDDL,104,True,186.1233468055725,3,"[1, 1]","[[[1, 0]], [[1, 0], [2, 0]], [[1, 0]], [[1, 1]]]"
2026-02-05,Qwen/Qwen3-32B,PDDL,105,True,260.0577688217163,6,"[1, 0]","[[[1, 0]], [[1, 0]], [[1, 0]], [[1, 0]], [[1, 0]], [[1, 0]], [[1, 0]]]"
2026-02-05,Qwen/Qwen3-32B,PDDL,106,True,1549.380247592926,0,"[1, 2]","[[[1, 2]]]"
2026-02-05,Qwen/Qwen3-32B,baseline,0,False,209.31547355651855,19,1,"[[1], [1], [1, 2], [1], [1, 2, 3, 4], [1], [1, 2], [1], [1], [1], [1], [1, 2], [1], [1], [1], [1], [1], [1], [1], [1]]"
2026-02-05,Qwen/Qwen3-32B,baseline,1,True,129.83047103881836,12,1,"[[1], [1], [1], [1, 2], [1], [1], [1], [1, 2], [1], [1, 2], [1], [1], [1]]"
2026-02-05,Qwen/Qwen3-32B,baseline,2,False,202.7639217376709,19,1,"[[1], [1], [1], [1], [1], [1], [1], [1], [1, 2, 3], [1], [1], [1], [1], [1, 2], [1], [1], [1], [1], [1], [1]]"
2026-02-05,Qwen/Qwen3-32B,baseline,4,True,80.78392052650452,5,4,"[[1], [1], [1, 2], [1], [1], [1, 2, 3, 4]]"
2026-02-05,Qwen/Qwen3-32B,baseline,5,True,9.001625299453735,2,1,"[[1], [1], [1]]"
2026-02-05,Qwen/Qwen3-32B,baseline,6,False,184.01808333396912,19,1,"[[1], [1], [1], [1], [1], [1, 2], [1], [1], [1], [1], [1], [1], [1], [1], [1], [1], [1], [1], [1], [1]]"
2026-02-05,Qwen/Qwen3-32B,baseline,7,True,4.644219636917114,0,1,[[1]]
2026-02-05,Qwen/Qwen3-32B,baseline,8,False,235.2047402858734,19,1,"[[1], [1], [1], [1], [1], [1], [1], [1, 2], [1, 2, 3], [1], [1], [1, 2], [1], [1], [1], [1, 2, 3, 4], [1], [1], [1], [1]]"
2026-02-05,Qwen/Qwen3-32B,baseline,10,False,214.59346890449524,19,1,"[[1], [1], [1], [1], [1], [1], [1], [1], [1], [1, 2], [1], [1], [1], [1], [1], [1], [1], [1], [1, 2], [1]]"
2026-02-05,Qwen/Qwen3-32B,baseline,11,True,6.695746183395386,1,1,"[[1], [1]]"
2026-02-05,Qwen/Qwen3-32B,baseline,12,False,179.65061235427856,19,1,"[[1], [1], [1], [1], [1], [1, 2], [1, 2], [1], [1], [1], [1], [1], [1], [1], [1], [1], [1], [1], [1], [1]]"
2026-02-05,Qwen/Qwen3-32B,baseline,14,True,133.7146008014679,16,1,"[[1], [1], [1], [1], [1], [1], [1], [1], [1], [1], [1], [1], [1, 2, 3, 4], [1, 2], [1], [1], [1]]"
2026-02-05,Qwen/Qwen3-32B,baseline,15,True,57.78654885292053,8,2,"[[1], [1], [1], [1], [1], [1], [1], [1], [1, 2]]"
2026-02-05,Qwen/Qwen3-32B,baseline,16,False,219.58637928962708,19,1,"[[1], [1], [1], [1], [1, 2], [1, 2], [1], [1], [1, 2], [1], [1], [1], [1], [1], [1], [1], [1], [1], [1], [1]]"
2026-02-05,Qwen/Qwen3-32B,baseline,17,True,173.05674815177917,18,1,"[[1], [1], [1], [1], [1, 2], [1, 2], [1, 2], [1], [1, 2], [1], [1], [1], [1], [1], [1], [1], [1, 2], [1], [1]]"
2026-02-05,Qwen/Qwen3-32B,baseline,18,False,115.7227292060852,9,5,"[[1], [1], [1], [1], [1], [1], [1], [1], [1], [1, 2, 3, 4, 5]]"
2026-02-05,Qwen/Qwen3-32B,baseline,19,True,60.50768423080444,3,3,"[[1], [1], [1, 2], [1, 2, 3]]"
2026-02-05,Qwen/Qwen3-32B,baseline,20,True,6.042392730712891,1,1,"[[1], [1]]"
2026-02-05,Qwen/Qwen3-32B,baseline,21,True,116.20707607269287,11,1,"[[1], [1], [1], [1], [1], [1], [1, 2], [1], [1], [1], [1], [1]]"
2026-02-05,Qwen/Qwen3-32B,baseline,22,True,21.898293495178223,5,1,"[[1], [1], [1], [1], [1], [1]]"
2026-02-05,Qwen/Qwen3-32B,baseline,23,True,75.5233678817749,12,1,"[[1], [1], [1], [1], [1], [1], [1], [1], [1], [1], [1], [1], [1]]"
2026-02-05,Qwen/Qwen3-32B,baseline,24,True,78.42645478248596,10,1,"[[1], [1, 2], [1], [1], [1, 2], [1], [1], [1], [1], [1], [1]]"
2026-02-05,Qwen/Qwen3-32B,baseline,26,True,12.604343891143799,2,1,"[[1], [1], [1]]"
2026-02-05,Qwen/Qwen3-32B,baseline,27,True,17.926614999771118,0,1,[[1]]
2026-02-05,Qwen/Qwen3-32B,baseline,28,True,29.15831685066223,3,1,"[[1], [1], [1, 2], [1]]"
2026-02-05,Qwen/Qwen3-32B,baseline,29,True,101.39859461784363,10,1,"[[1], [1], [1], [1], [1], [1, 2, 3], [1], [1], [1], [1, 2, 3], [1]]"
2026-02-05,Qwen/Qwen3-32B,baseline,30,True,9.369433641433716,2,1,"[[1], [1], [1]]"
2026-02-05,Qwen/Qwen3-32B,baseline,31,True,5.710264205932617,0,1,[[1]]
2026-02-05,Qwen/Qwen3-32B,baseline,32,False,146.14544463157654,19,1,"[[1], [1], [1], [1, 2], [1], [1], [1], [1], [1], [1], [1], [1], [1], [1], [1], [1], [1], [1], [1, 2], [1]]"
2026-02-05,Qwen/Qwen3-32B,baseline,33,True,54.24789762496948,9,2,"[[1], [1], [1], [1], [1], [1], [1], [1], [1], [1, 2]]"
2026-02-05,Qwen/Qwen3-32B,baseline,34,False,91.94546580314636,2,5,"[[1], [1], [1, 2, 3, 4, 5]]"
2026-02-05,Qwen/Qwen3-32B,baseline,35,True,29.611825942993164,5,1,"[[1], [1], [1], [1], [1], [1]]"
2026-02-05,Qwen/Qwen3-32B,baseline,36,True,35.41469144821167,5,1,"[[1], [1], [1], [1, 2], [1], [1]]"
2026-02-05,Qwen/Qwen3-32B,baseline,37,False,152.69794750213623,19,2,"[[1], [1], [1], [1, 2], [1], [1], [1], [1], [1], [1], [1], [1, 2, 3], [1], [1, 2, 3], [1], [1], [1], [1], [1], [1, 2]]"
2026-02-05,Qwen/Qwen3-32B,baseline,38,True,179.13533401489258,15,1,"[[1], [1], [1], [1], [1, 2], [1], [1, 2], [1], [1], [1], [1], [1], [1], [1], [1], [1]]"
2026-02-05,Qwen/Qwen3-32B,baseline,39,True,60.919963121414185,6,1,"[[1], [1], [1], [1, 2], [1], [1], [1]]"
2026-02-05,Qwen/Qwen3-32B,baseline,40,False,197.70271635055542,19,1,"[[1], [1], [1], [1], [1], [1], [1], [1], [1], [1], [1], [1], [1, 2], [1], [1], [1, 2], [1, 2], [1], [1, 2], [1]]"
2026-02-05,Qwen/Qwen3-32B,baseline,41,False,177.71717929840088,19,1,"[[1, 2], [1], [1], [1, 2], [1], [1], [1], [1, 2], [1], [1], [1], [1], [1], [1], [1], [1], [1], [1], [1], [1]]"
2026-02-05,Qwen/Qwen3-32B,baseline,42,True,81.02883005142212,11,1,"[[1], [1], [1], [1], [1], [1], [1, 2], [1], [1], [1], [1], [1]]"
2026-02-05,Qwen/Qwen3-32B,baseline,43,True,12.45395565032959,0,1,[[1]]
2026-02-05,Qwen/Qwen3-32B,baseline,44,True,132.6282093524933,15,1,"[[1], [1], [1], [1], [1, 2], [1], [1], [1, 2], [1], [1], [1], [1], [1], [1], [1, 2, 3], [1]]"
2026-02-05,Qwen/Qwen3-32B,baseline,45,False,200.05370903015137,19,1,"[[1], [1], [1], [1], [1, 2], [1], [1], [1], [1], [1], [1], [1], [1], [1], [1], [1], [1, 2], [1], [1], [1]]"
2026-02-05,Qwen/Qwen3-32B,baseline,46,True,185.96766924858093,18,1,"[[1], [1], [1], [1], [1, 2], [1], [1, 2], [1, 2], [1], [1], [1], [1], [1], [1], [1, 2], [1], [1], [1], [1]]"
2026-02-05,Qwen/Qwen3-32B,baseline,47,False,169.62345790863037,14,5,"[[1], [1], [1], [1], [1], [1, 2], [1], [1], [1], [1, 2], [1], [1], [1], [1], [1, 2, 3, 4, 5]]"
2026-02-05,Qwen/Qwen3-32B,baseline,48,True,93.05252504348755,15,1,"[[1], [1], [1], [1], [1, 2], [1], [1], [1], [1], [1], [1], [1], [1], [1], [1], [1]]"
2026-02-05,Qwen/Qwen3-32B,baseline,49,True,14.255739212036133,4,1,"[[1], [1], [1], [1], [1]]"
2026-02-05,Qwen/Qwen3-32B,baseline,50,True,126.46976137161255,11,1,"[[1], [1], [1, 2], [1], [1, 2], [1], [1], [1, 2], [1], [1], [1], [1]]"
2026-02-05,Qwen/Qwen3-32B,baseline,51,True,3.948720932006836,0,1,[[1]]
2026-02-05,Qwen/Qwen3-32B,baseline,52,False,150.93849849700928,12,5,"[[1], [1], [1], [1], [1], [1], [1], [1], [1, 2], [1], [1], [1], [1, 2, 3, 4, 5]]"
2026-02-05,Qwen/Qwen3-32B,baseline,53,True,162.69074511528015,15,1,"[[1], [1], [1], [1], [1, 2], [1], [1], [1], [1, 2, 3], [1], [1], [1], [1, 2], [1], [1], [1]]"
2026-02-05,Qwen/Qwen3-32B,baseline,54,True,132.01801204681396,8,2,"[[1], [1], [1], [1], [1, 2, 3, 4], [1, 2], [1, 2], [1], [1, 2]]"
2026-02-05,Qwen/Qwen3-32B,baseline,55,False,138.79866313934326,19,1,"[[1], [1], [1], [1, 2], [1, 2], [1], [1], [1, 2], [1], [1], [1], [1], [1], [1], [1], [1], [1], [1], [1], [1]]"
2026-02-05,Qwen/Qwen3-32B,baseline,56,True,4.202853202819824,0,1,[[1]]
2026-02-05,Qwen/Qwen3-32B,baseline,57,True,145.53444361686707,11,1,"[[1], [1], [1], [1], [1, 2, 3], [1, 2, 3, 4, 5], [1], [1], [1], [1, 2], [1], [1]]"
2026-02-05,Qwen/Qwen3-32B,baseline,58,False,86.00131154060364,4,5,"[[1], [1], [1, 2], [1], [1, 2, 3, 4, 5]]"
2026-02-05,Qwen/Qwen3-32B,baseline,59,True,47.35524272918701,7,2,"[[1], [1], [1], [1], [1], [1], [1], [1, 2]]"
2026-02-05,Qwen/Qwen3-32B,baseline,60,True,151.59298586845398,19,1,"[[1], [1], [1], [1], [1], [1], [1], [1], [1], [1], [1, 2], [1], [1], [1], [1], [1], [1, 2], [1, 2], [1], [1]]"
2026-02-05,Qwen/Qwen3-32B,baseline,61,True,24.626092195510864,3,1,"[[1], [1], [1], [1]]"
2026-02-05,Qwen/Qwen3-32B,baseline,62,True,139.77057361602783,15,1,"[[1], [1], [1, 2], [1], [1], [1], [1], [1], [1, 2], [1], [1], [1], [1], [1], [1], [1]]"
2026-02-05,Qwen/Qwen3-32B,baseline,63,True,78.0797233581543,8,1,"[[1], [1], [1, 2, 3, 4, 5], [1], [1], [1], [1], [1], [1]]"
2026-02-05,Qwen/Qwen3-32B,baseline,64,False,189.57720923423767,19,1,"[[1], [1], [1], [1], [1, 2], [1], [1], [1, 2, 3], [1], [1], [1], [1], [1], [1], [1], [1], [1], [1], [1, 2], [1]]"
2026-02-05,Qwen/Qwen3-32B,baseline,65,True,19.152377367019653,1,2,"[[1], [1, 2]]"
2026-02-05,Qwen/Qwen3-32B,baseline,66,True,138.87523198127747,14,1,"[[1], [1], [1], [1], [1], [1], [1], [1], [1, 2], [1], [1, 2], [1], [1], [1], [1]]"
2026-02-05,Qwen/Qwen3-32B,baseline,67,False,234.44085144996643,19,1,"[[1], [1], [1], [1], [1, 2, 3, 4, 5], [1], [1], [1], [1, 2, 3], [1], [1, 2, 3], [1, 2], [1], [1, 2], [1], [1], [1], [1], [1], [1]]"
2026-02-05,Qwen/Qwen3-32B,baseline,68,False,158.3120334148407,19,1,"[[1], [1], [1, 2], [1], [1], [1, 2], [1], [1, 2], [1], [1, 2], [1, 2], [1], [1], [1], [1], [1], [1], [1], [1], [1]]"
2026-02-05,Qwen/Qwen3-32B,baseline,70,True,6.708219051361084,1,1,"[[1], [1]]"
2026-02-05,Qwen/Qwen3-32B,baseline,71,False,199.447007894516,19,1,"[[1], [1], [1], [1], [1], [1], [1], [1, 2, 3, 4, 5], [1], [1], [1], [1], [1], [1], [1], [1], [1], [1], [1], [1]]"
2026-02-05,Qwen/Qwen3-32B,baseline,72,False,184.48437023162842,19,1,"[[1], [1], [1], [1], [1, 2, 3], [1], [1, 2], [1], [1, 2, 3, 4], [1], [1], [1], [1, 2], [1], [1], [1], [1], [1], [1], [1]]"
2026-02-05,Qwen/Qwen3-32B,baseline,73,True,28.39156222343445,4,2,"[[1], [1], [1], [1], [1, 2]]"
2026-02-05,Qwen/Qwen3-32B,baseline,74,True,6.392110586166382,1,1,"[[1], [1]]"
2026-02-05,Qwen/Qwen3-32B,baseline,75,True,143.4100501537323,16,1,"[[1], [1], [1, 2], [1], [1], [1], [1], [1, 2], [1], [1], [1], [1], [1], [1, 2], [1], [1], [1]]"
2026-02-05,Qwen/Qwen3-32B,baseline,76,False,155.56772756576538,19,1,"[[1], [1], [1], [1], [1], [1], [1], [1, 2, 3], [1], [1], [1], [1], [1], [1], [1], [1], [1], [1], [1], [1]]"
2026-02-05,Qwen/Qwen3-32B,baseline,77,True,2.7018418312072754,0,1,[[1]]
2026-02-05,Qwen/Qwen3-32B,baseline,78,False,249.64041590690613,19,2,"[[1], [1], [1, 2], [1, 2, 3], [1], [1], [1, 2], [1], [1], [1, 2], [1], [1], [1], [1], [1], [1], [1, 2], [1], [1], [1, 2]]"
2026-02-05,Qwen/Qwen3-32B,baseline,79,False,87.34010767936707,13,1,"[[1], [1], [1], [1], [1], [1], [1], [1], [1], [1, 2], [1], [1], [1], [1]]"
2026-02-05,Qwen/Qwen3-32B,baseline,80,True,174.7069673538208,14,1,"[[1], [1, 2, 3], [1], [1], [1], [1], [1], [1, 2, 3], [1], [1], [1, 2], [1], [1], [1], [1]]"
2026-02-05,Qwen/Qwen3-32B,baseline,81,True,58.063496112823486,9,1,"[[1], [1], [1], [1], [1], [1], [1], [1], [1], [1]]"
2026-02-05,Qwen/Qwen3-32B,baseline,82,True,77.27283787727356,12,1,"[[1], [1], [1], [1], [1], [1], [1], [1], [1], [1], [1], [1], [1]]"
2026-02-05,Qwen/Qwen3-32B,baseline,83,True,5.391344308853149,0,1,[[1]]
2026-02-05,Qwen/Qwen3-32B,baseline,84,True,2.3238794803619385,0,1,[[1]]
2026-02-05,Qwen/Qwen3-32B,baseline,85,True,95.80239343643188,11,1,"[[1], [1], [1], [1, 2], [1], [1, 2, 3], [1], [1], [1], [1], [1], [1]]"
2026-02-05,Qwen/Qwen3-32B,baseline,86,True,16.0462327003479,3,1,"[[1], [1], [1], [1]]"
2026-02-05,Qwen/Qwen3-32B,baseline,87,True,153.07310843467712,15,1,"[[1], [1], [1, 2], [1], [1], [1], [1], [1], [1], [1, 2, 3, 4], [1], [1], [1], [1], [1], [1]]"
2026-02-05,Qwen/Qwen3-32B,baseline,88,True,61.63082671165466,8,1,"[[1], [1], [1], [1], [1], [1], [1], [1], [1]]"
2026-02-05,Qwen/Qwen3-32B,baseline,90,True,36.467647552490234,4,1,"[[1], [1], [1, 2], [1], [1]]"
2026-02-05,Qwen/Qwen3-32B,baseline,91,False,152.04362320899963,19,1,"[[1], [1], [1], [1], [1], [1], [1], [1], [1], [1], [1], [1], [1], [1, 2], [1], [1], [1], [1], [1], [1]]"
2026-02-05,Qwen/Qwen3-32B,baseline,92,True,67.26293778419495,12,1,"[[1], [1], [1], [1], [1], [1], [1], [1], [1, 2], [1], [1], [1], [1]]"
2026-02-05,Qwen/Qwen3-32B,baseline,93,True,90.90338563919067,10,2,"[[1], [1], [1], [1], [1, 2], [1], [1], [1, 2], [1], [1], [1, 2]]"
2026-02-05,Qwen/Qwen3-32B,baseline,94,False,204.00155234336853,19,2,"[[1], [1], [1], [1, 2], [1], [1], [1], [1], [1], [1, 2], [1, 2], [1, 2], [1], [1], [1], [1], [1], [1], [1], [1, 2]]"
2026-02-05,Qwen/Qwen3-32B,baseline,96,False,162.84798216819763,19,1,"[[1], [1], [1], [1], [1], [1], [1], [1], [1], [1], [1], [1, 2], [1], [1], [1], [1], [1, 2], [1], [1], [1]]"
2026-02-05,Qwen/Qwen3-32B,baseline,97,True,33.406960010528564,6,1,"[[1], [1], [1], [1], [1], [1], [1]]"
2026-02-05,Qwen/Qwen3-32B,baseline,98,False,213.42696499824524,19,1,"[[1], [1], [1], [1], [1, 2], [1], [1], [1], [1], [1], [1, 2], [1, 2], [1], [1], [1], [1, 2], [1, 2, 3, 4, 5], [1], [1, 2], [1]]"
2026-02-05,Qwen/Qwen3-32B,baseline,99,True,77.23573756217957,5,3,"[[1], [1], [1], [1], [1], [1, 2, 3]]"
2026-02-05,Qwen/Qwen3-32B,baseline,100,True,7.058821678161621,1,1,"[[1], [1]]"
2026-02-05,Qwen/Qwen3-32B,baseline,101,True,23.967875003814697,4,1,"[[1], [1], [1], [1], [1]]"
2026-02-05,Qwen/Qwen3-32B,baseline,102,True,72.94152498245239,6,1,"[[1], [1], [1, 2, 3], [1], [1], [1], [1]]"
2026-02-05,Qwen/Qwen3-32B,baseline,103,True,77.05858850479126,10,1,"[[1], [1], [1, 2, 3], [1], [1], [1], [1, 2], [1], [1], [1], [1]]"
2026-02-05,Qwen/Qwen3-32B,baseline,104,False,98.56680583953857,2,5,"[[1], [1], [1, 2, 3, 4, 5]]"
2026-02-05,Qwen/Qwen3-32B,baseline,105,True,119.85244631767273,17,2,"[[1], [1], [1], [1], [1], [1], [1], [1], [1], [1], [1], [1], [1], [1], [1], [1], [1], [1, 2]]"
2026-02-05,Qwen/Qwen3-32B,baseline,106,False,267.72631764411926,19,4,"[[1], [1], [1], [1, 2], [1], [1], [1], [1], [1], [1], [1], [1], [1, 2, 3], [1, 2], [1], [1], [1, 2], [1, 2], [1], [1, 2, 3, 4]]"
