2026-02-26,gpt-5-mini-2025-08-07,PDDL_Unit_action,0,True,2056.6410472393036,12,"[1, 0]","[[[1, 0]], [[1, 1], [2, 0]], [[1, 0]], [[1, 0]], [[1, 0]], [[1, 0]], [[1, 0]], [[1, 0]], [[1, 0]], [[1, 0]], [[1, 1]], [[1, 1]], [[1, 0]]]"
2026-02-26,gpt-5-mini-2025-08-07,PDDL_Unit_action,1,True,725.9562931060791,5,"[1, 0]","[[[1, 0]], [[1, 1]], [[1, 0]], [[1, 0]], [[1, 0]], [[1, 0]]]"
2026-02-26,gpt-5-mini-2025-08-07,PDDL_Unit_action,2,True,1696.909474849701,9,"[1, 1]","[[[1, 0]], [[1, 0]], [[1, 0]], [[1, 0], [2, 0]], [[1, 0]], [[1, 0]], [[1, 0]], [[1, 0]], [[1, 0]], [[1, 1]]]"
2026-02-26,gpt-5-mini-2025-08-07,PDDL_Unit_action,4,True,1295.9022541046143,7,"[1, 0]","[[[1, 0]], [[1, 1], [2, 0]], [[1, 0]], [[1, 1]], [[1, 0]], [[1, 0]], [[1, 0]], [[1, 0]]]"
2026-02-26,gpt-5-mini-2025-08-07,PDDL_Unit_action,5,True,675.4560680389404,3,"[1, 0]","[[[1, 0]], [[1, 0]], [[1, 1], [2, 0]], [[1, 0]]]"
2026-02-26,gpt-5-mini-2025-08-07,PDDL_Unit_action,6,True,1496.6835243701935,9,"[1, 0]","[[[1, 0]], [[1, 1], [2, 0]], [[1, 0]], [[1, 0]], [[1, 0]], [[1, 0]], [[1, 0]], [[1, 0]], [[1, 0]], [[1, 0]]]"
2026-02-26,gpt-5-mini-2025-08-07,PDDL_Unit_action,7,True,923.3196656703949,4,"[1, 1]","[[[1, 0]], [[1, 0], [2, 0]], [[1, 0]], [[1, 1]], [[1, 1]]]"
2026-02-26,gpt-5-mini-2025-08-07,PDDL_Unit_action,8,True,1623.348156452179,8,"[1, 0]","[[[1, 0]], [[1, 0]], [[1, 1]], [[1, 0]], [[1, 1]], [[1, 0]], [[1, 0]], [[1, 0]], [[1, 0]]]"
2026-02-26,gpt-5-mini-2025-08-07,PDDL_Unit_action,10,True,1338.1522512435913,7,"[1, 0]","[[[1, 0]], [[1, 0]], [[1, 1], [2, 0]], [[1, 0]], [[1, 1]], [[1, 0]], [[1, 0]], [[1, 0]]]"
2026-02-26,gpt-5-mini-2025-08-07,PDDL_Unit_action,11,True,582.7014443874359,2,"[2, 0]","[[[1, 0]], [[1, 0]], [[1, 1], [2, 0]]]"
2026-02-26,gpt-5-mini-2025-08-07,PDDL_Unit_action,12,True,280.1767728328705,1,"[2, 0]","[[[1, 0]], [[1, 0], [2, 0]]]"
2026-02-26,gpt-5-mini-2025-08-07,PDDL_Unit_action,14,True,2229.4726753234863,9,"[1, 1]","[[[1, 0]], [[1, 1], [2, 1], [3, 0]], [[1, 0]], [[1, 0]], [[1, 1]], [[1, 0]], [[1, 1]], [[1, 0]], [[1, 1]], [[1, 1]]]"
2026-02-26,gpt-5-mini-2025-08-07,PDDL_Unit_action,15,True,1774.7209842205048,9,"[1, 0]","[[[1, 0]], [[1, 0]], [[1, 1], [2, 0]], [[1, 1]], [[1, 0]], [[1, 1]], [[1, 0]], [[1, 0]], [[1, 0]], [[1, 0]]]"
2026-02-26,gpt-5-mini-2025-08-07,PDDL_Unit_action,16,True,1771.6766579151154,10,"[1, 0]","[[[1, 0]], [[1, 0]], [[1, 1], [2, 0]], [[1, 0]], [[1, 0]], [[1, 0]], [[1, 0]], [[1, 0]], [[1, 0]], [[1, 0]], [[1, 0]]]"
2026-02-26,gpt-5-mini-2025-08-07,PDDL_Unit_action,17,True,850.8808062076569,5,"[1, 0]","[[[1, 0]], [[1, 0]], [[1, 0], [2, 0]], [[1, 0]], [[1, 0]], [[1, 0]]]"
2026-02-26,gpt-5-mini-2025-08-07,PDDL_Unit_action,18,True,2201.6221845149994,8,"[1, 0]","[[[1, 0]], [[1, 1], [2, 0]], [[1, 1]], [[1, 0]], [[1, 0]], [[1, 1]], [[1, 1]], [[1, 0]], [[1, 0]]]"
2026-02-26,gpt-5-mini-2025-08-07,PDDL_Unit_action,19,True,1497.9840278625488,7,"[1, 0]","[[[1, 0]], [[1, 0]], [[1, 1], [2, 0]], [[1, 0]], [[1, 0]], [[1, 0]], [[1, 0]], [[1, 0]]]"
2026-02-26,gpt-5-mini-2025-08-07,PDDL_Unit_action,20,True,277.6135334968567,1,"[2, 0]","[[[1, 0]], [[1, 0], [2, 0]]]"
2026-02-26,gpt-5-mini-2025-08-07,PDDL_Unit_action,21,True,1657.924812555313,10,"[1, 0]","[[[1, 0]], [[1, 0]], [[1, 1]], [[1, 0]], [[1, 0]], [[1, 0]], [[1, 0]], [[1, 0]], [[1, 0]], [[1, 0]], [[1, 0]]]"
2026-02-26,gpt-5-mini-2025-08-07,PDDL_Unit_action,22,True,2229.36355137825,9,"[2, 0]","[[[1, 0]], [[1, 0]], [[1, 1], [2, 0]], [[1, 0]], [[1, 0]], [[1, 0]], [[1, 0]], [[1, 0]], [[1, 1]], [[1, 1], [2, 0]]]"
2026-02-26,gpt-5-mini-2025-08-07,PDDL_Unit_action,23,True,725.5444433689117,4,"[1, 0]","[[[1, 0]], [[1, 1]], [[1, 0]], [[1, 0], [2, 0]], [[1, 0]]]"
2026-02-26,gpt-5-mini-2025-08-07,PDDL_Unit_action,24,True,631.7065093517303,3,"[1, 0]","[[[1, 0]], [[1, 1], [2, 0]], [[1, 0]], [[1, 0]]]"
2026-02-26,gpt-5-mini-2025-08-07,PDDL_Unit_action,26,True,799.5411324501038,4,"[1, 0]","[[[1, 0]], [[1, 0]], [[1, 1], [2, 0]], [[1, 0]], [[1, 0]]]"
2026-02-26,gpt-5-mini-2025-08-07,PDDL_Unit_action,27,True,77.82622456550598,0,"[1, 0]","[[[1, 0]]]"
2026-02-26,gpt-5-mini-2025-08-07,PDDL_Unit_action,28,True,576.9689266681671,2,"[2, 0]","[[[1, 0]], [[1, 0]], [[1, 1], [2, 0]]]"
2026-02-26,gpt-5-mini-2025-08-07,PDDL_Unit_action,29,True,1282.1099436283112,8,"[1, 0]","[[[1, 0]], [[1, 1]], [[1, 0]], [[1, 0]], [[1, 0]], [[1, 0]], [[1, 0]], [[1, 0]], [[1, 0]]]"
2026-02-26,gpt-5-mini-2025-08-07,PDDL_Unit_action,30,True,2280.7592952251434,8,"[1, 0]","[[[1, 0]], [[1, 0]], [[1, 1]], [[1, 0]], [[1, 0]], [[1, 1]], [[1, 0]], [[1, 1], [2, 0]], [[1, 0]]]"
2026-02-26,gpt-5-mini-2025-08-07,PDDL_Unit_action,31,True,1098.512864112854,2,"[1, 1]","[[[1, 0]], [[1, 1], [2, 0]], [[1, 1]]]"
2026-02-26,gpt-5-mini-2025-08-07,PDDL_Unit_action,32,True,822.171802520752,4,"[1, 0]","[[[1, 0]], [[1, 1], [2, 0]], [[1, 0]], [[1, 0]], [[1, 0]]]"
2026-02-26,gpt-5-mini-2025-08-07,PDDL_Unit_action,33,True,1936.5044457912445,10,"[1, 0]","[[[1, 0]], [[1, 0]], [[1, 1], [2, 0]], [[1, 0]], [[1, 1]], [[1, 0]], [[1, 0]], [[1, 0]], [[1, 1]], [[1, 0]], [[1, 0]]]"
2026-02-26,gpt-5-mini-2025-08-07,PDDL_Unit_action,34,True,757.7309846878052,4,"[1, 1]","[[[1, 0]], [[1, 0], [2, 0]], [[1, 0]], [[1, 1]], [[1, 1]]]"
2026-02-26,gpt-5-mini-2025-08-07,PDDL_Unit_action,35,True,341.69055700302124,2,"[1, 0]","[[[1, 0]], [[1, 0]], [[1, 0]]]"
2026-02-26,gpt-5-mini-2025-08-07,PDDL_Unit_action,36,True,699.4730253219604,3,"[1, 0]","[[[1, 0]], [[1, 1], [2, 0]], [[1, 0]], [[1, 0]]]"
2026-02-26,gpt-5-mini-2025-08-07,PDDL_Unit_action,37,True,1327.0091042518616,8,"[1, 0]","[[[1, 0]], [[1, 0]], [[1, 0]], [[1, 0]], [[1, 0]], [[1, 1]], [[1, 0]], [[1, 0]], [[1, 0]]]"
2026-02-26,gpt-5-mini-2025-08-07,PDDL_Unit_action,38,True,458.0400855541229,2,"[1, 1]","[[[1, 0]], [[1, 0]], [[1, 1]]]"
2026-02-26,gpt-5-mini-2025-08-07,PDDL_Unit_action,39,True,2103.136534690857,11,"[1, 0]","[[[1, 0]], [[1, 1]], [[1, 1]], [[1, 0]], [[1, 0]], [[1, 1]], [[1, 1]], [[1, 1]], [[1, 1]], [[1, 0]], [[1, 0]], [[1, 0]]]"
2026-02-26,gpt-5-mini-2025-08-07,PDDL_Unit_action,40,True,525.545595407486,2,"[2, 0]","[[[1, 0]], [[1, 0]], [[1, 1], [2, 0]]]"
2026-02-26,gpt-5-mini-2025-08-07,PDDL_Unit_action,41,True,2061.174289703369,7,"[1, 0]","[[[1, 0]], [[1, 0]], [[1, 1], [2, 1], [3, 0], [4, 0]], [[1, 0]], [[1, 0]], [[1, 0]], [[1, 0]], [[1, 0]]]"
2026-02-26,gpt-5-mini-2025-08-07,PDDL_Unit_action,42,True,735.2821640968323,3,"[1, 0]","[[[1, 0]], [[1, 0]], [[1, 1], [2, 0]], [[1, 0]]]"
2026-02-26,gpt-5-mini-2025-08-07,PDDL_Unit_action,43,True,400.88038063049316,1,"[1, 1]","[[[1, 0]], [[1, 1]]]"
2026-02-26,gpt-5-mini-2025-08-07,PDDL_Unit_action,44,True,1679.75332570076,9,"[1, 1]","[[[1, 0]], [[1, 1], [2, 0]], [[1, 0]], [[1, 1]], [[1, 0]], [[1, 0]], [[1, 1]], [[1, 0]], [[1, 0]], [[1, 1]]]"
2026-02-26,gpt-5-mini-2025-08-07,PDDL_Unit_action,45,True,1312.9188163280487,9,"[1, 0]","[[[1, 0]], [[1, 0]], [[1, 1], [2, 0]], [[1, 0]], [[1, 0]], [[1, 0]], [[1, 0]], [[1, 0]], [[1, 0]], [[1, 0]]]"
2026-02-26,gpt-5-mini-2025-08-07,PDDL_Unit_action,46,True,94.13750720024109,0,"[1, 0]","[[[1, 0]]]"
2026-02-26,gpt-5-mini-2025-08-07,PDDL_Unit_action,47,True,1964.3264546394348,8,"[2, 0]","[[[1, 0]], [[1, 0]], [[1, 1]], [[1, 0], [2, 0]], [[1, 1]], [[1, 0], [2, 0]], [[1, 0]], [[1, 0]], [[1, 0], [2, 0]]]"
2026-02-26,gpt-5-mini-2025-08-07,PDDL_Unit_action,48,True,503.20720648765564,2,"[1, 0]","[[[1, 0]], [[1, 1], [2, 0]], [[1, 0]]]"
2026-02-26,gpt-5-mini-2025-08-07,PDDL_Unit_action,49,True,927.70689868927,6,"[1, 0]","[[[1, 0]], [[1, 0]], [[1, 0]], [[1, 0]], [[1, 0]], [[1, 0]], [[1, 0]]]"
2026-02-26,gpt-5-mini-2025-08-07,PDDL_Unit_action,50,True,703.9254174232483,3,"[1, 0]","[[[1, 0]], [[1, 1], [2, 0]], [[1, 0]], [[1, 0]]]"
2026-02-26,gpt-5-mini-2025-08-07,PDDL_Unit_action,51,True,79.19067668914795,0,"[1, 0]","[[[1, 0]]]"
2026-02-26,gpt-5-mini-2025-08-07,PDDL_Unit_action,52,True,866.0306928157806,5,"[1, 0]","[[[1, 0]], [[1, 1], [2, 0]], [[1, 0]], [[1, 0]], [[1, 0]], [[1, 0]]]"
2026-02-26,gpt-5-mini-2025-08-07,PDDL_Unit_action,53,True,1023.5375566482544,6,"[1, 0]","[[[1, 0]], [[1, 0]], [[1, 0]], [[1, 1]], [[1, 0]], [[1, 0]], [[1, 0]]]"
2026-02-26,gpt-5-mini-2025-08-07,PDDL_Unit_action,54,True,1531.7699065208435,8,"[1, 0]","[[[1, 0]], [[1, 0], [2, 0]], [[1, 0]], [[1, 0]], [[1, 0]], [[1, 0]], [[1, 0]], [[1, 0]], [[1, 0]]]"
2026-02-26,gpt-5-mini-2025-08-07,PDDL_Unit_action,55,True,1822.2537384033203,10,"[1, 1]","[[[1, 0]], [[1, 0], [2, 0]], [[1, 0]], [[1, 0]], [[1, 1]], [[1, 0]], [[1, 0]], [[1, 0]], [[1, 0]], [[1, 0]], [[1, 1]]]"
2026-02-26,gpt-5-mini-2025-08-07,PDDL_Unit_action,56,True,410.1008622646332,1,"[2, 0]","[[[1, 0]], [[1, 1], [2, 0]]]"
2026-02-26,gpt-5-mini-2025-08-07,PDDL_Unit_action,57,True,1002.3101079463959,5,"[1, 0]","[[[1, 0]], [[1, 1], [2, 0]], [[1, 0]], [[1, 0]], [[1, 0]], [[1, 0]]]"
2026-02-26,gpt-5-mini-2025-08-07,PDDL_Unit_action,58,True,572.9137761592865,3,"[1, 0]","[[[1, 0]], [[1, 0]], [[1, 0]], [[1, 0]]]"
2026-02-26,gpt-5-mini-2025-08-07,PDDL_Unit_action,59,True,1427.4927852153778,9,"[1, 0]","[[[1, 0]], [[1, 0], [2, 0]], [[1, 1]], [[1, 0]], [[1, 0]], [[1, 0]], [[1, 0]], [[1, 0]], [[1, 0]], [[1, 0]]]"
2026-02-26,gpt-5-mini-2025-08-07,PDDL_Unit_action,60,True,2058.6166484355927,10,"[1, 1]","[[[1, 0]], [[1, 1], [2, 1]], [[1, 0]], [[1, 1]], [[1, 0]], [[1, 0]], [[1, 0]], [[1, 1]], [[1, 0]], [[1, 0]], [[1, 1]]]"
2026-02-26,gpt-5-mini-2025-08-07,PDDL_Unit_action,61,True,1286.8348996639252,7,"[1, 1]","[[[1, 0]], [[1, 1]], [[1, 0]], [[1, 0]], [[1, 1]], [[1, 0]], [[1, 0]], [[1, 1]]]"
2026-02-26,gpt-5-mini-2025-08-07,PDDL_Unit_action,62,True,1362.2423593997955,9,"[1, 0]","[[[1, 0]], [[1, 0], [2, 0]], [[1, 0]], [[1, 0]], [[1, 0]], [[1, 0]], [[1, 0]], [[1, 0]], [[1, 0]], [[1, 0]]]"
2026-02-26,gpt-5-mini-2025-08-07,PDDL_Unit_action,63,True,502.7056486606598,3,"[1, 0]","[[[1, 0]], [[1, 1]], [[1, 0]], [[1, 0]]]"
2026-02-26,gpt-5-mini-2025-08-07,PDDL_Unit_action,64,True,2248.445152759552,11,"[1, 0]","[[[1, 0]], [[1, 0]], [[1, 1], [2, 0]], [[1, 0]], [[1, 0]], [[1, 0]], [[1, 0]], [[1, 0]], [[1, 0]], [[1, 0]], [[1, 0]], [[1, 0]]]"
2026-02-26,gpt-5-mini-2025-08-07,PDDL_Unit_action,65,True,482.9128987789154,1,"[3, 0]","[[[1, 0]], [[1, 1], [2, 0], [3, 0]]]"
2026-02-26,gpt-5-mini-2025-08-07,PDDL_Unit_action,66,True,1131.749564409256,6,"[1, 0]","[[[1, 0]], [[1, 1]], [[1, 0]], [[1, 0]], [[1, 0]], [[1, 0], [2, 0]], [[1, 0]]]"
2026-02-26,gpt-5-mini-2025-08-07,PDDL_Unit_action,67,True,1721.4155580997467,10,"[1, 1]","[[[1, 0]], [[1, 0]], [[1, 0], [2, 0]], [[1, 0]], [[1, 0]], [[1, 0]], [[1, 0]], [[1, 0]], [[1, 0]], [[1, 1]], [[1, 1]]]"
2026-02-26,gpt-5-mini-2025-08-07,PDDL_Unit_action,68,True,572.6805458068848,2,"[1, 1]","[[[1, 0]], [[1, 1]], [[1, 1]]]"
2026-02-26,gpt-5-mini-2025-08-07,PDDL_Unit_action,70,True,442.6149322986603,1,"[1, 1]","[[[1, 0]], [[1, 1]]]"
2026-02-26,gpt-5-mini-2025-08-07,PDDL_Unit_action,71,True,1558.124285697937,10,"[1, 0]","[[[1, 0]], [[1, 1]], [[1, 0]], [[1, 1]], [[1, 0]], [[1, 0]], [[1, 0]], [[1, 0]], [[1, 0]], [[1, 0]], [[1, 0]]]"
2026-02-26,gpt-5-mini-2025-08-07,PDDL_Unit_action,72,True,1362.1456818580627,6,"[1, 0]","[[[1, 0]], [[1, 1]], [[1, 0]], [[1, 1], [2, 0]], [[1, 0]], [[1, 0]], [[1, 0]]]"
2026-02-26,gpt-5-mini-2025-08-07,PDDL_Unit_action,73,True,891.4288830757141,5,"[1, 0]","[[[1, 0]], [[1, 1]], [[1, 1]], [[1, 0]], [[1, 1]], [[1, 0]]]"
2026-02-26,gpt-5-mini-2025-08-07,PDDL_Unit_action,74,True,677.0964756011963,3,"[1, 0]","[[[1, 0]], [[1, 0]], [[1, 0], [2, 0]], [[1, 0]]]"
2026-02-26,gpt-5-mini-2025-08-07,PDDL_Unit_action,75,True,1544.7675738334656,9,"[1, 0]","[[[1, 0]], [[1, 0]], [[1, 1], [2, 0]], [[1, 0]], [[1, 0]], [[1, 0]], [[1, 1]], [[1, 0]], [[1, 0]], [[1, 0]]]"
2026-02-26,gpt-5-mini-2025-08-07,PDDL_Unit_action,76,True,2340.8624370098114,10,"[1, 0]","[[[1, 0]], [[1, 0]], [[1, 1], [2, 0]], [[1, 0]], [[1, 0]], [[1, 0]], [[1, 0]], [[1, 1]], [[1, 0], [2, 0]], [[1, 0]], [[1, 0]]]"
2026-02-27,gpt-5-mini-2025-08-07,PDDL_Unit_action,77,True,304.4250247478485,1,"[1, 1]","[[[1, 0]], [[1, 1]]]"
2026-02-27,gpt-5-mini-2025-08-07,PDDL_Unit_action,78,True,1530.7032210826874,9,"[1, 0]","[[[1, 0]], [[1, 1]], [[1, 0]], [[1, 0], [2, 0]], [[1, 1]], [[1, 0]], [[1, 0]], [[1, 0]], [[1, 0]], [[1, 0]]]"
2026-02-27,gpt-5-mini-2025-08-07,PDDL_Unit_action,79,True,1522.8772230148315,9,"[1, 1]","[[[1, 0]], [[1, 0], [2, 0]], [[1, 0]], [[1, 0]], [[1, 0]], [[1, 0]], [[1, 0]], [[1, 0]], [[1, 1]], [[1, 1]]]"
2026-02-27,gpt-5-mini-2025-08-07,PDDL_Unit_action,80,True,813.8709781169891,2,"[1, 0]","[[[1, 1]], [[1, 1], [2, 0]], [[1, 0]]]"
2026-02-27,gpt-5-mini-2025-08-07,PDDL_Unit_action,81,True,1070.0614252090454,7,"[1, 0]","[[[1, 0]], [[1, 1]], [[1, 0]], [[1, 0]], [[1, 0], [2, 0]], [[1, 0]], [[1, 0]], [[1, 0]]]"
2026-02-27,gpt-5-mini-2025-08-07,PDDL_Unit_action,82,True,697.6365911960602,4,"[1, 0]","[[[1, 0]], [[1, 0], [2, 0]], [[1, 0]], [[1, 0]], [[1, 0]]]"
2026-02-27,gpt-5-mini-2025-08-07,PDDL_Unit_action,83,True,82.24463391304016,0,"[1, 0]","[[[1, 0]]]"
2026-02-27,gpt-5-mini-2025-08-07,PDDL_Unit_action,84,True,617.3183379173279,4,"[1, 1]","[[[1, 0]], [[1, 0], [2, 0]], [[1, 0]], [[1, 0]], [[1, 1]]]"
2026-02-27,gpt-5-mini-2025-08-07,PDDL_Unit_action,85,True,1020.5290496349335,5,"[1, 0]","[[[1, 0]], [[1, 0]], [[1, 0]], [[1, 0], [2, 0]], [[1, 1]], [[1, 0]]]"
2026-02-27,gpt-5-mini-2025-08-07,PDDL_Unit_action,86,True,1399.1632995605469,8,"[1, 1]","[[[1, 0]], [[1, 0]], [[1, 1]], [[1, 0]], [[1, 0]], [[1, 0]], [[1, 1]], [[1, 0]], [[1, 1]]]"
2026-02-27,gpt-5-mini-2025-08-07,PDDL_Unit_action,87,True,899.4520585536957,4,"[1, 1]","[[[1, 0]], [[1, 0]], [[1, 1], [2, 0]], [[1, 0]], [[1, 1]]]"
2026-02-27,gpt-5-mini-2025-08-07,PDDL_Unit_action,88,True,1406.0559034347534,9,"[1, 0]","[[[1, 0]], [[1, 1], [2, 0]], [[1, 0]], [[1, 0]], [[1, 0]], [[1, 1]], [[1, 0]], [[1, 0]], [[1, 0]], [[1, 0]]]"
2026-02-27,gpt-5-mini-2025-08-07,PDDL_Unit_action,90,True,857.6103882789612,5,"[1, 0]","[[[1, 0]], [[1, 1]], [[1, 0]], [[1, 1]], [[1, 0]], [[1, 0]]]"
2026-02-27,gpt-5-mini-2025-08-07,PDDL_Unit_action,91,True,770.2279305458069,3,"[2, 0]","[[[1, 0]], [[1, 0]], [[1, 1]], [[1, 0], [2, 0]]]"
2026-02-27,gpt-5-mini-2025-08-07,PDDL_Unit_action,92,True,1444.7218115329742,7,"[1, 0]","[[[1, 0]], [[1, 0]], [[1, 1]], [[1, 0]], [[1, 1]], [[1, 0]], [[1, 0]], [[1, 0]]]"
2026-02-27,gpt-5-mini-2025-08-07,PDDL_Unit_action,93,True,2021.1818962097168,10,"[1, 0]","[[[1, 0]], [[1, 0]], [[1, 1]], [[1, 0]], [[1, 0]], [[1, 0]], [[1, 0], [2, 0]], [[1, 0]], [[1, 0]], [[1, 0]], [[1, 0]]]"
2026-02-27,gpt-5-mini-2025-08-07,PDDL_Unit_action,94,True,1325.7481093406677,8,"[1, 0]","[[[1, 0]], [[1, 1]], [[1, 0]], [[1, 0]], [[1, 0]], [[1, 1]], [[1, 1]], [[1, 0]], [[1, 0]]]"
2026-02-27,gpt-5-mini-2025-08-07,PDDL_Unit_action,96,True,1612.418779850006,12,"[1, 0]","[[[1, 0]], [[1, 1]], [[1, 0]], [[1, 0]], [[1, 0]], [[1, 0]], [[1, 0]], [[1, 0]], [[1, 0]], [[1, 0], [2, 0]], [[1, 1]], [[1, 0]], [[1, 0]]]"
2026-02-27,gpt-5-mini-2025-08-07,PDDL_Unit_action,97,True,901.709043264389,5,"[1, 1]","[[[1, 0]], [[1, 0]], [[1, 1]], [[1, 0]], [[1, 0]], [[1, 1]]]"
2026-02-27,gpt-5-mini-2025-08-07,PDDL_Unit_action,98,True,1367.4288818836212,8,"[1, 0]","[[[1, 0]], [[1, 0]], [[1, 0], [2, 0]], [[1, 0]], [[1, 0]], [[1, 0]], [[1, 0]], [[1, 0]], [[1, 0]]]"
2026-02-27,gpt-5-mini-2025-08-07,PDDL_Unit_action,99,True,2474.450716495514,11,"[1, 0]","[[[1, 0]], [[1, 0]], [[1, 1], [2, 0]], [[1, 0]], [[1, 0]], [[1, 0], [2, 0]], [[1, 0]], [[1, 0]], [[1, 0]], [[1, 1]], [[1, 1]], [[1, 0]]]"
2026-02-27,gpt-5-mini-2025-08-07,PDDL_Unit_action,100,True,749.8285913467407,2,"[1, 0]","[[[1, 0]], [[1, 1], [2, 0]], [[1, 0]]]"
2026-02-27,gpt-5-mini-2025-08-07,PDDL_Unit_action,101,True,470.48415994644165,1,"[2, 0]","[[[1, 0], [2, 0]], [[1, 1], [2, 0]]]"
2026-02-27,gpt-5-mini-2025-08-07,PDDL_Unit_action,102,True,1208.2019112110138,6,"[1, 1]","[[[1, 0]], [[1, 0]], [[1, 1]], [[1, 0], [2, 0]], [[1, 0], [2, 0]], [[1, 0]], [[1, 1]]]"
2026-02-27,gpt-5-mini-2025-08-07,PDDL_Unit_action,103,True,988.2999365329742,4,"[1, 0]","[[[1, 0]], [[1, 1], [2, 0]], [[1, 0], [2, 0], [3, 0]], [[1, 0]], [[1, 0]]]"
2026-02-27,gpt-5-mini-2025-08-07,PDDL_Unit_action,104,True,1900.2895979881287,9,"[1, 0]","[[[1, 0]], [[1, 0]], [[1, 1], [2, 0]], [[1, 0]], [[1, 0]], [[1, 0]], [[1, 0]], [[1, 0]], [[1, 1]], [[1, 0]]]"
2026-02-27,gpt-5-mini-2025-08-07,PDDL_Unit_action,105,True,861.6041135787964,5,"[1, 0]","[[[1, 0]], [[1, 0]], [[1, 1], [2, 0]], [[1, 0]], [[1, 0]], [[1, 0]]]"
2026-02-27,gpt-5-mini-2025-08-07,PDDL_Unit_action,106,True,319.6905701160431,1,"[2, 0]","[[[1, 0]], [[1, 1], [2, 0]]]"
2026-02-27,gpt-5-mini-2025-08-07,PDDL,0,True,1145.2039816379547,8,"[1, 0]","[[[1, 0]], [[1, 0]], [[1, 0]], [[1, 0]], [[1, 0]], [[1, 0]], [[1, 0]], [[1, 0]], [[1, 0]]]"
2026-02-27,gpt-5-mini-2025-08-07,PDDL,1,True,820.7737696170807,7,"[1, 0]","[[[1, 0]], [[1, 0]], [[1, 0]], [[1, 0]], [[1, 0]], [[1, 0]], [[1, 0]], [[1, 0]]]"
2026-02-27,gpt-5-mini-2025-08-07,PDDL,2,True,506.1379210948944,3,"[1, 0]","[[[1, 0]], [[1, 0]], [[1, 0]], [[1, 0]]]"
2026-02-27,gpt-5-mini-2025-08-07,PDDL,4,True,1010.3630442619324,6,"[1, 0]","[[[1, 0]], [[1, 0]], [[1, 0], [2, 0]], [[1, 0]], [[1, 0]], [[1, 0]], [[1, 0]]]"
2026-02-27,gpt-5-mini-2025-08-07,PDDL,5,True,638.7978465557098,4,"[1, 0]","[[[1, 0]], [[1, 0]], [[1, 0]], [[1, 0]], [[1, 0]]]"
2026-02-27,gpt-5-mini-2025-08-07,PDDL,6,True,1431.541864156723,9,"[1, 0]","[[[1, 0]], [[1, 0]], [[1, 0]], [[1, 0]], [[1, 0]], [[1, 0]], [[1, 0]], [[1, 0]], [[1, 0]], [[1, 0]]]"
2026-02-27,gpt-5-mini-2025-08-07,PDDL,7,True,95.81972479820251,0,"[1, 0]","[[[1, 0]]]"
2026-02-27,gpt-5-mini-2025-08-07,PDDL,8,True,1127.623425245285,9,"[1, 0]","[[[1, 0]], [[1, 0]], [[1, 0]], [[1, 0]], [[1, 0]], [[1, 0]], [[1, 0]], [[1, 0]], [[1, 0]], [[1, 0]]]"
2026-02-27,gpt-5-mini-2025-08-07,PDDL,10,True,535.7954006195068,5,"[1, 0]","[[[1, 0]], [[1, 0]], [[1, 0]], [[1, 0]], [[1, 0]], [[1, 0]]]"
2026-02-27,gpt-5-mini-2025-08-07,PDDL,11,True,190.6687331199646,1,"[1, 0]","[[[1, 0]], [[1, 0]]]"
2026-02-27,gpt-5-mini-2025-08-07,PDDL,12,True,901.7095720767975,6,"[1, 0]","[[[1, 0]], [[1, 0]], [[1, 0]], [[1, 0]], [[1, 0]], [[1, 0]], [[1, 0]]]"
2026-02-27,gpt-5-mini-2025-08-07,PDDL,14,False,2128.603572368622,7,"[5, 0]","[[[1, 0]], [[1, 0]], [[1, 0]], [[1, 0]], [[1, 0]], [[1, 1]], [[1, 0]], [[1, 0], [2, 1], [3, 0], [4, 0], [5, 0]]]"
2026-02-27,gpt-5-mini-2025-08-07,PDDL,15,True,865.437242269516,6,"[1, 0]","[[[1, 0]], [[1, 0]], [[1, 0]], [[1, 0]], [[1, 0]], [[1, 0]], [[1, 0]]]"
2026-02-27,gpt-5-mini-2025-08-07,PDDL,16,True,904.3734984397888,3,"[1, 0]","[[[1, 0], [2, 1], [3, 0]], [[1, 0], [2, 0]], [[1, 0]], [[1, 0]]]"
2026-02-27,gpt-5-mini-2025-08-07,PDDL,17,True,454.87862849235535,2,"[3, 0]","[[[1, 0]], [[1, 0]], [[1, 0], [2, 0], [3, 0]]]"
2026-02-27,gpt-5-mini-2025-08-07,PDDL,18,True,1507.8546361923218,9,"[1, 0]","[[[1, 0]], [[1, 0]], [[1, 0]], [[1, 0]], [[1, 0]], [[1, 0]], [[1, 0]], [[1, 0]], [[1, 0]], [[1, 0]]]"
2026-02-27,gpt-5-mini-2025-08-07,PDDL,19,True,963.5682315826416,6,"[1, 0]","[[[1, 0]], [[1, 0]], [[1, 0]], [[1, 0]], [[1, 0]], [[1, 0]], [[1, 0]]]"
2026-02-27,gpt-5-mini-2025-08-07,PDDL,20,True,114.34418177604675,0,"[1, 0]","[[[1, 0]]]"
2026-02-27,gpt-5-mini-2025-08-07,PDDL,21,True,1269.4115619659424,8,"[1, 0]","[[[1, 0]], [[1, 0]], [[1, 0]], [[1, 0]], [[1, 0]], [[1, 0]], [[1, 0]], [[1, 0]], [[1, 0]]]"
2026-02-27,gpt-5-mini-2025-08-07,PDDL,22,True,355.6162464618683,3,"[1, 0]","[[[1, 0]], [[1, 0]], [[1, 0]], [[1, 0]]]"
2026-02-27,gpt-5-mini-2025-08-07,PDDL,23,True,368.1194236278534,2,"[1, 0]","[[[1, 0]], [[1, 0]], [[1, 0]]]"
2026-02-27,gpt-5-mini-2025-08-07,PDDL,24,True,465.45556688308716,3,"[1, 0]","[[[1, 0]], [[1, 0]], [[1, 0]], [[1, 0]]]"
2026-02-27,gpt-5-mini-2025-08-07,PDDL,26,True,173.7091839313507,1,"[1, 0]","[[[1, 0]], [[1, 0]]]"
2026-02-27,gpt-5-mini-2025-08-07,PDDL,27,True,114.54366064071655,0,"[1, 0]","[[[1, 0]]]"
2026-02-27,gpt-5-mini-2025-08-07,PDDL,28,True,442.19191312789917,3,"[1, 0]","[[[1, 0]], [[1, 0]], [[1, 0]], [[1, 0]]]"
2026-02-27,gpt-5-mini-2025-08-07,PDDL,29,True,401.55927419662476,2,"[1, 0]","[[[1, 0]], [[1, 0]], [[1, 0]]]"
2026-02-27,gpt-5-mini-2025-08-07,PDDL,30,True,260.6584403514862,1,"[1, 0]","[[[1, 0]], [[1, 0]]]"
2026-02-27,gpt-5-mini-2025-08-07,PDDL,31,True,120.17248010635376,0,"[1, 0]","[[[1, 0]]]"
2026-02-27,gpt-5-mini-2025-08-07,PDDL,32,True,859.3363716602325,7,"[1, 0]","[[[1, 0]], [[1, 0]], [[1, 0]], [[1, 0]], [[1, 0]], [[1, 0]], [[1, 0]], [[1, 0]]]"
2026-02-27,gpt-5-mini-2025-08-07,PDDL,33,True,1686.5190677642822,9,"[1, 0]","[[[1, 0]], [[1, 0]], [[1, 0]], [[1, 0]], [[1, 1]], [[1, 0]], [[1, 1]], [[1, 0]], [[1, 0]], [[1, 0]]]"
2026-02-27,gpt-5-mini-2025-08-07,PDDL,34,True,892.3903050422668,4,"[1, 0]","[[[1, 0]], [[1, 0]], [[1, 0]], [[1, 0], [2, 0]], [[1, 0]]]"
2026-02-27,gpt-5-mini-2025-08-07,PDDL,35,True,410.4546091556549,2,"[1, 0]","[[[1, 0]], [[1, 0]], [[1, 0]]]"
2026-02-27,gpt-5-mini-2025-08-07,PDDL,36,True,381.35056352615356,1,"[1, 0]","[[[1, 0]], [[1, 0]]]"
2026-02-27,gpt-5-mini-2025-08-07,PDDL,37,True,1568.538355588913,6,"[1, 0]","[[[1, 0]], [[1, 1]], [[1, 0]], [[1, 0]], [[1, 0]], [[1, 0]], [[1, 0]]]"
2026-02-27,gpt-5-mini-2025-08-07,PDDL,38,True,1602.5770065784454,9,"[1, 0]","[[[1, 0]], [[1, 0]], [[1, 0]], [[1, 0]], [[1, 0]], [[1, 0]], [[1, 0]], [[1, 0]], [[1, 0]], [[1, 0]]]"
2026-02-27,gpt-5-mini-2025-08-07,PDDL,39,True,2842.9677243232727,9,"[1, 0]","[[[1, 0]], [[1, 0]], [[1, 0]], [[1, 0]], [[1, 1], [2, 0], [3, 0]], [[1, 1]], [[1, 0]], [[1, 0], [2, 1]], [[1, 0]], [[1, 0]]]"
2026-02-27,gpt-5-mini-2025-08-07,PDDL,40,True,1644.9425547122955,9,"[1, 0]","[[[1, 0]], [[1, 0]], [[1, 0]], [[1, 0], [2, 0], [3, 0]], [[1, 0]], [[1, 0]], [[1, 0]], [[1, 0]], [[1, 0]], [[1, 0]]]"
2026-02-27,gpt-5-mini-2025-08-07,PDDL,41,True,1727.3534009456635,9,"[1, 1]","[[[1, 0]], [[1, 0]], [[1, 0]], [[1, 0]], [[1, 0]], [[1, 0]], [[1, 0]], [[1, 0]], [[1, 0]], [[1, 1]]]"
2026-02-27,gpt-5-mini-2025-08-07,PDDL,42,True,556.2624228000641,3,"[1, 0]","[[[1, 0]], [[1, 0]], [[1, 0]], [[1, 0]]]"
2026-02-27,gpt-5-mini-2025-08-07,PDDL,43,True,127.31231927871704,0,"[1, 0]","[[[1, 0]]]"
2026-02-27,gpt-5-mini-2025-08-07,PDDL,44,True,923.7555522918701,6,"[1, 0]","[[[1, 0]], [[1, 0]], [[1, 0]], [[1, 1]], [[1, 0]], [[1, 0]], [[1, 0]]]"
2026-02-27,gpt-5-mini-2025-08-07,PDDL,45,True,521.6336979866028,4,"[1, 0]","[[[1, 0]], [[1, 0]], [[1, 0]], [[1, 0]], [[1, 0]]]"
2026-02-27,gpt-5-mini-2025-08-07,PDDL,46,True,154.96218276023865,0,"[1, 0]","[[[1, 0]]]"
2026-02-27,gpt-5-mini-2025-08-07,PDDL,47,True,1301.4193542003632,7,"[1, 0]","[[[1, 0]], [[1, 0]], [[1, 0]], [[1, 0]], [[1, 0]], [[1, 0]], [[1, 0]], [[1, 0]]]"
2026-02-27,gpt-5-mini-2025-08-07,PDDL,48,True,219.43027758598328,1,"[1, 0]","[[[1, 0]], [[1, 0]]]"
2026-02-27,gpt-5-mini-2025-08-07,PDDL,49,True,430.2858295440674,2,"[1, 0]","[[[1, 0]], [[1, 0]], [[1, 0]]]"
2026-02-27,gpt-5-mini-2025-08-07,PDDL,50,True,1013.0851724147797,6,"[1, 0]","[[[1, 0]], [[1, 0]], [[1, 0]], [[1, 0]], [[1, 0]], [[1, 0]], [[1, 0]]]"
2026-02-27,gpt-5-mini-2025-08-07,PDDL,51,True,178.91293263435364,0,"[1, 0]","[[[1, 0]]]"
2026-02-27,gpt-5-mini-2025-08-07,PDDL,52,True,1035.235562324524,5,"[1, 1]","[[[1, 0]], [[1, 0]], [[1, 0]], [[1, 0]], [[1, 0]], [[1, 1]]]"
2026-02-27,gpt-5-mini-2025-08-07,PDDL,53,True,1281.7218613624573,6,"[1, 0]","[[[1, 0]], [[1, 0]], [[1, 0], [2, 0]], [[1, 0]], [[1, 0]], [[1, 0]], [[1, 0]]]"
2026-02-27,gpt-5-mini-2025-08-07,PDDL,54,True,397.7226824760437,2,"[1, 1]","[[[1, 0]], [[1, 0]], [[1, 1]]]"
2026-02-27,gpt-5-mini-2025-08-07,PDDL,55,True,792.5659461021423,5,"[1, 0]","[[[1, 0]], [[1, 0]], [[1, 0]], [[1, 0]], [[1, 0]], [[1, 0]]]"
2026-02-27,gpt-5-mini-2025-08-07,PDDL,56,True,98.51430606842041,0,"[1, 0]","[[[1, 0]]]"
2026-02-27,gpt-5-mini-2025-08-07,PDDL,57,True,433.1180260181427,3,"[1, 0]","[[[1, 0]], [[1, 0]], [[1, 0]], [[1, 0]]]"
2026-02-27,gpt-5-mini-2025-08-07,PDDL,58,True,102.4515974521637,0,"[1, 0]","[[[1, 0]]]"
2026-02-27,gpt-5-mini-2025-08-07,PDDL,59,True,1290.450423002243,9,"[1, 0]","[[[1, 0]], [[1, 0]], [[1, 0]], [[1, 0]], [[1, 0]], [[1, 0]], [[1, 0]], [[1, 0]], [[1, 1]], [[1, 0]]]"
2026-02-27,gpt-5-mini-2025-08-07,PDDL,60,True,689.9907581806183,4,"[1, 0]","[[[1, 0]], [[1, 0]], [[1, 0], [2, 0]], [[1, 0]], [[1, 0]]]"
2026-02-27,gpt-5-mini-2025-08-07,PDDL,61,True,985.6113946437836,7,"[1, 0]","[[[1, 0]], [[1, 0]], [[1, 0]], [[1, 0]], [[1, 0]], [[1, 0]], [[1, 0]], [[1, 0]]]"
2026-02-27,gpt-5-mini-2025-08-07,PDDL,62,True,1254.6144828796387,9,"[1, 0]","[[[1, 0]], [[1, 0]], [[1, 0]], [[1, 0]], [[1, 0]], [[1, 0]], [[1, 0]], [[1, 0]], [[1, 0]], [[1, 0]]]"
2026-02-27,gpt-5-mini-2025-08-07,PDDL,63,True,716.2215249538422,5,"[1, 0]","[[[1, 0]], [[1, 0]], [[1, 0]], [[1, 0]], [[1, 0]], [[1, 0]]]"
2026-02-27,gpt-5-mini-2025-08-07,PDDL,64,True,1902.481553554535,8,"[1, 0]","[[[1, 0]], [[1, 0]], [[1, 0]], [[1, 0]], [[1, 0]], [[1, 0]], [[1, 0]], [[1, 1], [2, 0]], [[1, 0]]]"
2026-02-27,gpt-5-mini-2025-08-07,PDDL,65,True,101.62332272529602,0,"[1, 0]","[[[1, 0]]]"
2026-02-27,gpt-5-mini-2025-08-07,PDDL,66,True,264.9235806465149,2,"[1, 0]","[[[1, 0]], [[1, 0]], [[1, 0]]]"
2026-02-27,gpt-5-mini-2025-08-07,PDDL,67,True,451.19221544265747,4,"[1, 0]","[[[1, 0]], [[1, 0]], [[1, 0]], [[1, 0]], [[1, 0]]]"
2026-02-27,gpt-5-mini-2025-08-07,PDDL,68,True,1067.391541481018,8,"[1, 0]","[[[1, 0]], [[1, 0]], [[1, 0]], [[1, 0]], [[1, 0]], [[1, 0]], [[1, 0]], [[1, 0]], [[1, 0]]]"
2026-02-27,gpt-5-mini-2025-08-07,PDDL,70,True,294.103182554245,2,"[1, 0]","[[[1, 0]], [[1, 0]], [[1, 0]]]"
2026-02-27,gpt-5-mini-2025-08-07,PDDL,71,True,1062.8851993083954,9,"[1, 0]","[[[1, 0]], [[1, 0]], [[1, 0]], [[1, 0]], [[1, 0]], [[1, 0]], [[1, 0]], [[1, 0]], [[1, 0]], [[1, 0]]]"
2026-02-27,gpt-5-mini-2025-08-07,PDDL,72,True,1589.3587548732758,8,"[4, 0]","[[[1, 0]], [[1, 0]], [[1, 0]], [[1, 0]], [[1, 0]], [[1, 0]], [[1, 0]], [[1, 0]], [[1, 0], [2, 0], [3, 0], [4, 0]]]"
2026-02-27,gpt-5-mini-2025-08-07,PDDL,73,True,1085.3159079551697,9,"[1, 0]","[[[1, 0]], [[1, 0]], [[1, 0]], [[1, 0]], [[1, 0]], [[1, 0]], [[1, 0]], [[1, 0]], [[1, 0]], [[1, 0]]]"
2026-02-28,gpt-5-mini-2025-08-07,PDDL,74,True,679.3514397144318,5,"[1, 0]","[[[1, 0]], [[1, 0]], [[1, 0]], [[1, 0]], [[1, 0]], [[1, 0]]]"
2026-02-28,gpt-5-mini-2025-08-07,PDDL,75,True,1001.8235654830933,9,"[1, 0]","[[[1, 0]], [[1, 0]], [[1, 0]], [[1, 0]], [[1, 0]], [[1, 0]], [[1, 0]], [[1, 0]], [[1, 0]], [[1, 0]]]"
2026-02-28,gpt-5-mini-2025-08-07,PDDL,76,True,467.67655897140503,3,"[1, 0]","[[[1, 0]], [[1, 0]], [[1, 0]], [[1, 0]]]"
2026-02-28,gpt-5-mini-2025-08-07,PDDL,77,True,134.19325470924377,0,"[1, 0]","[[[1, 0]]]"
2026-02-28,gpt-5-mini-2025-08-07,PDDL,78,True,1028.397396326065,7,"[1, 0]","[[[1, 0]], [[1, 0]], [[1, 0]], [[1, 0]], [[1, 0]], [[1, 0]], [[1, 0]], [[1, 0]]]"
2026-02-28,gpt-5-mini-2025-08-07,PDDL,79,True,862.7643415927887,7,"[1, 0]","[[[1, 0]], [[1, 0]], [[1, 0]], [[1, 0]], [[1, 0]], [[1, 0]], [[1, 0]], [[1, 0]]]"
2026-02-28,gpt-5-mini-2025-08-07,PDDL,80,True,652.703061580658,6,"[1, 0]","[[[1, 0]], [[1, 0]], [[1, 0]], [[1, 0]], [[1, 0]], [[1, 0]], [[1, 0]]]"
2026-02-28,gpt-5-mini-2025-08-07,PDDL,81,True,583.9504470825195,7,"[1, 0]","[[[1, 0]], [[1, 0]], [[1, 0]], [[1, 0]], [[1, 0]], [[1, 0]], [[1, 0]], [[1, 0]]]"
2026-02-28,gpt-5-mini-2025-08-07,PDDL,82,True,478.67415833473206,4,"[1, 0]","[[[1, 0]], [[1, 0]], [[1, 0]], [[1, 0]], [[1, 0]]]"
2026-02-28,gpt-5-mini-2025-08-07,PDDL,83,True,433.65520548820496,0,"[4, 0]","[[[1, 0], [2, 0], [3, 0], [4, 0]]]"
2026-02-28,gpt-5-mini-2025-08-07,PDDL,84,True,132.83493041992188,0,"[1, 0]","[[[1, 0]]]"
2026-02-28,gpt-5-mini-2025-08-07,PDDL,85,True,603.449376821518,4,"[1, 0]","[[[1, 0]], [[1, 0]], [[1, 0]], [[1, 0]], [[1, 0]]]"
2026-02-28,gpt-5-mini-2025-08-07,PDDL,86,True,415.1567118167877,3,"[1, 0]","[[[1, 0]], [[1, 0]], [[1, 0]], [[1, 0]]]"
2026-02-28,gpt-5-mini-2025-08-07,PDDL,87,True,774.5467822551727,5,"[1, 0]","[[[1, 0]], [[1, 1]], [[1, 0]], [[1, 0]], [[1, 0]], [[1, 0]]]"
2026-02-28,gpt-5-mini-2025-08-07,PDDL,88,True,364.89984679222107,3,"[1, 0]","[[[1, 0]], [[1, 0]], [[1, 0]], [[1, 0]]]"
2026-02-28,gpt-5-mini-2025-08-07,PDDL,90,True,145.24913096427917,1,"[1, 0]","[[[1, 0]], [[1, 0]]]"
2026-02-28,gpt-5-mini-2025-08-07,PDDL,91,True,408.0034017562866,3,"[1, 0]","[[[1, 0]], [[1, 0]], [[1, 0]], [[1, 0]]]"
2026-02-28,gpt-5-mini-2025-08-07,PDDL,92,True,1049.9459700584412,7,"[1, 0]","[[[1, 0]], [[1, 0]], [[1, 0]], [[1, 0]], [[1, 0]], [[1, 0]], [[1, 0]], [[1, 0]]]"
2026-02-28,gpt-5-mini-2025-08-07,PDDL,93,True,1393.411237001419,10,"[1, 0]","[[[1, 0]], [[1, 0]], [[1, 0]], [[1, 0]], [[1, 0]], [[1, 0]], [[1, 0]], [[1, 0]], [[1, 0]], [[1, 0]], [[1, 0]]]"
2026-02-28,gpt-5-mini-2025-08-07,PDDL,94,True,980.6621828079224,9,"[1, 0]","[[[1, 0]], [[1, 0]], [[1, 0]], [[1, 0]], [[1, 0]], [[1, 0]], [[1, 0]], [[1, 0]], [[1, 0]], [[1, 0]]]"
2026-02-28,gpt-5-mini-2025-08-07,PDDL,96,True,905.6784405708313,7,"[1, 0]","[[[1, 0]], [[1, 0]], [[1, 0]], [[1, 0]], [[1, 0]], [[1, 0]], [[1, 0]], [[1, 0]]]"
2026-02-28,gpt-5-mini-2025-08-07,PDDL,97,True,426.43760228157043,4,"[1, 0]","[[[1, 0]], [[1, 0]], [[1, 0]], [[1, 0]], [[1, 0]]]"
2026-02-28,gpt-5-mini-2025-08-07,PDDL,98,True,650.8868069648743,6,"[1, 0]","[[[1, 0]], [[1, 0]], [[1, 0]], [[1, 0]], [[1, 0]], [[1, 0]], [[1, 0]]]"
2026-02-28,gpt-5-mini-2025-08-07,PDDL,99,True,1401.2915949821472,8,"[1, 0]","[[[1, 0]], [[1, 0]], [[1, 0]], [[1, 0]], [[1, 0]], [[1, 0]], [[1, 0], [2, 0]], [[1, 0]], [[1, 0]]]"
2026-02-28,gpt-5-mini-2025-08-07,PDDL,100,True,101.6763243675232,0,"[1, 0]","[[[1, 0]]]"
2026-02-28,gpt-5-mini-2025-08-07,PDDL,101,True,418.96013736724854,3,"[1, 0]","[[[1, 0]], [[1, 0]], [[1, 0]], [[1, 0]]]"
2026-02-28,gpt-5-mini-2025-08-07,PDDL,102,True,354.419237613678,2,"[1, 0]","[[[1, 0]], [[1, 0]], [[1, 0]]]"
2026-02-28,gpt-5-mini-2025-08-07,PDDL,103,True,1020.0232179164886,6,"[1, 0]","[[[1, 0]], [[1, 1]], [[1, 0]], [[1, 0]], [[1, 0]], [[1, 0]], [[1, 0]]]"
2026-02-28,gpt-5-mini-2025-08-07,PDDL,104,True,864.8558144569397,5,"[1, 0]","[[[1, 0]], [[1, 0]], [[1, 0]], [[1, 0]], [[1, 0]], [[1, 0]]]"
2026-02-28,gpt-5-mini-2025-08-07,PDDL,105,True,671.0307161808014,7,"[1, 0]","[[[1, 0]], [[1, 0]], [[1, 0]], [[1, 0]], [[1, 0]], [[1, 0]], [[1, 0]], [[1, 0]]]"
2026-02-28,gpt-5-mini-2025-08-07,PDDL,106,True,935.7870364189148,7,"[1, 0]","[[[1, 0]], [[1, 0]], [[1, 0]], [[1, 0]], [[1, 0], [2, 0]], [[1, 0]], [[1, 0], [2, 0]], [[1, 0]]]"
2026-02-28,gpt-5-mini-2025-08-07,baseline,0,True,36.76166296005249,7,1,"[[1], [1], [1], [1], [1], [1], [1], [1]]"
2026-02-28,gpt-5-mini-2025-08-07,baseline,1,True,31.836575746536255,7,1,"[[1], [1], [1], [1], [1], [1], [1], [1]]"
2026-02-28,gpt-5-mini-2025-08-07,baseline,2,True,12.413922548294067,2,1,"[[1], [1], [1]]"
2026-02-28,gpt-5-mini-2025-08-07,baseline,4,True,22.474896907806396,4,1,"[[1], [1], [1], [1], [1]]"
2026-02-28,gpt-5-mini-2025-08-07,baseline,5,True,11.846534490585327,2,1,"[[1], [1], [1]]"
2026-02-28,gpt-5-mini-2025-08-07,baseline,6,False,130.3683180809021,19,1,"[[1], [1], [1], [1], [1], [1], [1], [1], [1], [1], [1], [1], [1], [1], [1], [1], [1], [1], [1], [1]]"
2026-02-28,gpt-5-mini-2025-08-07,baseline,7,True,4.640036344528198,0,1,[[1]]
2026-02-28,gpt-5-mini-2025-08-07,baseline,8,False,127.75486135482788,19,1,"[[1], [1], [1], [1], [1], [1], [1], [1, 2], [1, 2], [1], [1], [1], [1], [1], [1], [1], [1], [1], [1], [1]]"
2026-02-28,gpt-5-mini-2025-08-07,baseline,10,False,148.22583079338074,19,2,"[[1], [1], [1], [1], [1], [1], [1], [1], [1], [1], [1], [1], [1], [1], [1], [1], [1], [1], [1], [1, 2]]"
2026-02-28,gpt-5-mini-2025-08-07,baseline,11,True,10.058715343475342,1,1,"[[1], [1]]"
2026-02-28,gpt-5-mini-2025-08-07,baseline,12,False,137.23218870162964,19,1,"[[1], [1], [1], [1], [1], [1], [1], [1], [1, 2], [1, 2], [1], [1], [1], [1], [1], [1], [1], [1, 2], [1, 2], [1]]"
2026-02-28,gpt-5-mini-2025-08-07,baseline,14,True,100.63071036338806,13,1,"[[1], [1], [1], [1], [1], [1], [1], [1], [1], [1], [1, 2], [1], [1, 2], [1]]"
2026-02-28,gpt-5-mini-2025-08-07,baseline,15,False,153.8345968723297,19,1,"[[1], [1], [1], [1], [1], [1], [1], [1], [1], [1], [1], [1, 2], [1], [1, 2], [1, 2], [1, 2], [1], [1], [1], [1]]"
2026-02-28,gpt-5-mini-2025-08-07,baseline,16,True,64.96586275100708,13,1,"[[1], [1], [1], [1], [1], [1], [1], [1], [1], [1], [1], [1], [1], [1]]"
2026-02-28,gpt-5-mini-2025-08-07,baseline,17,True,139.90141034126282,18,1,"[[1], [1], [1], [1], [1], [1], [1], [1], [1], [1], [1], [1, 2], [1], [1], [1, 2, 3], [1], [1], [1], [1]]"
2026-02-28,gpt-5-mini-2025-08-07,baseline,18,True,53.03624129295349,7,1,"[[1, 2], [1], [1], [1], [1], [1], [1], [1]]"
2026-02-28,gpt-5-mini-2025-08-07,baseline,19,True,32.311798334121704,7,1,"[[1], [1], [1], [1], [1], [1], [1], [1]]"
2026-02-28,gpt-5-mini-2025-08-07,baseline,20,True,155.18463134765625,19,1,"[[1], [1], [1], [1], [1], [1], [1, 2], [1], [1], [1], [1], [1], [1], [1], [1, 2], [1], [1], [1], [1], [1]]"
2026-02-28,gpt-5-mini-2025-08-07,baseline,21,True,124.34403920173645,15,1,"[[1], [1], [1], [1], [1], [1], [1], [1], [1], [1, 2], [1, 2], [1, 2], [1], [1, 2], [1], [1]]"
2026-02-28,gpt-5-mini-2025-08-07,baseline,22,True,22.441192388534546,5,1,"[[1], [1], [1], [1], [1], [1]]"
2026-02-28,gpt-5-mini-2025-08-07,baseline,23,True,91.91694712638855,18,1,"[[1], [1], [1], [1], [1], [1], [1], [1], [1], [1], [1], [1], [1], [1], [1], [1], [1], [1], [1]]"
2026-02-28,gpt-5-mini-2025-08-07,baseline,24,False,143.4433536529541,19,1,"[[1], [1], [1], [1], [1], [1], [1], [1], [1], [1], [1], [1], [1], [1, 2], [1], [1], [1], [1], [1], [1]]"
2026-02-28,gpt-5-mini-2025-08-07,baseline,26,True,11.287748336791992,2,1,"[[1], [1], [1]]"
2026-02-28,gpt-5-mini-2025-08-07,baseline,27,True,2.690398693084717,0,1,[[1]]
2026-02-28,gpt-5-mini-2025-08-07,baseline,28,True,14.286742448806763,2,1,"[[1], [1], [1]]"
2026-02-28,gpt-5-mini-2025-08-07,baseline,29,True,110.21798539161682,12,1,"[[1], [1], [1], [1], [1], [1], [1], [1], [1], [1], [1, 2, 3, 4], [1], [1]]"
2026-02-28,gpt-5-mini-2025-08-07,baseline,30,False,185.59761691093445,19,1,"[[1], [1], [1], [1], [1], [1], [1], [1], [1, 2], [1], [1], [1], [1, 2, 3, 4, 5], [1, 2], [1], [1], [1], [1], [1], [1]]"
2026-02-28,gpt-5-mini-2025-08-07,baseline,31,True,3.563873529434204,0,1,[[1]]
2026-02-28,gpt-5-mini-2025-08-07,baseline,32,False,148.14355611801147,19,1,"[[1], [1], [1], [1, 2], [1], [1], [1], [1], [1], [1], [1], [1], [1], [1], [1], [1], [1, 2], [1, 2], [1], [1]]"
2026-02-28,gpt-5-mini-2025-08-07,baseline,33,True,34.98257088661194,6,1,"[[1], [1], [1], [1], [1], [1], [1]]"
2026-02-28,gpt-5-mini-2025-08-07,baseline,34,True,39.92196202278137,7,1,"[[1], [1], [1], [1], [1], [1], [1], [1]]"
2026-02-28,gpt-5-mini-2025-08-07,baseline,35,True,53.82675528526306,11,1,"[[1], [1], [1], [1], [1], [1], [1], [1], [1], [1], [1], [1]]"
2026-02-28,gpt-5-mini-2025-08-07,baseline,36,True,15.428847551345825,3,1,"[[1], [1], [1], [1]]"
2026-02-28,gpt-5-mini-2025-08-07,baseline,37,True,87.78278827667236,10,1,"[[1], [1], [1], [1], [1], [1], [1], [1], [1], [1], [1]]"
2026-02-28,gpt-5-mini-2025-08-07,baseline,38,True,104.85821771621704,13,1,"[[1], [1], [1], [1], [1], [1], [1], [1], [1], [1, 2], [1, 2], [1], [1], [1]]"
2026-02-28,gpt-5-mini-2025-08-07,baseline,39,True,40.243446826934814,9,1,"[[1], [1], [1], [1], [1], [1], [1], [1], [1], [1]]"
2026-02-28,gpt-5-mini-2025-08-07,baseline,40,False,195.5029332637787,19,2,"[[1], [1], [1], [1], [1], [1], [1], [1], [1], [1], [1], [1], [1, 2], [1, 2], [1], [1, 2], [1], [1, 2], [1], [1, 2]]"
2026-02-28,gpt-5-mini-2025-08-07,baseline,41,True,134.01764750480652,17,1,"[[1], [1], [1], [1], [1], [1], [1], [1], [1], [1], [1, 2], [1], [1], [1], [1], [1], [1], [1]]"
2026-02-28,gpt-5-mini-2025-08-07,baseline,42,True,50.98372173309326,8,1,"[[1], [1], [1], [1], [1], [1], [1], [1], [1]]"
2026-02-28,gpt-5-mini-2025-08-07,baseline,43,True,3.1276297569274902,0,1,[[1]]
2026-02-28,gpt-5-mini-2025-08-07,baseline,44,True,62.12710499763489,9,1,"[[1], [1], [1], [1], [1], [1], [1], [1], [1], [1]]"
2026-02-28,gpt-5-mini-2025-08-07,baseline,45,True,100.15241050720215,14,1,"[[1], [1], [1], [1], [1], [1], [1], [1, 2], [1], [1], [1], [1, 2], [1], [1], [1]]"
2026-02-28,gpt-5-mini-2025-08-07,baseline,46,True,109.5576901435852,15,1,"[[1], [1], [1], [1], [1], [1], [1], [1], [1], [1], [1], [1], [1], [1, 2], [1], [1]]"
2026-02-28,gpt-5-mini-2025-08-07,baseline,47,True,121.57860660552979,17,1,"[[1], [1], [1], [1], [1], [1, 2], [1], [1], [1], [1], [1], [1], [1], [1], [1], [1], [1], [1]]"
2026-02-28,gpt-5-mini-2025-08-07,baseline,48,True,9.602688074111938,1,1,"[[1], [1]]"
2026-02-28,gpt-5-mini-2025-08-07,baseline,49,True,33.23452353477478,4,1,"[[1], [1], [1], [1], [1]]"
2026-02-28,gpt-5-mini-2025-08-07,baseline,50,False,174.05240392684937,19,1,"[[1], [1], [1], [1], [1], [1], [1], [1, 2], [1], [1], [1], [1], [1], [1], [1], [1], [1, 2], [1], [1, 2], [1]]"
2026-02-28,gpt-5-mini-2025-08-07,baseline,51,True,4.932988166809082,0,1,[[1]]
2026-02-28,gpt-5-mini-2025-08-07,baseline,52,True,147.26894426345825,16,1,"[[1], [1], [1], [1], [1], [1, 2], [1, 2], [1], [1], [1], [1], [1], [1], [1], [1], [1], [1]]"
2026-02-28,gpt-5-mini-2025-08-07,baseline,53,False,160.4460952281952,19,2,"[[1], [1], [1], [1], [1], [1], [1], [1], [1], [1], [1], [1], [1], [1], [1], [1], [1], [1], [1], [1, 2]]"
2026-02-28,gpt-5-mini-2025-08-07,baseline,54,True,15.51962924003601,2,1,"[[1], [1], [1]]"
2026-02-28,gpt-5-mini-2025-08-07,baseline,55,True,32.90385961532593,5,1,"[[1], [1], [1], [1], [1], [1]]"
2026-02-28,gpt-5-mini-2025-08-07,baseline,56,True,3.215331554412842,0,1,[[1]]
2026-02-28,gpt-5-mini-2025-08-07,baseline,57,True,178.9084014892578,19,1,"[[1], [1], [1], [1], [1], [1, 2], [1], [1], [1], [1], [1], [1], [1], [1], [1], [1, 2], [1], [1], [1], [1]]"
2026-02-28,gpt-5-mini-2025-08-07,baseline,58,True,147.9726915359497,16,1,"[[1], [1], [1], [1], [1], [1], [1], [1], [1], [1], [1], [1], [1], [1], [1], [1], [1]]"
2026-02-28,gpt-5-mini-2025-08-07,baseline,59,False,182.0412199497223,19,1,"[[1], [1], [1, 2], [1], [1], [1], [1], [1], [1], [1], [1], [1], [1, 2], [1, 2], [1], [1], [1], [1], [1, 2], [1]]"
2026-02-28,gpt-5-mini-2025-08-07,baseline,60,False,172.1556146144867,19,2,"[[1], [1], [1, 2], [1], [1], [1], [1], [1], [1], [1], [1, 2], [1], [1], [1], [1], [1], [1], [1, 2], [1, 2], [1, 2]]"
2026-02-28,gpt-5-mini-2025-08-07,baseline,61,True,37.65208292007446,6,1,"[[1], [1], [1], [1], [1], [1], [1]]"
2026-02-28,gpt-5-mini-2025-08-07,baseline,62,True,129.45309019088745,16,1,"[[1], [1], [1, 2, 3, 4], [1], [1], [1], [1], [1], [1], [1], [1], [1], [1], [1], [1], [1], [1]]"
2026-02-28,gpt-5-mini-2025-08-07,baseline,63,True,26.75704526901245,4,1,"[[1], [1], [1], [1], [1]]"
2026-02-28,gpt-5-mini-2025-08-07,baseline,64,True,184.354416847229,15,1,"[[1], [1], [1], [1], [1], [1], [1], [1], [1, 2, 3], [1], [1, 2, 3, 4], [1], [1], [1], [1], [1]]"
2026-02-28,gpt-5-mini-2025-08-07,baseline,65,True,4.964000701904297,1,1,"[[1], [1]]"
2026-02-28,gpt-5-mini-2025-08-07,baseline,66,True,191.78040981292725,16,1,"[[1], [1], [1], [1], [1], [1, 2], [1], [1], [1], [1, 2], [1, 2], [1, 2], [1, 2], [1, 2], [1], [1], [1]]"
2026-02-28,gpt-5-mini-2025-08-07,baseline,67,True,94.56295156478882,13,1,"[[1], [1], [1], [1], [1], [1], [1], [1], [1], [1], [1], [1], [1], [1]]"
2026-02-28,gpt-5-mini-2025-08-07,baseline,68,True,12.334980249404907,2,1,"[[1], [1], [1]]"
2026-02-28,gpt-5-mini-2025-08-07,baseline,70,False,162.35390400886536,19,1,"[[1], [1], [1], [1], [1], [1], [1], [1, 2], [1], [1], [1], [1], [1], [1], [1], [1], [1], [1], [1], [1]]"
2026-02-28,gpt-5-mini-2025-08-07,baseline,71,True,58.99141979217529,9,1,"[[1], [1], [1], [1], [1], [1], [1], [1], [1], [1]]"
2026-02-28,gpt-5-mini-2025-08-07,baseline,72,False,165.94831347465515,19,1,"[[1], [1], [1], [1], [1], [1], [1], [1], [1], [1], [1, 2], [1], [1], [1], [1, 2], [1, 2], [1, 2], [1, 2], [1, 2], [1]]"
2026-02-28,gpt-5-mini-2025-08-07,baseline,73,True,21.045741319656372,4,1,"[[1], [1], [1], [1], [1]]"
2026-02-28,gpt-5-mini-2025-08-07,baseline,74,False,146.9308488368988,19,1,"[[1], [1], [1], [1], [1], [1], [1], [1], [1], [1], [1], [1], [1, 2], [1], [1], [1], [1], [1], [1], [1]]"
2026-02-28,gpt-5-mini-2025-08-07,baseline,75,True,64.69369173049927,9,1,"[[1], [1], [1], [1], [1], [1, 2], [1], [1], [1], [1]]"
2026-02-28,gpt-5-mini-2025-08-07,baseline,76,True,87.42912769317627,10,1,"[[1], [1], [1], [1], [1], [1], [1], [1, 2], [1], [1], [1]]"
2026-02-28,gpt-5-mini-2025-08-07,baseline,77,True,158.22496438026428,18,1,"[[1], [1], [1], [1], [1], [1], [1], [1], [1], [1], [1], [1, 2], [1, 2], [1], [1], [1], [1, 2], [1], [1]]"
2026-02-28,gpt-5-mini-2025-08-07,baseline,78,False,234.86093735694885,19,1,"[[1], [1], [1], [1], [1, 2], [1], [1], [1], [1, 2, 3], [1, 2], [1], [1], [1, 2], [1], [1], [1], [1], [1], [1], [1]]"
2026-02-28,gpt-5-mini-2025-08-07,baseline,79,True,33.72467303276062,6,1,"[[1], [1], [1], [1], [1], [1], [1]]"
2026-02-28,gpt-5-mini-2025-08-07,baseline,80,True,58.86033368110657,8,1,"[[1], [1], [1], [1], [1], [1], [1], [1], [1]]"
2026-02-28,gpt-5-mini-2025-08-07,baseline,81,True,54.18923497200012,9,1,"[[1], [1], [1], [1], [1], [1], [1], [1], [1], [1]]"
2026-02-28,gpt-5-mini-2025-08-07,baseline,82,True,54.55794382095337,9,1,"[[1], [1], [1], [1], [1], [1], [1], [1], [1], [1]]"
2026-02-28,gpt-5-mini-2025-08-07,baseline,83,True,3.8149304389953613,0,1,[[1]]
2026-02-28,gpt-5-mini-2025-08-07,baseline,84,True,4.278653383255005,0,1,[[1]]
2026-02-28,gpt-5-mini-2025-08-07,baseline,85,False,155.01943588256836,19,1,"[[1], [1], [1], [1], [1], [1], [1], [1], [1], [1], [1], [1, 2], [1], [1], [1], [1], [1], [1], [1], [1]]"
2026-02-28,gpt-5-mini-2025-08-07,baseline,86,True,89.4609808921814,11,1,"[[1], [1], [1], [1], [1], [1], [1], [1, 2], [1], [1], [1], [1]]"
2026-02-28,gpt-5-mini-2025-08-07,baseline,87,True,37.249863624572754,9,1,"[[1], [1], [1], [1], [1], [1], [1], [1], [1], [1]]"
2026-02-28,gpt-5-mini-2025-08-07,baseline,88,True,89.65080523490906,9,1,"[[1], [1], [1, 2, 3], [1], [1], [1], [1], [1, 2], [1], [1]]"
2026-02-28,gpt-5-mini-2025-08-07,baseline,90,True,120.20161175727844,15,1,"[[1], [1], [1], [1], [1], [1, 2], [1], [1], [1], [1], [1, 2], [1, 2], [1], [1], [1], [1]]"
2026-02-28,gpt-5-mini-2025-08-07,baseline,91,True,87.04050397872925,15,1,"[[1], [1], [1], [1], [1], [1], [1], [1], [1], [1], [1], [1], [1], [1], [1], [1]]"
2026-02-28,gpt-5-mini-2025-08-07,baseline,92,True,107.91947269439697,15,1,"[[1], [1], [1], [1], [1], [1], [1], [1], [1], [1, 2], [1], [1], [1], [1], [1], [1]]"
2026-02-28,gpt-5-mini-2025-08-07,baseline,93,True,33.15494966506958,6,1,"[[1], [1], [1], [1], [1], [1], [1]]"
2026-02-28,gpt-5-mini-2025-08-07,baseline,94,False,167.19974374771118,19,1,"[[1], [1], [1], [1], [1, 2], [1], [1], [1], [1], [1, 2], [1, 2, 3], [1], [1], [1], [1], [1], [1], [1], [1], [1]]"
2026-02-28,gpt-5-mini-2025-08-07,baseline,96,False,157.35548567771912,19,1,"[[1], [1], [1], [1], [1], [1], [1], [1, 2], [1], [1], [1], [1], [1], [1], [1], [1], [1], [1], [1], [1]]"
2026-02-28,gpt-5-mini-2025-08-07,baseline,97,True,37.49365592002869,6,1,"[[1], [1], [1], [1], [1], [1], [1]]"
2026-02-28,gpt-5-mini-2025-08-07,baseline,98,True,233.56506443023682,19,1,"[[1], [1], [1], [1], [1], [1], [1], [1], [1], [1, 2, 3], [1, 2], [1, 2], [1, 2], [1], [1], [1], [1], [1], [1], [1]]"
2026-02-28,gpt-5-mini-2025-08-07,baseline,99,True,26.308927536010742,5,1,"[[1], [1], [1], [1], [1], [1]]"
2026-02-28,gpt-5-mini-2025-08-07,baseline,100,True,7.890801668167114,1,1,"[[1], [1]]"
2026-02-28,gpt-5-mini-2025-08-07,baseline,101,True,32.18647003173828,6,1,"[[1], [1], [1], [1], [1], [1], [1]]"
2026-02-28,gpt-5-mini-2025-08-07,baseline,102,True,57.994354486465454,9,1,"[[1], [1], [1, 2], [1], [1], [1], [1], [1], [1], [1]]"
2026-02-28,gpt-5-mini-2025-08-07,baseline,103,True,171.8160424232483,18,1,"[[1], [1], [1], [1], [1], [1], [1], [1], [1], [1, 2], [1, 2], [1, 2], [1], [1], [1], [1], [1], [1], [1]]"
2026-02-28,gpt-5-mini-2025-08-07,baseline,104,True,104.34289050102234,15,1,"[[1], [1], [1], [1], [1], [1], [1], [1], [1], [1], [1], [1], [1], [1], [1], [1]]"
2026-02-28,gpt-5-mini-2025-08-07,baseline,105,False,126.97416520118713,19,1,"[[1], [1], [1], [1], [1], [1], [1], [1], [1], [1], [1], [1], [1], [1], [1], [1], [1], [1], [1, 2], [1]]"
2026-02-28,gpt-5-mini-2025-08-07,baseline,106,False,178.45972537994385,19,1,"[[1], [1], [1], [1], [1], [1], [1], [1], [1], [1], [1], [1], [1, 2], [1, 2], [1], [1], [1], [1], [1], [1]]"
