2025-12-12,allenai/Olmo-3-32B-Think,PDDL_Unit_action,detailed,0,False,1165.6766662597656,0,"[1, 5]","[[[1, 5]]]"
2025-12-12,allenai/Olmo-3-32B-Think,PDDL_Unit_action,detailed,1,False,771.4483976364136,0,"[1, 5]","[[[1, 5]]]"
2025-12-12,allenai/Olmo-3-32B-Think,PDDL_Unit_action,detailed,2,False,1122.7879729270935,0,"[1, 5]","[[[1, 5]]]"
2025-12-12,allenai/Olmo-3-32B-Think,PDDL_Unit_action,detailed,4,False,1368.8632245063782,0,"[1, 5]","[[[1, 5]]]"
2025-12-12,allenai/Olmo-3-32B-Think,PDDL_Unit_action,detailed,5,False,854.7799534797668,0,"[1, 5]","[[[1, 5]]]"
2025-12-12,allenai/Olmo-3-32B-Think,PDDL_Unit_action,detailed,6,False,1028.8942935466766,0,"[1, 5]","[[[1, 5]]]"
2025-12-12,allenai/Olmo-3-32B-Think,PDDL_Unit_action,detailed,7,False,921.4011590480804,0,"[1, 5]","[[[1, 5]]]"
2025-12-12,allenai/Olmo-3-32B-Think,PDDL_Unit_action,detailed,8,False,1788.7546672821045,1,"[5, 0]","[[[1, 4]], [[1, 0], [2, 0], [3, 0], [4, 0], [5, 0]]]"
2025-12-12,allenai/Olmo-3-32B-Think,PDDL_Unit_action,detailed,10,False,859.7488105297089,0,"[1, 5]","[[[1, 5]]]"
2025-12-12,allenai/Olmo-3-32B-Think,PDDL_Unit_action,detailed,11,False,844.5325539112091,0,"[1, 5]","[[[1, 5]]]"
2025-12-12,allenai/Olmo-3-32B-Think,PDDL_Unit_action,detailed,12,False,1035.2415413856506,0,"[1, 5]","[[[1, 5]]]"
2025-12-12,allenai/Olmo-3-32B-Think,PDDL_Unit_action,detailed,14,False,907.9584021568298,0,"[1, 5]","[[[1, 5]]]"
2025-12-12,allenai/Olmo-3-32B-Think,PDDL_Unit_action,detailed,15,False,1279.6613020896912,0,"[1, 5]","[[[1, 5]]]"
2025-12-12,allenai/Olmo-3-32B-Think,PDDL_Unit_action,detailed,16,False,826.9250593185425,0,"[1, 5]","[[[1, 5]]]"
2025-12-12,allenai/Olmo-3-32B-Think,PDDL_Unit_action,detailed,17,False,806.6640732288361,0,"[1, 5]","[[[1, 5]]]"
2025-12-12,allenai/Olmo-3-32B-Think,PDDL_Unit_action,detailed,18,False,849.968621969223,0,"[1, 5]","[[[1, 5]]]"
2025-12-12,allenai/Olmo-3-32B-Think,PDDL_Unit_action,detailed,19,False,1175.8200070858002,0,"[1, 5]","[[[1, 5]]]"
2025-12-12,allenai/Olmo-3-32B-Think,PDDL_Unit_action,detailed,20,False,1053.4836041927338,0,"[1, 5]","[[[1, 5]]]"
2025-12-12,allenai/Olmo-3-32B-Think,PDDL_Unit_action,detailed,21,False,915.7491567134857,0,"[1, 5]","[[[1, 5]]]"
2025-12-12,allenai/Olmo-3-32B-Think,PDDL_Unit_action,detailed,22,False,1340.4536859989166,0,"[1, 5]","[[[1, 5]]]"
2025-12-12,allenai/Olmo-3-32B-Think,PDDL_Unit_action,detailed,23,False,958.3444044589996,0,"[1, 5]","[[[1, 5]]]"
2025-12-12,allenai/Olmo-3-32B-Think,PDDL_Unit_action,detailed,24,False,1020.7758507728577,0,"[1, 5]","[[[1, 5]]]"
2025-12-12,allenai/Olmo-3-32B-Think,PDDL_Unit_action,detailed,26,False,870.7815837860107,0,"[1, 5]","[[[1, 5]]]"
2025-12-12,allenai/Olmo-3-32B-Think,PDDL_Unit_action,detailed,27,False,777.6320421695709,0,"[1, 5]","[[[1, 5]]]"
2025-12-12,allenai/Olmo-3-32B-Think,PDDL_Unit_action,detailed,28,False,833.4034116268158,0,"[1, 5]","[[[1, 5]]]"
2025-12-12,allenai/Olmo-3-32B-Think,PDDL_Unit_action,detailed,29,False,1155.931802034378,0,"[1, 5]","[[[1, 5]]]"
2025-12-12,allenai/Olmo-3-32B-Think,PDDL_Unit_action,detailed,30,False,1213.6330845355988,0,"[1, 5]","[[[1, 5]]]"
2025-12-12,allenai/Olmo-3-32B-Think,PDDL_Unit_action,detailed,31,False,890.1764628887177,0,"[1, 5]","[[[1, 5]]]"
2025-12-12,allenai/Olmo-3-32B-Think,PDDL_Unit_action,detailed,32,False,1198.8914840221405,0,"[1, 5]","[[[1, 5]]]"
2025-12-12,allenai/Olmo-3-32B-Think,PDDL_Unit_action,detailed,33,False,917.3785710334778,0,"[1, 5]","[[[1, 5]]]"
2025-12-12,allenai/Olmo-3-32B-Think,PDDL_Unit_action,detailed,34,False,1077.7479319572449,0,"[1, 5]","[[[1, 5]]]"
2025-12-12,allenai/Olmo-3-32B-Think,PDDL_Unit_action,detailed,35,False,1339.3992056846619,0,"[1, 5]","[[[1, 5]]]"
2025-12-12,allenai/Olmo-3-32B-Think,PDDL_Unit_action,detailed,36,False,1061.222541809082,0,"[1, 5]","[[[1, 5]]]"
2025-12-12,allenai/Olmo-3-32B-Think,PDDL_Unit_action,detailed,37,False,1087.9909086227417,0,"[1, 5]","[[[1, 5]]]"
2025-12-12,allenai/Olmo-3-32B-Think,PDDL_Unit_action,detailed,38,False,1148.4407694339752,0,"[1, 5]","[[[1, 5]]]"
2025-12-12,allenai/Olmo-3-32B-Think,PDDL_Unit_action,detailed,39,False,1089.0532190799713,0,"[1, 5]","[[[1, 5]]]"
2025-12-12,allenai/Olmo-3-32B-Think,PDDL_Unit_action,detailed,40,False,1576.449562072754,0,"[1, 5]","[[[1, 5]]]"
2025-12-12,allenai/Olmo-3-32B-Think,PDDL_Unit_action,detailed,41,False,1115.6616051197052,0,"[1, 5]","[[[1, 5]]]"
2025-12-12,allenai/Olmo-3-32B-Think,PDDL_Unit_action,detailed,42,False,1232.17027926445,0,"[1, 5]","[[[1, 5]]]"
2025-12-12,allenai/Olmo-3-32B-Think,PDDL_Unit_action,detailed,43,False,882.4142115116119,0,"[1, 5]","[[[1, 5]]]"
2025-12-12,allenai/Olmo-3-32B-Think,PDDL_Unit_action,detailed,44,False,1152.8894565105438,0,"[1, 5]","[[[1, 5]]]"
2025-12-12,allenai/Olmo-3-32B-Think,PDDL_Unit_action,detailed,45,False,1167.7679197788239,0,"[1, 5]","[[[1, 5]]]"
2025-12-12,allenai/Olmo-3-32B-Think,PDDL_Unit_action,detailed,46,False,1000.4014947414398,0,"[1, 5]","[[[1, 5]]]"
2025-12-12,allenai/Olmo-3-32B-Think,PDDL_Unit_action,detailed,47,False,1325.466679096222,0,"[1, 5]","[[[1, 5]]]"
2025-12-12,allenai/Olmo-3-32B-Think,PDDL_Unit_action,detailed,48,False,939.9977526664734,0,"[1, 5]","[[[1, 5]]]"
2025-12-12,allenai/Olmo-3-32B-Think,PDDL_Unit_action,detailed,49,False,955.4767234325409,0,"[1, 5]","[[[1, 5]]]"
2025-12-12,allenai/Olmo-3-32B-Think,PDDL_Unit_action,detailed,50,False,990.2396852970123,0,"[1, 5]","[[[1, 5]]]"
2025-12-12,allenai/Olmo-3-32B-Think,PDDL_Unit_action,detailed,51,False,905.6196441650391,0,"[1, 5]","[[[1, 5]]]"
2025-12-12,allenai/Olmo-3-32B-Think,PDDL_Unit_action,detailed,52,False,1202.1044549942017,0,"[1, 5]","[[[1, 5]]]"
2025-12-12,allenai/Olmo-3-32B-Think,PDDL_Unit_action,detailed,53,False,1316.9550371170044,0,"[1, 5]","[[[1, 5]]]"
2025-12-12,allenai/Olmo-3-32B-Think,PDDL_Unit_action,detailed,54,False,1062.371259212494,0,"[1, 5]","[[[1, 5]]]"
2025-12-12,allenai/Olmo-3-32B-Think,PDDL_Unit_action,detailed,55,False,1000.0919942855835,0,"[1, 5]","[[[1, 5]]]"
2025-12-12,allenai/Olmo-3-32B-Think,PDDL_Unit_action,detailed,56,False,777.6256048679352,0,"[1, 5]","[[[1, 5]]]"
2025-12-12,allenai/Olmo-3-32B-Think,PDDL_Unit_action,detailed,57,False,1091.2529165744781,0,"[1, 5]","[[[1, 5]]]"
2025-12-12,allenai/Olmo-3-32B-Think,PDDL_Unit_action,detailed,58,False,1687.3877742290497,1,"[5, 0]","[[[1, 2]], [[1, 0], [2, 0], [3, 0], [4, 0], [5, 0]]]"
2025-12-12,allenai/Olmo-3-32B-Think,PDDL_Unit_action,detailed,59,False,975.2514283657074,0,"[1, 5]","[[[1, 5]]]"
2025-12-12,allenai/Olmo-3-32B-Think,PDDL_Unit_action,detailed,60,False,1095.9945771694183,0,"[1, 5]","[[[1, 5]]]"
2025-12-12,allenai/Olmo-3-32B-Think,PDDL_Unit_action,detailed,61,False,963.6196937561035,0,"[1, 5]","[[[1, 5]]]"
2025-12-12,allenai/Olmo-3-32B-Think,PDDL_Unit_action,detailed,62,False,942.8740060329437,0,"[1, 5]","[[[1, 5]]]"
2025-12-12,allenai/Olmo-3-32B-Think,PDDL_Unit_action,detailed,63,False,1028.4706678390503,0,"[1, 5]","[[[1, 5]]]"
2025-12-12,allenai/Olmo-3-32B-Think,PDDL_Unit_action,detailed,64,False,1071.0842535495758,0,"[1, 5]","[[[1, 5]]]"
2025-12-12,allenai/Olmo-3-32B-Think,PDDL_Unit_action,detailed,65,False,879.1064484119415,0,"[1, 5]","[[[1, 5]]]"
2025-12-12,allenai/Olmo-3-32B-Think,PDDL_Unit_action,detailed,66,False,1070.6320116519928,0,"[1, 5]","[[[1, 5]]]"
2025-12-12,allenai/Olmo-3-32B-Think,PDDL_Unit_action,detailed,67,False,897.1837995052338,0,"[1, 5]","[[[1, 5]]]"
2025-12-12,allenai/Olmo-3-32B-Think,PDDL_Unit_action,detailed,68,False,1007.9715046882629,0,"[1, 5]","[[[1, 5]]]"
2025-12-12,allenai/Olmo-3-32B-Think,PDDL_Unit_action,detailed,70,False,929.7793073654175,0,"[1, 5]","[[[1, 5]]]"
2025-12-12,allenai/Olmo-3-32B-Think,PDDL_Unit_action,detailed,71,False,1082.8045992851257,0,"[1, 5]","[[[1, 5]]]"
2025-12-13,allenai/Olmo-3-32B-Think,PDDL_Unit_action,detailed,72,False,974.4431252479553,0,"[1, 5]","[[[1, 5]]]"
2025-12-13,allenai/Olmo-3-32B-Think,PDDL_Unit_action,detailed,73,False,1195.5691623687744,0,"[1, 5]","[[[1, 5]]]"
2025-12-13,allenai/Olmo-3-32B-Think,PDDL_Unit_action,detailed,74,False,995.6503911018372,0,"[1, 5]","[[[1, 5]]]"
2025-12-13,allenai/Olmo-3-32B-Think,PDDL_Unit_action,detailed,75,False,920.3765604496002,0,"[1, 5]","[[[1, 5]]]"
2025-12-13,allenai/Olmo-3-32B-Think,PDDL_Unit_action,detailed,76,False,1130.0696759223938,0,"[1, 5]","[[[1, 5]]]"
2025-12-13,allenai/Olmo-3-32B-Think,PDDL_Unit_action,detailed,77,False,951.3527286052704,0,"[1, 5]","[[[1, 5]]]"
2025-12-13,allenai/Olmo-3-32B-Think,PDDL_Unit_action,detailed,78,False,1017.8911900520325,0,"[1, 5]","[[[1, 5]]]"
2025-12-13,allenai/Olmo-3-32B-Think,PDDL_Unit_action,detailed,79,False,1011.8923873901367,0,"[1, 5]","[[[1, 5]]]"
2025-12-13,allenai/Olmo-3-32B-Think,PDDL_Unit_action,detailed,80,False,988.4256107807159,0,"[1, 5]","[[[1, 5]]]"
2025-12-13,allenai/Olmo-3-32B-Think,PDDL_Unit_action,detailed,81,False,890.6124272346497,0,"[1, 5]","[[[1, 5]]]"
2025-12-13,allenai/Olmo-3-32B-Think,PDDL_Unit_action,detailed,82,False,1396.5195634365082,0,"[1, 5]","[[[1, 5]]]"
2025-12-13,allenai/Olmo-3-32B-Think,PDDL_Unit_action,detailed,83,False,1080.306139945984,0,"[1, 5]","[[[1, 5]]]"
2025-12-13,allenai/Olmo-3-32B-Think,PDDL_Unit_action,detailed,84,False,1173.419005393982,0,"[1, 5]","[[[1, 5]]]"
2025-12-13,allenai/Olmo-3-32B-Think,PDDL_Unit_action,detailed,85,False,1009.1257843971252,0,"[1, 5]","[[[1, 5]]]"
2025-12-13,allenai/Olmo-3-32B-Think,PDDL_Unit_action,detailed,86,False,1179.2775394916534,0,"[1, 5]","[[[1, 5]]]"
2025-12-13,allenai/Olmo-3-32B-Think,PDDL_Unit_action,detailed,87,False,1192.1735835075378,0,"[1, 5]","[[[1, 5]]]"
2025-12-13,allenai/Olmo-3-32B-Think,PDDL_Unit_action,detailed,88,False,995.7136979103088,0,"[1, 5]","[[[1, 5]]]"
2025-12-13,allenai/Olmo-3-32B-Think,PDDL_Unit_action,detailed,90,False,1221.1318154335022,0,"[1, 5]","[[[1, 5]]]"
2025-12-13,allenai/Olmo-3-32B-Think,PDDL_Unit_action,detailed,91,False,1222.6979687213898,0,"[1, 5]","[[[1, 5]]]"
2025-12-13,allenai/Olmo-3-32B-Think,PDDL_Unit_action,detailed,92,False,979.87881731987,0,"[1, 5]","[[[1, 5]]]"
2025-12-13,allenai/Olmo-3-32B-Think,PDDL_Unit_action,detailed,93,False,1075.7750606536865,0,"[1, 5]","[[[1, 5]]]"
2025-12-13,allenai/Olmo-3-32B-Think,PDDL_Unit_action,detailed,94,False,1346.7821011543274,0,"[1, 5]","[[[1, 5]]]"
2025-12-13,allenai/Olmo-3-32B-Think,PDDL_Unit_action,detailed,96,False,1306.6550018787384,0,"[1, 5]","[[[1, 5]]]"
2025-12-13,allenai/Olmo-3-32B-Think,PDDL_Unit_action,detailed,97,False,1078.8759453296661,0,"[1, 5]","[[[1, 5]]]"
2025-12-13,allenai/Olmo-3-32B-Think,PDDL_Unit_action,detailed,98,False,970.3692345619202,0,"[1, 5]","[[[1, 5]]]"
2025-12-13,allenai/Olmo-3-32B-Think,PDDL_Unit_action,detailed,99,False,853.6691448688507,0,"[1, 5]","[[[1, 5]]]"
2025-12-13,allenai/Olmo-3-32B-Think,PDDL_Unit_action,detailed,100,True,1033.5920770168304,0,"[2, 0]","[[[1, 4], [2, 0]]]"
2025-12-13,allenai/Olmo-3-32B-Think,PDDL_Unit_action,detailed,101,False,1531.1137561798096,0,"[1, 5]","[[[1, 5]]]"
2025-12-13,allenai/Olmo-3-32B-Think,PDDL_Unit_action,detailed,102,False,1270.1809487342834,0,"[1, 5]","[[[1, 5]]]"
2025-12-13,allenai/Olmo-3-32B-Think,PDDL_Unit_action,detailed,103,False,1033.6652183532715,0,"[1, 5]","[[[1, 5]]]"
2025-12-13,allenai/Olmo-3-32B-Think,PDDL_Unit_action,detailed,104,False,938.121860742569,0,"[1, 5]","[[[1, 5]]]"
2025-12-13,allenai/Olmo-3-32B-Think,PDDL_Unit_action,detailed,105,False,1061.9061963558197,0,"[1, 5]","[[[1, 5]]]"
2025-12-13,allenai/Olmo-3-32B-Think,PDDL_Unit_action,detailed,106,False,964.571827173233,0,"[1, 5]","[[[1, 5]]]"
2025-12-13,allenai/Olmo-3-32B-Think,PDDL_Unit_env,detailed,0,False,1385.0889439582825,0,"[1, 5]","[[[1, 5]]]"
2025-12-13,allenai/Olmo-3-32B-Think,PDDL_Unit_env,detailed,1,False,1221.9534413814545,0,"[1, 5]","[[[1, 5]]]"
2025-12-13,allenai/Olmo-3-32B-Think,PDDL_Unit_env,detailed,2,False,1495.1907031536102,0,"[2, 5]","[[[1, 1], [2, 5]]]"
2025-12-13,allenai/Olmo-3-32B-Think,PDDL_Unit_env,detailed,4,False,902.9636843204498,0,"[1, 5]","[[[1, 5]]]"
2025-12-13,allenai/Olmo-3-32B-Think,PDDL_Unit_env,detailed,5,False,794.9332387447357,0,"[1, 5]","[[[1, 5]]]"
2025-12-13,allenai/Olmo-3-32B-Think,PDDL_Unit_env,detailed,6,False,754.7273099422455,0,"[1, 5]","[[[1, 5]]]"
2025-12-13,allenai/Olmo-3-32B-Think,PDDL_Unit_env,detailed,7,False,1007.6492834091187,0,"[1, 5]","[[[1, 5]]]"
2025-12-13,allenai/Olmo-3-32B-Think,PDDL_Unit_env,detailed,8,False,4664.255839586258,4,"[1, 5]","[[[1, 0]], [[1, 3], [2, 2], [3, 3]], [[1, 4]], [[1, 0], [2, 0], [3, 0]], [[1, 5]]]"
2025-12-13,allenai/Olmo-3-32B-Think,PDDL_Unit_env,detailed,10,False,1099.0653953552246,0,"[1, 5]","[[[1, 5]]]"
2025-12-13,allenai/Olmo-3-32B-Think,PDDL_Unit_env,detailed,11,False,1158.4829618930817,0,"[1, 5]","[[[1, 5]]]"
2025-12-13,allenai/Olmo-3-32B-Think,PDDL_Unit_env,detailed,12,False,1268.867891550064,0,"[1, 5]","[[[1, 5]]]"
2025-12-13,allenai/Olmo-3-32B-Think,PDDL_Unit_env,detailed,14,False,855.3868293762207,0,"[1, 5]","[[[1, 5]]]"
2025-12-13,allenai/Olmo-3-32B-Think,PDDL_Unit_env,detailed,15,False,1499.0539455413818,0,"[1, 5]","[[[1, 5]]]"
2025-12-13,allenai/Olmo-3-32B-Think,PDDL_Unit_env,detailed,16,False,1822.8028135299683,0,"[5, 0]","[[[1, 0], [2, 0], [3, 2], [4, 0], [5, 0]]]"
2025-12-13,allenai/Olmo-3-32B-Think,PDDL_Unit_env,detailed,17,False,1363.8045401573181,0,"[1, 5]","[[[1, 5]]]"
2025-12-13,allenai/Olmo-3-32B-Think,PDDL_Unit_env,detailed,18,False,1145.5753319263458,0,"[1, 5]","[[[1, 5]]]"
2025-12-13,allenai/Olmo-3-32B-Think,PDDL_Unit_env,detailed,19,False,1248.6081767082214,0,"[1, 5]","[[[1, 5]]]"
2025-12-13,allenai/Olmo-3-32B-Think,PDDL_Unit_env,detailed,20,False,1185.4750380516052,0,"[1, 5]","[[[1, 5]]]"
2025-12-13,allenai/Olmo-3-32B-Think,PDDL_Unit_env,detailed,21,False,1099.0651211738586,0,"[1, 5]","[[[1, 5]]]"
2025-12-13,allenai/Olmo-3-32B-Think,PDDL_Unit_env,detailed,22,False,1414.9420335292816,0,"[1, 5]","[[[1, 5]]]"
2025-12-13,allenai/Olmo-3-32B-Think,PDDL_Unit_env,detailed,23,False,1469.8239498138428,0,"[1, 5]","[[[1, 5]]]"
2025-12-13,allenai/Olmo-3-32B-Think,PDDL_Unit_env,detailed,24,False,4928.216132640839,3,"[5, 0]","[[[1, 3]], [[1, 0], [2, 0]], [[1, 4], [2, 5]], [[1, 0], [2, 1], [3, 0], [4, 0], [5, 0]]]"
2025-12-13,allenai/Olmo-3-32B-Think,PDDL_Unit_env,detailed,26,False,921.4662802219391,1,"[5, 0]","[[[1, 0]], [[1, 0], [2, 0], [3, 0], [4, 0], [5, 0]]]"
2025-12-13,allenai/Olmo-3-32B-Think,PDDL_Unit_env,detailed,27,True,970.0380127429962,0,"[5, 0]","[[[1, 0], [2, 0], [3, 0], [4, 0], [5, 0]]]"
2025-12-13,allenai/Olmo-3-32B-Think,PDDL_Unit_env,detailed,28,False,1921.3018712997437,0,"[1, 5]","[[[1, 5]]]"
2025-12-13,allenai/Olmo-3-32B-Think,PDDL_Unit_env,detailed,29,False,1315.8379137516022,0,"[1, 5]","[[[1, 5]]]"
2025-12-13,allenai/Olmo-3-32B-Think,PDDL_Unit_env,detailed,30,False,785.9134316444397,0,"[1, 5]","[[[1, 5]]]"
2025-12-13,allenai/Olmo-3-32B-Think,PDDL_Unit_env,detailed,31,True,168.88181900978088,0,"[1, 0]","[[[1, 0]]]"
2025-12-13,allenai/Olmo-3-32B-Think,PDDL_Unit_env,detailed,32,False,748.1883285045624,0,"[1, 5]","[[[1, 5]]]"
2025-12-14,allenai/Olmo-3-32B-Think,PDDL_Unit_env,detailed,33,False,2425.9848005771637,3,"[5, 0]","[[[1, 3]], [[1, 0], [2, 0], [3, 0]], [[1, 1]], [[1, 0], [2, 0], [3, 2], [4, 0], [5, 0]]]"
2025-12-14,allenai/Olmo-3-32B-Think,PDDL_Unit_env,detailed,34,False,2194.5673735141754,3,"[5, 0]","[[[1, 1]], [[1, 0], [2, 0]], [[1, 0]], [[1, 1], [2, 0], [3, 0], [4, 0], [5, 0]]]"
2025-12-14,allenai/Olmo-3-32B-Think,PDDL_Unit_env,detailed,35,False,762.7450630664825,0,"[1, 5]","[[[1, 5]]]"
2025-12-14,allenai/Olmo-3-32B-Think,PDDL_Unit_env,detailed,36,False,1158.3245697021484,0,"[1, 5]","[[[1, 5]]]"
2025-12-14,allenai/Olmo-3-32B-Think,PDDL_Unit_env,detailed,37,False,3500.352365732193,4,"[5, 0]","[[[1, 2], [2, 0]], [[1, 0]], [[1, 2], [2, 0], [3, 0]], [[1, 0]], [[1, 4], [2, 0], [3, 0], [4, 0], [5, 0]]]"
2025-12-14,allenai/Olmo-3-32B-Think,PDDL_Unit_env,detailed,38,False,2725.5222306251526,2,"[5, 0]","[[[1, 2], [2, 0], [3, 2], [4, 0], [5, 0]], [[1, 0]], [[1, 0], [2, 0], [3, 0], [4, 0], [5, 0]]]"
2025-12-14,allenai/Olmo-3-32B-Think,PDDL_Unit_env,detailed,39,False,1046.5648562908173,0,"[1, 5]","[[[1, 5]]]"
2025-12-14,allenai/Olmo-3-32B-Think,PDDL_Unit_env,detailed,40,False,1242.7172973155975,0,"[1, 5]","[[[1, 5]]]"
2025-12-14,allenai/Olmo-3-32B-Think,PDDL_Unit_env,detailed,41,False,872.5518164634705,0,"[1, 5]","[[[1, 5]]]"
2025-12-14,allenai/Olmo-3-32B-Think,PDDL_Unit_env,detailed,42,False,1470.9917874336243,0,"[1, 5]","[[[1, 5]]]"
2025-12-14,allenai/Olmo-3-32B-Think,PDDL_Unit_env,detailed,43,True,105.30853486061096,0,"[1, 0]","[[[1, 0]]]"
2025-12-14,allenai/Olmo-3-32B-Think,PDDL_Unit_env,detailed,44,False,1552.005603313446,0,"[1, 5]","[[[1, 5]]]"
2025-12-14,allenai/Olmo-3-32B-Think,PDDL_Unit_env,detailed,45,False,1653.2555294036865,1,"[1, 5]","[[[1, 1]], [[1, 5]]]"
2025-12-14,allenai/Olmo-3-32B-Think,PDDL_Unit_env,detailed,46,False,1044.84015250206,0,"[1, 5]","[[[1, 5]]]"
2025-12-14,allenai/Olmo-3-32B-Think,PDDL_Unit_env,detailed,47,False,927.6521863937378,0,"[1, 5]","[[[1, 5]]]"
2025-12-14,allenai/Olmo-3-32B-Think,PDDL_Unit_env,detailed,48,False,1007.0720355510712,0,"[1, 5]","[[[1, 5]]]"
2025-12-14,allenai/Olmo-3-32B-Think,PDDL_Unit_env,detailed,49,False,3024.7377903461456,1,"[1, 5]","[[[1, 3], [2, 0], [3, 0], [4, 0], [5, 0]], [[1, 5]]]"
2025-12-14,allenai/Olmo-3-32B-Think,PDDL_Unit_env,detailed,50,False,1175.9026913642883,0,"[1, 5]","[[[1, 5]]]"
2025-12-14,allenai/Olmo-3-32B-Think,PDDL_Unit_env,detailed,51,False,1381.6253893375397,0,"[1, 5]","[[[1, 5]]]"
2025-12-14,allenai/Olmo-3-32B-Think,PDDL_Unit_env,detailed,52,False,669.8781459331512,0,"[1, 5]","[[[1, 5]]]"
2025-12-14,allenai/Olmo-3-32B-Think,PDDL_Unit_env,detailed,53,False,1237.6933348178864,0,"[1, 5]","[[[1, 5]]]"
2025-12-14,allenai/Olmo-3-32B-Think,PDDL_Unit_env,detailed,54,False,808.0848052501678,0,"[1, 5]","[[[1, 5]]]"
2025-12-14,allenai/Olmo-3-32B-Think,PDDL_Unit_env,detailed,55,False,1967.5828394889832,0,"[5, 5]","[[[1, 0], [2, 0], [3, 0], [4, 0], [5, 5]]]"
2025-12-14,allenai/Olmo-3-32B-Think,PDDL_Unit_env,detailed,56,False,1461.4712295532227,0,"[1, 5]","[[[1, 5]]]"
2025-12-14,allenai/Olmo-3-32B-Think,PDDL_Unit_env,detailed,57,False,1349.688337802887,0,"[1, 5]","[[[1, 5]]]"
2025-12-14,allenai/Olmo-3-32B-Think,PDDL_Unit_env,detailed,58,False,1069.0349507331848,1,"[5, 0]","[[[1, 0]], [[1, 0], [2, 0], [3, 0], [4, 0], [5, 0]]]"
2025-12-14,allenai/Olmo-3-32B-Think,PDDL_Unit_env,detailed,59,False,764.5898790359497,0,"[1, 5]","[[[1, 5]]]"
2025-12-14,allenai/Olmo-3-32B-Think,PDDL_Unit_env,detailed,60,False,1562.8092305660248,1,"[5, 0]","[[[1, 3]], [[1, 0], [2, 0], [3, 0], [4, 0], [5, 0]]]"
2025-12-14,allenai/Olmo-3-32B-Think,PDDL_Unit_env,detailed,61,False,1736.2462484836578,0,"[2, 5]","[[[1, 0], [2, 5]]]"
2025-12-14,allenai/Olmo-3-32B-Think,PDDL_Unit_env,detailed,62,False,1232.8918561935425,0,"[1, 5]","[[[1, 5]]]"
2025-12-14,allenai/Olmo-3-32B-Think,PDDL_Unit_env,detailed,63,False,1109.4407136440277,0,"[1, 5]","[[[1, 5]]]"
2025-12-14,allenai/Olmo-3-32B-Think,PDDL_Unit_env,detailed,64,False,1240.5759530067444,0,"[1, 5]","[[[1, 5]]]"
2025-12-14,allenai/Olmo-3-32B-Think,PDDL_Unit_env,detailed,65,False,1180.9386415481567,0,"[5, 0]","[[[1, 0], [2, 0], [3, 0], [4, 0], [5, 0]]]"
2025-12-14,allenai/Olmo-3-32B-Think,PDDL_Unit_env,detailed,66,False,1194.583683013916,0,"[1, 5]","[[[1, 5]]]"
2025-12-14,allenai/Olmo-3-32B-Think,PDDL_Unit_env,detailed,67,False,982.9553759098053,0,"[1, 5]","[[[1, 5]]]"
2025-12-14,allenai/Olmo-3-32B-Think,PDDL_Unit_env,detailed,68,False,1419.0125188827515,0,"[1, 5]","[[[1, 5]]]"
2025-12-14,allenai/Olmo-3-32B-Think,PDDL_Unit_env,detailed,70,False,911.2578294277191,0,"[1, 5]","[[[1, 5]]]"
2025-12-14,allenai/Olmo-3-32B-Think,PDDL_Unit_env,detailed,71,False,1673.613092660904,1,"[5, 0]","[[[1, 1], [2, 0]], [[1, 0], [2, 0], [3, 2], [4, 0], [5, 0]]]"
2025-12-14,allenai/Olmo-3-32B-Think,PDDL_Unit_env,detailed,72,False,990.0942149162292,0,"[1, 5]","[[[1, 5]]]"
2025-12-14,allenai/Olmo-3-32B-Think,PDDL_Unit_env,detailed,73,False,851.8221387863159,0,"[1, 5]","[[[1, 5]]]"
2025-12-14,allenai/Olmo-3-32B-Think,PDDL_Unit_env,detailed,74,False,810.1047024726868,0,"[1, 5]","[[[1, 5]]]"
2025-12-14,allenai/Olmo-3-32B-Think,PDDL_Unit_env,detailed,75,False,1445.2598106861115,0,"[1, 5]","[[[1, 5]]]"
2025-12-14,allenai/Olmo-3-32B-Think,PDDL_Unit_env,detailed,76,False,3197.2434022426605,1,"[5, 5]","[[[1, 0], [2, 0], [3, 0], [4, 0]], [[1, 0], [2, 0], [3, 0], [4, 0], [5, 5]]]"
2025-12-14,allenai/Olmo-3-32B-Think,PDDL_Unit_env,detailed,77,False,1199.1825613975525,0,"[1, 5]","[[[1, 5]]]"
2025-12-14,allenai/Olmo-3-32B-Think,PDDL_Unit_env,detailed,78,False,1039.6715247631073,0,"[1, 5]","[[[1, 5]]]"
2025-12-14,allenai/Olmo-3-32B-Think,PDDL_Unit_env,detailed,79,False,1373.7104511260986,0,"[1, 5]","[[[1, 5]]]"
2025-12-14,allenai/Olmo-3-32B-Think,PDDL_Unit_env,detailed,80,False,1172.2296061515808,0,"[1, 5]","[[[1, 5]]]"
2025-12-14,allenai/Olmo-3-32B-Think,PDDL_Unit_env,detailed,81,False,1167.382615327835,0,"[2, 5]","[[[1, 0], [2, 5]]]"
2025-12-14,allenai/Olmo-3-32B-Think,PDDL_Unit_env,detailed,82,False,789.5303544998169,0,"[1, 5]","[[[1, 5]]]"
2025-12-14,allenai/Olmo-3-32B-Think,PDDL_Unit_env,detailed,83,False,3405.198949575424,0,"[5, 5]","[[[1, 5], [2, 2], [3, 0], [4, 1], [5, 5]]]"
2025-12-14,allenai/Olmo-3-32B-Think,PDDL_Unit_env,detailed,84,False,897.3639297485352,0,"[1, 5]","[[[1, 5]]]"
2025-12-14,allenai/Olmo-3-32B-Think,PDDL_Unit_env,detailed,85,False,905.4964866638184,0,"[1, 5]","[[[1, 5]]]"
2025-12-14,allenai/Olmo-3-32B-Think,PDDL_Unit_env,detailed,86,False,5865.544538259506,11,"[1, 5]","[[[1, 0], [2, 0]], [[1, 3]], [[1, 0], [2, 0]], [[1, 0]], [[1, 0], [2, 0], [3, 0]], [[1, 0]], [[1, 0], [2, 0]], [[1, 0]], [[1, 0], [2, 0], [3, 0], [4, 0]], [[1, 0]], [[1, 0], [2, 0], [3, 0], [4, 1], [5, 0]], [[1, 5]]]"
2025-12-14,allenai/Olmo-3-32B-Think,PDDL_Unit_env,detailed,87,False,706.2719593048096,0,"[1, 5]","[[[1, 5]]]"
2025-12-14,allenai/Olmo-3-32B-Think,PDDL_Unit_env,detailed,88,False,807.7554092407227,0,"[1, 5]","[[[1, 5]]]"
2025-12-14,allenai/Olmo-3-32B-Think,PDDL_Unit_env,detailed,90,False,854.8986802101135,0,"[1, 5]","[[[1, 5]]]"
2025-12-14,allenai/Olmo-3-32B-Think,PDDL_Unit_env,detailed,91,False,1086.993782043457,0,"[1, 5]","[[[1, 5]]]"
2025-12-14,allenai/Olmo-3-32B-Think,PDDL_Unit_env,detailed,92,False,1001.221423625946,0,"[1, 5]","[[[1, 5]]]"
2025-12-14,allenai/Olmo-3-32B-Think,PDDL_Unit_env,detailed,93,False,1068.3631007671356,0,"[1, 5]","[[[1, 5]]]"
2025-12-14,allenai/Olmo-3-32B-Think,PDDL_Unit_env,detailed,94,False,4850.157033443451,10,"[1, 5]","[[[1, 1], [2, 0], [3, 0], [4, 0], [5, 0]], [[1, 0]], [[1, 1]], [[1, 0]], [[1, 0]], [[1, 1]], [[1, 0]], [[1, 0], [2, 0]], [[1, 1]], [[1, 1]], [[1, 5]]]"
2025-12-15,allenai/Olmo-3-32B-Think,PDDL_Unit_env,detailed,96,False,1160.8923213481903,0,"[1, 5]","[[[1, 5]]]"
2025-12-15,allenai/Olmo-3-32B-Think,PDDL_Unit_env,detailed,97,False,697.1034588813782,0,"[1, 5]","[[[1, 5]]]"
2025-12-15,allenai/Olmo-3-32B-Think,PDDL_Unit_env,detailed,98,False,1825.8054711818695,0,"[2, 5]","[[[1, 1], [2, 5]]]"
2025-12-15,allenai/Olmo-3-32B-Think,PDDL_Unit_env,detailed,99,False,5165.261067390442,6,"[1, 5]","[[[1, 2], [2, 0]], [[1, 0]], [[1, 4], [2, 0], [3, 0]], [[1, 0]], [[1, 3], [2, 0]], [[1, 0]], [[1, 5]]]"
2025-12-15,allenai/Olmo-3-32B-Think,PDDL_Unit_env,detailed,100,False,1008.0881605148315,0,"[1, 5]","[[[1, 5]]]"
2025-12-15,allenai/Olmo-3-32B-Think,PDDL_Unit_env,detailed,101,False,908.4278557300568,0,"[5, 0]","[[[1, 0], [2, 0], [3, 0], [4, 0], [5, 0]]]"
2025-12-15,allenai/Olmo-3-32B-Think,PDDL_Unit_env,detailed,102,False,859.8365106582642,0,"[1, 5]","[[[1, 5]]]"
2025-12-15,allenai/Olmo-3-32B-Think,PDDL_Unit_env,detailed,103,False,918.0980112552643,0,"[1, 5]","[[[1, 5]]]"
2025-12-15,allenai/Olmo-3-32B-Think,PDDL_Unit_env,detailed,104,False,1109.0244953632355,0,"[1, 5]","[[[1, 5]]]"
2025-12-15,allenai/Olmo-3-32B-Think,PDDL_Unit_env,detailed,105,False,2919.599318265915,0,"[4, 5]","[[[1, 4], [2, 0], [3, 1], [4, 5]]]"
2025-12-15,allenai/Olmo-3-32B-Think,PDDL_Unit_env,detailed,106,False,1165.2535362243652,0,"[1, 5]","[[[1, 5]]]"
2025-12-15,allenai/Olmo-3-32B-Think,PDDL_Unit_hybrid,detailed,0,False,1023.4379518032074,0,"[1, 5]","[[[1, 5]]]"
2025-12-15,allenai/Olmo-3-32B-Think,PDDL_Unit_hybrid,detailed,1,False,1773.3687567710876,1,"[2, 5]","[[[1, 1], [2, 0]], [[1, 0], [2, 5]]]"
2025-12-15,allenai/Olmo-3-32B-Think,PDDL_Unit_hybrid,detailed,2,False,1079.9723393917084,0,"[1, 5]","[[[1, 5]]]"
2025-12-15,allenai/Olmo-3-32B-Think,PDDL_Unit_hybrid,detailed,4,False,3355.7430255413055,2,"[3, 5]","[[[1, 5]], [[1, 2], [2, 1], [3, 1]], [[1, 1], [2, 0], [3, 5]]]"
2025-12-15,allenai/Olmo-3-32B-Think,PDDL_Unit_hybrid,detailed,5,False,836.6622271537781,0,"[1, 5]","[[[1, 5]]]"
2025-12-15,allenai/Olmo-3-32B-Think,PDDL_Unit_hybrid,detailed,6,False,783.0146057605743,0,"[1, 5]","[[[1, 5]]]"
2025-12-15,allenai/Olmo-3-32B-Think,PDDL_Unit_hybrid,detailed,7,False,770.511376619339,0,"[1, 5]","[[[1, 5]]]"
2025-12-15,allenai/Olmo-3-32B-Think,PDDL_Unit_hybrid,detailed,8,True,692.43967461586,3,"[1, 0]","[[[1, 0]], [[1, 0], [2, 0]], [[1, 0]], [[1, 0]]]"
2025-12-15,allenai/Olmo-3-32B-Think,PDDL_Unit_hybrid,detailed,10,False,1568.4643025398254,2,"[5, 0]","[[[1, 2]], [[1, 0]], [[1, 0], [2, 0], [3, 0], [4, 0], [5, 0]]]"
2025-12-15,allenai/Olmo-3-32B-Think,PDDL_Unit_hybrid,detailed,11,False,764.4231195449829,0,"[1, 5]","[[[1, 5]]]"
2025-12-15,allenai/Olmo-3-32B-Think,PDDL_Unit_hybrid,detailed,12,False,768.5662114620209,0,"[1, 5]","[[[1, 5]]]"
2025-12-15,allenai/Olmo-3-32B-Think,PDDL_Unit_hybrid,detailed,14,False,2517.616696834564,0,"[5, 4]","[[[1, 3], [2, 1], [3, 0], [4, 0], [5, 4]]]"
2025-12-15,allenai/Olmo-3-32B-Think,PDDL_Unit_hybrid,detailed,15,False,1028.1825733184814,0,"[1, 5]","[[[1, 5]]]"
2025-12-15,allenai/Olmo-3-32B-Think,PDDL_Unit_hybrid,detailed,16,True,1157.760246515274,4,"[1, 0]","[[[1, 0], [2, 0]], [[1, 0]], [[1, 1]], [[1, 0]], [[1, 0]]]"
2025-12-15,allenai/Olmo-3-32B-Think,PDDL_Unit_hybrid,detailed,17,False,1294.748542547226,0,"[1, 5]","[[[1, 5]]]"
2025-12-15,allenai/Olmo-3-32B-Think,PDDL_Unit_hybrid,detailed,18,False,957.9678134918213,0,"[1, 5]","[[[1, 5]]]"
2025-12-15,allenai/Olmo-3-32B-Think,PDDL_Unit_hybrid,detailed,19,True,1772.080985546112,1,"[3, 2]","[[[1, 4], [2, 0]], [[1, 0], [2, 0], [3, 2]]]"
2025-12-15,allenai/Olmo-3-32B-Think,PDDL_Unit_hybrid,detailed,20,False,887.652690410614,0,"[1, 5]","[[[1, 5]]]"
2025-12-15,allenai/Olmo-3-32B-Think,PDDL_Unit_hybrid,detailed,21,False,844.6838111877441,0,"[1, 5]","[[[1, 5]]]"
2025-12-15,allenai/Olmo-3-32B-Think,PDDL_Unit_hybrid,detailed,22,False,934.2273726463318,0,"[1, 5]","[[[1, 5]]]"
2025-12-15,allenai/Olmo-3-32B-Think,PDDL_Unit_hybrid,detailed,23,False,986.0738868713379,0,"[1, 5]","[[[1, 5]]]"
2025-12-15,allenai/Olmo-3-32B-Think,PDDL_Unit_hybrid,detailed,24,False,1085.6496284008026,0,"[1, 5]","[[[1, 5]]]"
2025-12-15,allenai/Olmo-3-32B-Think,PDDL_Unit_hybrid,detailed,26,True,718.0166115760803,1,"[3, 0]","[[[1, 0]], [[1, 0], [2, 0], [3, 0]]]"
2025-12-15,allenai/Olmo-3-32B-Think,PDDL_Unit_hybrid,detailed,27,False,2854.2463088035583,0,"[5, 5]","[[[1, 0], [2, 0], [3, 0], [4, 0], [5, 5]]]"
2025-12-15,allenai/Olmo-3-32B-Think,PDDL_Unit_hybrid,detailed,28,False,1034.491738319397,0,"[1, 5]","[[[1, 5]]]"
2025-12-15,allenai/Olmo-3-32B-Think,PDDL_Unit_hybrid,detailed,29,False,810.9218091964722,0,"[1, 5]","[[[1, 5]]]"
2025-12-15,allenai/Olmo-3-32B-Think,PDDL_Unit_hybrid,detailed,30,False,985.3625965118408,0,"[1, 5]","[[[1, 5]]]"
2025-12-15,allenai/Olmo-3-32B-Think,PDDL_Unit_hybrid,detailed,31,True,343.1459572315216,0,"[2, 0]","[[[1, 1], [2, 0]]]"
2025-12-15,allenai/Olmo-3-32B-Think,PDDL_Unit_hybrid,detailed,32,False,1868.4003553390503,3,"[5, 0]","[[[1, 2]], [[1, 0]], [[1, 0]], [[1, 0], [2, 0], [3, 0], [4, 0], [5, 0]]]"
2025-12-15,allenai/Olmo-3-32B-Think,PDDL_Unit_hybrid,detailed,33,False,1168.0141994953156,0,"[1, 5]","[[[1, 5]]]"
2025-12-15,allenai/Olmo-3-32B-Think,PDDL_Unit_hybrid,detailed,34,False,758.8270783424377,0,"[1, 5]","[[[1, 5]]]"
2025-12-15,allenai/Olmo-3-32B-Think,PDDL_Unit_hybrid,detailed,35,False,2009.7337300777435,1,"[3, 5]","[[[1, 1], [2, 0]], [[1, 0], [2, 0], [3, 5]]]"
2025-12-15,allenai/Olmo-3-32B-Think,PDDL_Unit_hybrid,detailed,36,False,1228.0852138996124,0,"[1, 5]","[[[1, 5]]]"
2025-12-15,allenai/Olmo-3-32B-Think,PDDL_Unit_hybrid,detailed,37,False,904.1822316646576,0,"[1, 5]","[[[1, 5]]]"
2025-12-15,allenai/Olmo-3-32B-Think,PDDL_Unit_hybrid,detailed,38,False,1163.3773171901703,0,"[1, 5]","[[[1, 5]]]"
2025-12-15,allenai/Olmo-3-32B-Think,PDDL_Unit_hybrid,detailed,39,False,1163.5512716770172,0,"[1, 5]","[[[1, 5]]]"
2025-12-15,allenai/Olmo-3-32B-Think,PDDL_Unit_hybrid,detailed,40,False,723.9184076786041,0,"[1, 5]","[[[1, 5]]]"
2025-12-15,allenai/Olmo-3-32B-Think,PDDL_Unit_hybrid,detailed,41,False,940.9572553634644,0,"[1, 5]","[[[1, 5]]]"
2025-12-15,allenai/Olmo-3-32B-Think,PDDL_Unit_hybrid,detailed,42,False,948.9102032184601,0,"[1, 5]","[[[1, 5]]]"
2025-12-15,allenai/Olmo-3-32B-Think,PDDL_Unit_hybrid,detailed,43,True,289.0455346107483,0,"[1, 1]","[[[1, 1]]]"
2025-12-15,allenai/Olmo-3-32B-Think,PDDL_Unit_hybrid,detailed,44,False,754.0046167373657,0,"[1, 5]","[[[1, 5]]]"
2025-12-15,allenai/Olmo-3-32B-Think,PDDL_Unit_hybrid,detailed,45,False,1035.0243377685547,0,"[1, 5]","[[[1, 5]]]"
2025-12-15,allenai/Olmo-3-32B-Think,PDDL_Unit_hybrid,detailed,46,False,865.009138584137,0,"[1, 5]","[[[1, 5]]]"
2025-12-15,allenai/Olmo-3-32B-Think,PDDL_Unit_hybrid,detailed,47,False,699.4991755485535,0,"[1, 5]","[[[1, 5]]]"
2025-12-15,allenai/Olmo-3-32B-Think,PDDL_Unit_hybrid,detailed,48,False,797.2844688892365,0,"[1, 5]","[[[1, 5]]]"
2025-12-15,allenai/Olmo-3-32B-Think,PDDL_Unit_hybrid,detailed,49,False,2855.8300211429596,4,"[5, 0]","[[[1, 4]], [[1, 0]], [[1, 0], [2, 0], [3, 0], [4, 0]], [[1, 0]], [[1, 0], [2, 0], [3, 0], [4, 0], [5, 0]]]"
2025-12-15,allenai/Olmo-3-32B-Think,PDDL_Unit_hybrid,detailed,50,False,1003.4204955101013,0,"[1, 5]","[[[1, 5]]]"
2025-12-15,allenai/Olmo-3-32B-Think,PDDL_Unit_hybrid,detailed,51,False,1473.670790195465,0,"[1, 5]","[[[1, 5]]]"
2025-12-15,allenai/Olmo-3-32B-Think,PDDL_Unit_hybrid,detailed,52,False,929.9553914070129,0,"[1, 5]","[[[1, 5]]]"
2025-12-15,allenai/Olmo-3-32B-Think,PDDL_Unit_hybrid,detailed,53,False,886.1241517066956,0,"[1, 5]","[[[1, 5]]]"
2025-12-15,allenai/Olmo-3-32B-Think,PDDL_Unit_hybrid,detailed,54,False,3840.8727419376373,1,"[5, 0]","[[[1, 3], [2, 0], [3, 0], [4, 0], [5, 5]], [[1, 0], [2, 0], [3, 0], [4, 0], [5, 0]]]"
2025-12-16,allenai/Olmo-3-32B-Think,PDDL_Unit_hybrid,detailed,55,False,1011.659868478775,0,"[1, 5]","[[[1, 5]]]"
2025-12-16,allenai/Olmo-3-32B-Think,PDDL_Unit_hybrid,detailed,56,False,772.9626955986023,0,"[1, 5]","[[[1, 5]]]"
2025-12-16,allenai/Olmo-3-32B-Think,PDDL_Unit_hybrid,detailed,57,False,3812.281404018402,9,"[5, 0]","[[[1, 2]], [[1, 0]], [[1, 0]], [[1, 0], [2, 0]], [[1, 0], [2, 0]], [[1, 0]], [[1, 0]], [[1, 0]], [[1, 0]], [[1, 0], [2, 0], [3, 0], [4, 0], [5, 0]]]"
2025-12-16,allenai/Olmo-3-32B-Think,PDDL_Unit_hybrid,detailed,58,False,1182.984350681305,0,"[1, 5]","[[[1, 5]]]"
2025-12-16,allenai/Olmo-3-32B-Think,PDDL_Unit_hybrid,detailed,59,False,1594.0072286128998,2,"[5, 0]","[[[1, 1]], [[1, 0], [2, 0]], [[1, 0], [2, 0], [3, 0], [4, 0], [5, 0]]]"
2025-12-16,allenai/Olmo-3-32B-Think,PDDL_Unit_hybrid,detailed,60,False,943.7674276828766,0,"[1, 5]","[[[1, 5]]]"
2025-12-16,allenai/Olmo-3-32B-Think,PDDL_Unit_hybrid,detailed,61,False,3285.2805166244507,6,"[5, 1]","[[[1, 2], [2, 0]], [[1, 0]], [[1, 0]], [[1, 0]], [[1, 0], [2, 0], [3, 0]], [[1, 0]], [[1, 0], [2, 0], [3, 0], [4, 1], [5, 1]]]"
2025-12-16,allenai/Olmo-3-32B-Think,PDDL_Unit_hybrid,detailed,62,False,1013.9329969882965,0,"[1, 5]","[[[1, 5]]]"
2025-12-16,allenai/Olmo-3-32B-Think,PDDL_Unit_hybrid,detailed,63,False,1005.5399312973022,0,"[1, 5]","[[[1, 5]]]"
2025-12-16,allenai/Olmo-3-32B-Think,PDDL_Unit_hybrid,detailed,64,False,923.9397988319397,0,"[1, 5]","[[[1, 5]]]"
2025-12-16,allenai/Olmo-3-32B-Think,PDDL_Unit_hybrid,detailed,65,False,1125.2631998062134,0,"[1, 5]","[[[1, 5]]]"
2025-12-16,allenai/Olmo-3-32B-Think,PDDL_Unit_hybrid,detailed,66,False,1070.0746738910675,0,"[1, 5]","[[[1, 5]]]"
2025-12-16,allenai/Olmo-3-32B-Think,PDDL_Unit_hybrid,detailed,67,False,1107.6515974998474,0,"[1, 5]","[[[1, 5]]]"
2025-12-16,allenai/Olmo-3-32B-Think,PDDL_Unit_hybrid,detailed,68,False,5068.488831996918,10,"[5, 0]","[[[1, 0], [2, 0]], [[1, 0], [2, 0]], [[1, 0]], [[1, 0], [2, 0]], [[1, 0]], [[1, 0]], [[1, 0]], [[1, 1]], [[1, 0], [2, 0], [3, 0], [4, 0]], [[1, 0], [2, 0]], [[1, 0], [2, 0], [3, 0], [4, 0], [5, 0]]]"
2025-12-16,allenai/Olmo-3-32B-Think,PDDL_Unit_hybrid,detailed,70,False,1058.3104372024536,0,"[1, 5]","[[[1, 5]]]"
2025-12-16,allenai/Olmo-3-32B-Think,PDDL_Unit_hybrid,detailed,71,False,1222.1882078647614,0,"[1, 5]","[[[1, 5]]]"
2025-12-16,allenai/Olmo-3-32B-Think,PDDL_Unit_hybrid,detailed,72,False,1189.565690279007,0,"[1, 5]","[[[1, 5]]]"
2025-12-16,allenai/Olmo-3-32B-Think,PDDL_Unit_hybrid,detailed,73,False,971.0344831943512,0,"[1, 5]","[[[1, 5]]]"
2025-12-16,allenai/Olmo-3-32B-Think,PDDL_Unit_hybrid,detailed,74,False,1573.2819120883942,1,"[1, 5]","[[[1, 0]], [[1, 5]]]"
2025-12-16,allenai/Olmo-3-32B-Think,PDDL_Unit_hybrid,detailed,75,True,6351.603742837906,9,"[4, 1]","[[[1, 0], [2, 0]], [[1, 0], [2, 0], [3, 0], [4, 0]], [[1, 0], [2, 0], [3, 0], [4, 0]], [[1, 0], [2, 0], [3, 0], [4, 0]], [[1, 0]], [[1, 0]], [[1, 1], [2, 0]], [[1, 0]], [[1, 0]], [[1, 0], [2, 0], [3, 0], [4, 1]]]"
2025-12-16,allenai/Olmo-3-32B-Think,PDDL_Unit_hybrid,detailed,76,False,6024.115926265717,8,"[5, 1]","[[[1, 0]], [[1, 0], [2, 0]], [[1, 0], [2, 0], [3, 1]], [[1, 0], [2, 0]], [[1, 0]], [[1, 1], [2, 0], [3, 0], [4, 0], [5, 0]], [[1, 0]], [[1, 1]], [[1, 0], [2, 0], [3, 0], [4, 3], [5, 1]]]"
2025-12-16,allenai/Olmo-3-32B-Think,PDDL_Unit_hybrid,detailed,77,False,1017.5585789680481,0,"[1, 5]","[[[1, 5]]]"
2025-12-16,allenai/Olmo-3-32B-Think,PDDL_Unit_hybrid,detailed,78,True,555.4886450767517,1,"[1, 0]","[[[1, 1]], [[1, 0]]]"
2025-12-16,allenai/Olmo-3-32B-Think,PDDL_Unit_hybrid,detailed,79,False,970.0774221420288,0,"[1, 5]","[[[1, 5]]]"
2025-12-16,allenai/Olmo-3-32B-Think,PDDL_Unit_hybrid,detailed,80,False,1232.5018556118011,0,"[1, 5]","[[[1, 5]]]"
2025-12-16,allenai/Olmo-3-32B-Think,PDDL_Unit_hybrid,detailed,81,False,2672.044668197632,2,"[5, 0]","[[[1, 1]], [[1, 0], [2, 0], [3, 0], [4, 0]], [[1, 2], [2, 0], [3, 0], [4, 1], [5, 0]]]"
2025-12-16,allenai/Olmo-3-32B-Think,PDDL_Unit_hybrid,detailed,82,True,521.1657526493073,1,"[1, 0]","[[[1, 1]], [[1, 0]]]"
2025-12-16,allenai/Olmo-3-32B-Think,PDDL_Unit_hybrid,detailed,83,True,956.0816175937653,0,"[3, 0]","[[[1, 2], [2, 0], [3, 0]]]"
2025-12-16,allenai/Olmo-3-32B-Think,PDDL_Unit_hybrid,detailed,84,False,925.3292346000671,0,"[1, 5]","[[[1, 5]]]"
2025-12-16,allenai/Olmo-3-32B-Think,PDDL_Unit_hybrid,detailed,85,False,1568.6816716194153,0,"[1, 5]","[[[1, 5]]]"
2025-12-16,allenai/Olmo-3-32B-Think,PDDL_Unit_hybrid,detailed,86,True,5975.021410942078,7,"[1, 1]","[[[1, 3]], [[1, 0], [2, 0]], [[1, 1], [2, 0], [3, 3], [4, 1]], [[1, 0], [2, 0], [3, 0]], [[1, 1], [2, 0], [3, 1], [4, 0]], [[1, 0]], [[1, 0]], [[1, 1]]]"
2025-12-16,allenai/Olmo-3-32B-Think,PDDL_Unit_hybrid,detailed,87,False,6518.460380077362,12,"[5, 0]","[[[1, 2], [2, 0]], [[1, 0]], [[1, 0], [2, 0], [3, 0], [4, 0], [5, 0]], [[1, 0], [2, 0], [3, 0]], [[1, 0]], [[1, 3], [2, 0]], [[1, 0]], [[1, 0], [2, 0]], [[1, 0]], [[1, 0]], [[1, 0]], [[1, 0]], [[1, 0], [2, 0], [3, 0], [4, 0], [5, 0]]]"
2025-12-16,allenai/Olmo-3-32B-Think,PDDL_Unit_hybrid,detailed,88,False,894.7843585014343,0,"[1, 5]","[[[1, 5]]]"
2025-12-16,allenai/Olmo-3-32B-Think,PDDL_Unit_hybrid,detailed,90,False,1428.8978481292725,0,"[1, 5]","[[[1, 5]]]"
2025-12-16,allenai/Olmo-3-32B-Think,PDDL_Unit_hybrid,detailed,91,False,1704.8231093883514,3,"[5, 0]","[[[1, 1]], [[1, 0]], [[1, 0]], [[1, 0], [2, 0], [3, 0], [4, 0], [5, 0]]]"
2025-12-16,allenai/Olmo-3-32B-Think,PDDL_Unit_hybrid,detailed,92,False,1269.5751864910126,0,"[1, 5]","[[[1, 5]]]"
2025-12-16,allenai/Olmo-3-32B-Think,PDDL_Unit_hybrid,detailed,93,False,1149.488273382187,0,"[1, 5]","[[[1, 5]]]"
2025-12-16,allenai/Olmo-3-32B-Think,PDDL_Unit_hybrid,detailed,94,False,1266.695922613144,0,"[1, 5]","[[[1, 5]]]"
2025-12-16,allenai/Olmo-3-32B-Think,PDDL_Unit_hybrid,detailed,96,False,1453.7892866134644,1,"[5, 0]","[[[1, 0]], [[1, 0], [2, 0], [3, 0], [4, 0], [5, 0]]]"
2025-12-16,allenai/Olmo-3-32B-Think,PDDL_Unit_hybrid,detailed,97,False,880.9294738769531,0,"[1, 5]","[[[1, 5]]]"
2025-12-16,allenai/Olmo-3-32B-Think,PDDL_Unit_hybrid,detailed,98,False,1029.6350331306458,0,"[1, 5]","[[[1, 5]]]"
2025-12-16,allenai/Olmo-3-32B-Think,PDDL_Unit_hybrid,detailed,99,False,3646.872460603714,4,"[5, 0]","[[[1, 2]], [[1, 0], [2, 0], [3, 1], [4, 0]], [[1, 0]], [[1, 0]], [[1, 0], [2, 0], [3, 2], [4, 0], [5, 0]]]"
2025-12-16,allenai/Olmo-3-32B-Think,PDDL_Unit_hybrid,detailed,100,False,1186.5284759998322,0,"[1, 5]","[[[1, 5]]]"
2025-12-16,allenai/Olmo-3-32B-Think,PDDL_Unit_hybrid,detailed,101,False,1899.2025916576385,2,"[5, 0]","[[[1, 2], [2, 0]], [[1, 0]], [[1, 0], [2, 0], [3, 0], [4, 0], [5, 0]]]"
2025-12-16,allenai/Olmo-3-32B-Think,PDDL_Unit_hybrid,detailed,102,False,800.8013503551483,0,"[1, 5]","[[[1, 5]]]"
2025-12-16,allenai/Olmo-3-32B-Think,PDDL_Unit_hybrid,detailed,103,False,2014.6253592967987,1,"[5, 2]","[[[1, 2]], [[1, 0], [2, 0], [3, 0], [4, 0], [5, 2]]]"
2025-12-17,allenai/Olmo-3-32B-Think,PDDL_Unit_hybrid,detailed,104,False,1171.290739774704,0,"[1, 5]","[[[1, 5]]]"
2025-12-17,allenai/Olmo-3-32B-Think,PDDL_Unit_hybrid,detailed,105,False,665.8633563518524,0,"[1, 5]","[[[1, 5]]]"
2025-12-17,allenai/Olmo-3-32B-Think,PDDL_Unit_hybrid,detailed,106,False,1273.5399596691132,0,"[1, 5]","[[[1, 5]]]"
2025-12-17,allenai/Olmo-3-32B-Think,PDDL,0,False,1049.9485099315643,0,"[1, 5]","[[[1, 5]]]"
2025-12-17,allenai/Olmo-3-32B-Think,PDDL,1,False,1046.1347224712372,0,"[1, 5]","[[[1, 5]]]"
2025-12-17,allenai/Olmo-3-32B-Think,PDDL,2,False,2217.9466915130615,3,"[5, 1]","[[[1, 2]], [[1, 0]], [[1, 0]], [[1, 0], [2, 0], [3, 0], [4, 0], [5, 1]]]"
2025-12-17,allenai/Olmo-3-32B-Think,PDDL,4,False,1183.3444504737854,0,"[1, 5]","[[[1, 5]]]"
2025-12-17,allenai/Olmo-3-32B-Think,PDDL,5,False,823.356561422348,0,"[1, 5]","[[[1, 5]]]"
2025-12-17,allenai/Olmo-3-32B-Think,PDDL,6,False,1001.5386765003204,0,"[1, 5]","[[[1, 5]]]"
2025-12-17,allenai/Olmo-3-32B-Think,PDDL,7,True,268.8326153755188,0,"[1, 1]","[[[1, 1]]]"
2025-12-17,allenai/Olmo-3-32B-Think,PDDL,8,False,686.0821800231934,0,"[1, 5]","[[[1, 5]]]"
2025-12-17,allenai/Olmo-3-32B-Think,PDDL,10,False,700.400318145752,0,"[1, 5]","[[[1, 5]]]"
2025-12-17,allenai/Olmo-3-32B-Think,PDDL,11,False,883.3260917663574,0,"[1, 5]","[[[1, 5]]]"
2025-12-17,allenai/Olmo-3-32B-Think,PDDL,12,False,1212.4700484275818,0,"[1, 5]","[[[1, 5]]]"
2025-12-17,allenai/Olmo-3-32B-Think,PDDL,14,False,949.9108033180237,0,"[1, 5]","[[[1, 5]]]"
2025-12-17,allenai/Olmo-3-32B-Think,PDDL,15,False,1263.554042816162,0,"[1, 5]","[[[1, 5]]]"
2025-12-17,allenai/Olmo-3-32B-Think,PDDL,16,False,1122.7397019863129,0,"[1, 5]","[[[1, 5]]]"
2025-12-17,allenai/Olmo-3-32B-Think,PDDL,17,False,964.417890548706,0,"[1, 5]","[[[1, 5]]]"
2025-12-17,allenai/Olmo-3-32B-Think,PDDL,18,False,1145.3199207782745,0,"[1, 5]","[[[1, 5]]]"
2025-12-17,allenai/Olmo-3-32B-Think,PDDL,19,False,1150.7053427696228,0,"[1, 5]","[[[1, 5]]]"
2025-12-17,allenai/Olmo-3-32B-Think,PDDL,20,False,1110.3503320217133,0,"[1, 5]","[[[1, 5]]]"
2025-12-17,allenai/Olmo-3-32B-Think,PDDL,21,True,305.2062621116638,0,"[1, 1]","[[[1, 1]]]"
2025-12-17,allenai/Olmo-3-32B-Think,PDDL,22,False,956.6927936077118,0,"[1, 5]","[[[1, 5]]]"
2025-12-17,allenai/Olmo-3-32B-Think,PDDL,23,False,1085.0893461704254,0,"[1, 5]","[[[1, 5]]]"
2025-12-17,allenai/Olmo-3-32B-Think,PDDL,24,False,1007.1767933368683,0,"[1, 5]","[[[1, 5]]]"
2025-12-17,allenai/Olmo-3-32B-Think,PDDL,26,False,986.8041007518768,0,"[1, 5]","[[[1, 5]]]"
2025-12-17,allenai/Olmo-3-32B-Think,PDDL,27,True,575.2742102146149,0,"[3, 0]","[[[1, 0], [2, 0], [3, 0]]]"
2025-12-17,allenai/Olmo-3-32B-Think,PDDL,28,False,1882.2899117469788,1,"[5, 0]","[[[1, 2]], [[1, 0], [2, 0], [3, 0], [4, 0], [5, 0]]]"
2025-12-17,allenai/Olmo-3-32B-Think,PDDL,29,False,1120.1220169067383,0,"[1, 5]","[[[1, 5]]]"
2025-12-17,allenai/Olmo-3-32B-Think,PDDL,30,False,906.1072914600372,0,"[1, 5]","[[[1, 5]]]"
2025-12-17,allenai/Olmo-3-32B-Think,PDDL,31,False,731.0315644741058,0,"[1, 5]","[[[1, 5]]]"
2025-12-17,allenai/Olmo-3-32B-Think,PDDL,32,False,1455.1066040992737,0,"[1, 5]","[[[1, 5]]]"
2025-12-17,allenai/Olmo-3-32B-Think,PDDL,33,False,1083.624234199524,0,"[1, 5]","[[[1, 5]]]"
2025-12-17,allenai/Olmo-3-32B-Think,PDDL,34,False,1111.6259427070618,0,"[1, 5]","[[[1, 5]]]"
2025-12-17,allenai/Olmo-3-32B-Think,PDDL,35,False,891.089287519455,0,"[1, 5]","[[[1, 5]]]"
2025-12-17,allenai/Olmo-3-32B-Think,PDDL,36,False,987.0545325279236,0,"[1, 5]","[[[1, 5]]]"
2025-12-17,allenai/Olmo-3-32B-Think,PDDL,37,False,1268.67706656456,0,"[1, 5]","[[[1, 5]]]"
2025-12-17,allenai/Olmo-3-32B-Think,PDDL,38,False,1083.0209288597107,0,"[1, 5]","[[[1, 5]]]"
2025-12-17,allenai/Olmo-3-32B-Think,PDDL,39,False,1235.2427735328674,0,"[1, 5]","[[[1, 5]]]"
2025-12-17,allenai/Olmo-3-32B-Think,PDDL,40,False,1202.2430081367493,0,"[1, 5]","[[[1, 5]]]"
2025-12-17,allenai/Olmo-3-32B-Think,PDDL,41,False,7854.638693571091,11,"[5, 0]","[[[1, 3]], [[1, 1]], [[1, 0]], [[1, 1], [2, 0], [3, 1], [4, 0], [5, 0]], [[1, 0], [2, 0], [3, 0], [4, 0], [5, 1]], [[1, 0]], [[1, 0]], [[1, 0], [2, 0], [3, 0], [4, 0]], [[1, 0], [2, 0]], [[1, 0]], [[1, 0]], [[1, 0], [2, 0], [3, 0], [4, 0], [5, 0]]]"
2025-12-17,allenai/Olmo-3-32B-Think,PDDL,42,False,1141.5192866325378,0,"[1, 5]","[[[1, 5]]]"
2025-12-17,allenai/Olmo-3-32B-Think,PDDL,43,False,1372.4413468837738,0,"[1, 5]","[[[1, 5]]]"
2025-12-17,allenai/Olmo-3-32B-Think,PDDL,44,False,1223.2324380874634,0,"[1, 5]","[[[1, 5]]]"
2025-12-17,allenai/Olmo-3-32B-Think,PDDL,45,False,757.4395685195923,0,"[1, 5]","[[[1, 5]]]"
2025-12-17,allenai/Olmo-3-32B-Think,PDDL,46,True,1632.224357366562,1,"[4, 0]","[[[1, 4], [2, 0]], [[1, 0], [2, 0], [3, 0], [4, 0]]]"
2025-12-17,allenai/Olmo-3-32B-Think,PDDL,47,False,1227.9439496994019,0,"[1, 5]","[[[1, 5]]]"
2025-12-17,allenai/Olmo-3-32B-Think,PDDL,48,False,807.6299903392792,0,"[1, 5]","[[[1, 5]]]"
2025-12-17,allenai/Olmo-3-32B-Think,PDDL,49,False,965.4471483230591,0,"[1, 5]","[[[1, 5]]]"
2025-12-17,allenai/Olmo-3-32B-Think,PDDL,50,False,1110.576150894165,0,"[1, 5]","[[[1, 5]]]"
2025-12-17,allenai/Olmo-3-32B-Think,PDDL,51,False,762.5983052253723,0,"[1, 5]","[[[1, 5]]]"
2025-12-17,allenai/Olmo-3-32B-Think,PDDL,52,False,2307.964815378189,0,"[5, 0]","[[[1, 5], [2, 0], [3, 0], [4, 0], [5, 0]]]"
2025-12-17,allenai/Olmo-3-32B-Think,PDDL,53,False,1162.80721449852,0,"[5, 0]","[[[1, 1], [2, 0], [3, 0], [4, 0], [5, 0]]]"
2025-12-17,allenai/Olmo-3-32B-Think,PDDL,54,False,1019.2876279354095,0,"[1, 5]","[[[1, 5]]]"
2025-12-17,allenai/Olmo-3-32B-Think,PDDL,55,False,1004.3417356014252,0,"[1, 5]","[[[1, 5]]]"
2025-12-17,allenai/Olmo-3-32B-Think,PDDL,56,False,905.8200023174286,0,"[1, 5]","[[[1, 5]]]"
2025-12-17,allenai/Olmo-3-32B-Think,PDDL,57,False,955.7583148479462,0,"[1, 5]","[[[1, 5]]]"
2025-12-17,allenai/Olmo-3-32B-Think,PDDL,58,False,1650.4696526527405,1,"[5, 0]","[[[1, 3]], [[1, 0], [2, 0], [3, 0], [4, 0], [5, 0]]]"
2025-12-17,allenai/Olmo-3-32B-Think,PDDL,59,False,1480.152328491211,0,"[1, 5]","[[[1, 5]]]"
2025-12-17,allenai/Olmo-3-32B-Think,PDDL,60,False,1126.481296300888,0,"[1, 5]","[[[1, 5]]]"
2025-12-17,allenai/Olmo-3-32B-Think,PDDL,61,False,1342.2532165050507,1,"[5, 0]","[[[1, 0]], [[1, 0], [2, 0], [3, 0], [4, 0], [5, 0]]]"
2025-12-17,allenai/Olmo-3-32B-Think,PDDL,62,False,1186.0169336795807,0,"[1, 5]","[[[1, 5]]]"
2025-12-17,allenai/Olmo-3-32B-Think,PDDL,63,False,2784.947427749634,1,"[5, 0]","[[[1, 4]], [[1, 0], [2, 4], [3, 0], [4, 0], [5, 0]]]"
2025-12-17,allenai/Olmo-3-32B-Think,PDDL,64,False,1046.8325083255768,0,"[1, 5]","[[[1, 5]]]"
2025-12-17,allenai/Olmo-3-32B-Think,PDDL,65,False,1346.6762421131134,0,"[1, 5]","[[[1, 5]]]"
2025-12-17,allenai/Olmo-3-32B-Think,PDDL,66,False,750.974463224411,0,"[1, 5]","[[[1, 5]]]"
2025-12-17,allenai/Olmo-3-32B-Think,PDDL,67,False,920.5509486198425,0,"[1, 5]","[[[1, 5]]]"
2025-12-17,allenai/Olmo-3-32B-Think,PDDL,68,False,872.5783083438873,0,"[1, 5]","[[[1, 5]]]"
2025-12-17,allenai/Olmo-3-32B-Think,PDDL,70,False,912.6359539031982,0,"[1, 5]","[[[1, 5]]]"
2025-12-17,allenai/Olmo-3-32B-Think,PDDL,71,False,975.9376850128174,0,"[1, 5]","[[[1, 5]]]"
2025-12-17,allenai/Olmo-3-32B-Think,PDDL,72,False,1051.6935329437256,0,"[1, 5]","[[[1, 5]]]"
2025-12-18,allenai/Olmo-3-32B-Think,PDDL,73,False,1323.1632251739502,0,"[1, 5]","[[[1, 5]]]"
2025-12-18,allenai/Olmo-3-32B-Think,PDDL,74,False,920.3170201778412,0,"[1, 5]","[[[1, 5]]]"
2025-12-18,allenai/Olmo-3-32B-Think,PDDL,75,False,989.6271777153015,0,"[1, 5]","[[[1, 5]]]"
2025-12-18,allenai/Olmo-3-32B-Think,PDDL,76,False,972.4084491729736,0,"[1, 5]","[[[1, 5]]]"
2025-12-18,allenai/Olmo-3-32B-Think,PDDL,77,False,1081.7707402706146,0,"[1, 5]","[[[1, 5]]]"
2025-12-18,allenai/Olmo-3-32B-Think,PDDL,78,False,761.5343363285065,0,"[1, 5]","[[[1, 5]]]"
2025-12-18,allenai/Olmo-3-32B-Think,PDDL,79,False,2184.788682460785,0,"[3, 5]","[[[1, 2], [2, 0], [3, 5]]]"
2025-12-18,allenai/Olmo-3-32B-Think,PDDL,80,False,1171.4509723186493,0,"[1, 5]","[[[1, 5]]]"
2025-12-18,allenai/Olmo-3-32B-Think,PDDL,81,False,869.4523832798004,0,"[1, 5]","[[[1, 5]]]"
2025-12-18,allenai/Olmo-3-32B-Think,PDDL,82,False,1087.4326181411743,0,"[1, 5]","[[[1, 5]]]"
2025-12-18,allenai/Olmo-3-32B-Think,PDDL,83,False,828.7003173828125,0,"[1, 5]","[[[1, 5]]]"
2025-12-18,allenai/Olmo-3-32B-Think,PDDL,84,True,909.969663143158,0,"[2, 1]","[[[1, 2], [2, 1]]]"
2025-12-18,allenai/Olmo-3-32B-Think,PDDL,85,False,1136.1419615745544,0,"[1, 5]","[[[1, 5]]]"
2025-12-18,allenai/Olmo-3-32B-Think,PDDL,86,False,1705.7220876216888,1,"[5, 0]","[[[1, 4]], [[1, 0], [2, 0], [3, 0], [4, 0], [5, 0]]]"
2025-12-18,allenai/Olmo-3-32B-Think,PDDL,87,False,1243.3564021587372,0,"[1, 5]","[[[1, 5]]]"
2025-12-18,allenai/Olmo-3-32B-Think,PDDL,88,False,893.7507450580597,0,"[1, 5]","[[[1, 5]]]"
2025-12-18,allenai/Olmo-3-32B-Think,PDDL,90,False,3792.6611285209656,6,"[5, 0]","[[[1, 3], [2, 0]], [[1, 0]], [[1, 0], [2, 0], [3, 0], [4, 0]], [[1, 0]], [[1, 0], [2, 0], [3, 0]], [[1, 0]], [[1, 0], [2, 0], [3, 1], [4, 0], [5, 0]]]"
2025-12-18,allenai/Olmo-3-32B-Think,PDDL,91,False,1152.3100719451904,0,"[1, 5]","[[[1, 5]]]"
2025-12-18,allenai/Olmo-3-32B-Think,PDDL,92,False,933.3026180267334,0,"[1, 5]","[[[1, 5]]]"
2025-12-18,allenai/Olmo-3-32B-Think,PDDL,93,False,990.6470048427582,0,"[1, 5]","[[[1, 5]]]"
2025-12-18,allenai/Olmo-3-32B-Think,PDDL,94,False,1166.64302444458,0,"[1, 5]","[[[1, 5]]]"
2025-12-18,allenai/Olmo-3-32B-Think,PDDL,96,False,1125.1344051361084,0,"[1, 5]","[[[1, 5]]]"
2025-12-18,allenai/Olmo-3-32B-Think,PDDL,97,False,849.4842817783356,0,"[1, 5]","[[[1, 5]]]"
2025-12-18,allenai/Olmo-3-32B-Think,PDDL,98,False,703.8990297317505,0,"[1, 5]","[[[1, 5]]]"
2025-12-18,allenai/Olmo-3-32B-Think,PDDL,99,False,907.5031821727753,0,"[1, 5]","[[[1, 5]]]"
2025-12-18,allenai/Olmo-3-32B-Think,PDDL,100,False,897.7174212932587,0,"[1, 5]","[[[1, 5]]]"
2025-12-18,allenai/Olmo-3-32B-Think,PDDL,101,False,1346.9052937030792,0,"[1, 5]","[[[1, 5]]]"
2025-12-18,allenai/Olmo-3-32B-Think,PDDL,102,False,1157.0568718910217,0,"[1, 5]","[[[1, 5]]]"
2025-12-18,allenai/Olmo-3-32B-Think,PDDL,103,False,1256.4784977436066,0,"[1, 5]","[[[1, 5]]]"
2025-12-18,allenai/Olmo-3-32B-Think,PDDL,104,False,986.6586508750916,0,"[1, 5]","[[[1, 5]]]"
2025-12-18,allenai/Olmo-3-32B-Think,PDDL,105,False,724.8168594837189,0,"[1, 5]","[[[1, 5]]]"
2025-12-18,allenai/Olmo-3-32B-Think,PDDL,106,False,1147.1291482448578,0,"[1, 5]","[[[1, 5]]]"
2025-12-18,allenai/Olmo-3-32B-Think,baseline,0,True,928.6567883491516,19,1,"[[1], [1], [1], [1], [1], [1], [1], [1], [1, 2], [1], [1], [1], [1], [1, 2], [1], [1], [1], [1], [1], [1]]"
2025-12-18,allenai/Olmo-3-32B-Think,baseline,1,True,1154.7544469833374,18,1,"[[1], [1], [1, 2, 3], [1], [1], [1], [1], [1], [1, 2], [1], [1], [1], [1], [1, 2, 3, 4], [1], [1], [1, 2], [1], [1]]"
2025-12-18,allenai/Olmo-3-32B-Think,baseline,2,True,487.2567765712738,7,1,"[[1, 2], [1], [1], [1, 2], [1], [1], [1, 2], [1]]"
2025-12-18,allenai/Olmo-3-32B-Think,baseline,4,True,556.4848313331604,9,2,"[[1], [1], [1], [1], [1], [1], [1], [1, 2, 3], [1], [1, 2]]"
2025-12-18,allenai/Olmo-3-32B-Think,baseline,5,True,190.70656275749207,2,3,"[[1], [1], [1, 2, 3]]"
2025-12-18,allenai/Olmo-3-32B-Think,baseline,6,False,984.3683085441589,19,1,"[[1], [1], [1, 2], [1], [1], [1], [1], [1], [1], [1], [1, 2], [1], [1], [1], [1], [1, 2], [1], [1], [1], [1]]"
2025-12-18,allenai/Olmo-3-32B-Think,baseline,7,True,6.725867509841919,0,1,[[1]]
2025-12-18,allenai/Olmo-3-32B-Think,baseline,8,True,1264.6196475028992,14,1,"[[1], [1], [1], [1], [1, 2], [1], [1, 2], [1], [1], [1, 2, 3], [1], [1], [1], [1], [1]]"
2025-12-18,allenai/Olmo-3-32B-Think,baseline,10,True,897.3088176250458,19,1,"[[1], [1], [1], [1, 2, 3], [1], [1], [1], [1], [1], [1], [1], [1], [1], [1], [1], [1, 2, 3, 4], [1], [1], [1], [1]]"
2025-12-18,allenai/Olmo-3-32B-Think,baseline,11,True,33.28751516342163,1,1,"[[1], [1]]"
2025-12-18,allenai/Olmo-3-32B-Think,baseline,12,True,666.8860239982605,12,1,"[[1], [1], [1], [1], [1], [1], [1], [1], [1], [1, 2, 3], [1], [1], [1]]"
2025-12-18,allenai/Olmo-3-32B-Think,baseline,14,False,1048.426373720169,19,1,"[[1], [1, 2], [1, 2], [1], [1, 2], [1], [1, 2], [1], [1], [1, 2, 3], [1], [1], [1], [1], [1], [1], [1], [1, 2], [1], [1]]"
2025-12-18,allenai/Olmo-3-32B-Think,baseline,15,True,233.82013654708862,6,1,"[[1], [1], [1, 2], [1], [1], [1], [1]]"
2025-12-18,allenai/Olmo-3-32B-Think,baseline,16,False,1049.1760818958282,19,1,"[[1], [1], [1], [1], [1], [1, 2], [1], [1, 2], [1], [1, 2], [1], [1], [1], [1], [1], [1], [1], [1], [1], [1]]"
2025-12-18,allenai/Olmo-3-32B-Think,baseline,17,False,872.2763152122498,8,5,"[[1], [1], [1, 2], [1], [1, 2], [1, 2, 3, 4, 5], [1], [1], [1, 2, 3, 4, 5]]"
2025-12-18,allenai/Olmo-3-32B-Think,baseline,18,True,1255.8051376342773,19,1,"[[1, 2], [1], [1], [1], [1, 2, 3], [1], [1], [1], [1], [1, 2, 3, 4], [1], [1], [1], [1], [1], [1], [1], [1, 2], [1], [1]]"
2025-12-18,allenai/Olmo-3-32B-Think,baseline,19,True,54.04870820045471,2,1,"[[1], [1], [1]]"
2025-12-18,allenai/Olmo-3-32B-Think,baseline,20,True,25.485991954803467,1,1,"[[1], [1]]"
2025-12-18,allenai/Olmo-3-32B-Think,baseline,21,True,1083.5494811534882,18,1,"[[1], [1], [1], [1], [1], [1], [1], [1], [1], [1, 2], [1, 2], [1, 2, 3], [1], [1, 2, 3], [1], [1], [1], [1], [1]]"
2025-12-18,allenai/Olmo-3-32B-Think,baseline,22,True,548.1233556270599,10,1,"[[1], [1], [1], [1], [1, 2], [1], [1, 2], [1], [1], [1], [1]]"
2025-12-18,allenai/Olmo-3-32B-Think,baseline,23,True,325.54077982902527,8,1,"[[1], [1], [1], [1], [1, 2], [1, 2], [1], [1], [1]]"
2025-12-18,allenai/Olmo-3-32B-Think,baseline,24,False,908.8507885932922,19,1,"[[1], [1], [1, 2], [1], [1], [1], [1], [1], [1], [1], [1], [1], [1], [1, 2, 3], [1], [1], [1], [1], [1, 2], [1]]"
2025-12-18,allenai/Olmo-3-32B-Think,baseline,26,True,50.62885928153992,2,1,"[[1], [1], [1]]"
2025-12-18,allenai/Olmo-3-32B-Think,baseline,27,True,14.618658304214478,0,1,[[1]]
2025-12-18,allenai/Olmo-3-32B-Think,baseline,28,True,403.7812600135803,11,1,"[[1], [1], [1], [1], [1], [1], [1], [1], [1], [1], [1], [1]]"
2025-12-18,allenai/Olmo-3-32B-Think,baseline,29,True,510.62313866615295,7,1,"[[1], [1, 2], [1], [1], [1], [1, 2, 3, 4], [1], [1]]"
2025-12-18,allenai/Olmo-3-32B-Think,baseline,30,False,1337.0095262527466,19,2,"[[1], [1, 2, 3], [1, 2], [1], [1], [1, 2, 3], [1, 2], [1], [1], [1, 2], [1], [1, 2], [1], [1, 2], [1, 2, 3], [1, 2], [1], [1], [1], [1, 2]]"
2025-12-18,allenai/Olmo-3-32B-Think,baseline,31,True,4.813326835632324,0,1,[[1]]
2025-12-18,allenai/Olmo-3-32B-Think,baseline,32,True,642.820451259613,17,1,"[[1], [1], [1, 2], [1], [1], [1], [1], [1], [1], [1], [1], [1], [1], [1], [1], [1, 2], [1], [1]]"
2025-12-18,allenai/Olmo-3-32B-Think,baseline,33,False,1096.443458557129,19,2,"[[1], [1], [1, 2], [1, 2], [1, 2], [1], [1], [1], [1], [1], [1], [1], [1], [1], [1], [1, 2], [1], [1], [1], [1, 2]]"
2025-12-18,allenai/Olmo-3-32B-Think,baseline,34,True,71.79174399375916,2,1,"[[1], [1], [1]]"
2025-12-18,allenai/Olmo-3-32B-Think,baseline,35,True,58.258864402770996,2,1,"[[1], [1], [1]]"
2025-12-18,allenai/Olmo-3-32B-Think,baseline,36,True,256.1865870952606,4,1,"[[1, 2, 3], [1, 2], [1], [1], [1]]"
2025-12-18,allenai/Olmo-3-32B-Think,baseline,37,False,1132.1359720230103,19,1,"[[1], [1], [1], [1], [1, 2], [1], [1], [1], [1], [1], [1, 2, 3, 4], [1], [1], [1], [1], [1], [1], [1], [1], [1]]"
2025-12-18,allenai/Olmo-3-32B-Think,baseline,38,True,730.313720703125,13,1,"[[1], [1], [1], [1], [1], [1], [1], [1], [1], [1, 2], [1, 2], [1], [1], [1]]"
2025-12-18,allenai/Olmo-3-32B-Think,baseline,39,True,240.52939653396606,9,1,"[[1], [1], [1], [1], [1], [1], [1], [1], [1], [1]]"
2025-12-18,allenai/Olmo-3-32B-Think,baseline,40,False,917.7406966686249,19,1,"[[1], [1], [1, 2], [1], [1], [1], [1], [1, 2], [1], [1], [1], [1], [1], [1], [1], [1], [1, 2, 3], [1], [1], [1]]"
2025-12-18,allenai/Olmo-3-32B-Think,baseline,41,True,671.5818128585815,16,1,"[[1], [1], [1, 2], [1], [1], [1], [1], [1], [1], [1], [1], [1, 2], [1], [1], [1], [1], [1]]"
2025-12-18,allenai/Olmo-3-32B-Think,baseline,42,True,370.60106921195984,10,1,"[[1], [1, 2], [1], [1], [1, 2], [1], [1], [1], [1], [1], [1]]"
2025-12-18,allenai/Olmo-3-32B-Think,baseline,43,True,6.049229860305786,0,1,[[1]]
2025-12-18,allenai/Olmo-3-32B-Think,baseline,44,True,740.3629677295685,16,1,"[[1], [1], [1, 2], [1], [1], [1], [1], [1], [1], [1], [1], [1], [1], [1], [1], [1], [1]]"
2025-12-18,allenai/Olmo-3-32B-Think,baseline,45,False,1093.8647356033325,19,1,"[[1], [1], [1, 2, 3], [1], [1], [1], [1], [1], [1], [1, 2], [1], [1], [1], [1], [1], [1], [1], [1], [1, 2], [1]]"
2025-12-18,allenai/Olmo-3-32B-Think,baseline,46,True,19.434064149856567,0,1,[[1]]
2025-12-18,allenai/Olmo-3-32B-Think,baseline,47,False,1457.5118396282196,19,2,"[[1], [1], [1], [1], [1], [1], [1], [1], [1], [1], [1], [1], [1], [1], [1, 2], [1, 2], [1, 2], [1, 2, 3], [1, 2], [1, 2]]"
2025-12-18,allenai/Olmo-3-32B-Think,baseline,48,True,571.1597278118134,13,1,"[[1], [1], [1], [1], [1], [1], [1], [1], [1], [1], [1], [1], [1], [1]]"
2025-12-18,allenai/Olmo-3-32B-Think,baseline,49,True,178.4795036315918,5,1,"[[1], [1], [1, 2], [1], [1], [1]]"
2025-12-18,allenai/Olmo-3-32B-Think,baseline,50,True,161.51091289520264,4,1,"[[1], [1], [1], [1], [1]]"
2025-12-18,allenai/Olmo-3-32B-Think,baseline,51,True,13.312460899353027,0,1,[[1]]
2025-12-18,allenai/Olmo-3-32B-Think,baseline,52,True,315.14230966567993,8,1,"[[1], [1], [1], [1], [1], [1, 2], [1], [1], [1]]"
2025-12-18,allenai/Olmo-3-32B-Think,baseline,53,False,1247.5073618888855,19,1,"[[1], [1], [1, 2], [1], [1, 2], [1], [1], [1], [1], [1], [1], [1], [1], [1, 2], [1, 2], [1], [1], [1], [1], [1]]"
2025-12-18,allenai/Olmo-3-32B-Think,baseline,54,True,66.34410524368286,2,1,"[[1], [1], [1]]"
2025-12-18,allenai/Olmo-3-32B-Think,baseline,55,True,414.94742131233215,10,1,"[[1], [1], [1, 2], [1], [1, 2], [1], [1], [1], [1], [1], [1]]"
2025-12-18,allenai/Olmo-3-32B-Think,baseline,56,True,15.794761419296265,0,2,"[[1, 2]]"
2025-12-18,allenai/Olmo-3-32B-Think,baseline,57,False,405.65154671669006,5,5,"[[1], [1], [1, 2], [1], [1], [1, 2, 3, 4, 5]]"
2025-12-18,allenai/Olmo-3-32B-Think,baseline,58,True,597.7191891670227,15,1,"[[1], [1], [1], [1], [1, 2], [1], [1], [1], [1], [1], [1], [1], [1], [1], [1], [1]]"
2025-12-18,allenai/Olmo-3-32B-Think,baseline,59,False,383.4749083518982,6,5,"[[1], [1], [1], [1], [1], [1], [1, 2, 3, 4, 5]]"
2025-12-18,allenai/Olmo-3-32B-Think,baseline,60,True,613.3445553779602,11,1,"[[1], [1], [1, 2], [1], [1], [1, 2, 3], [1], [1], [1], [1], [1], [1]]"
2025-12-18,allenai/Olmo-3-32B-Think,baseline,61,True,866.225133895874,14,1,"[[1], [1], [1], [1], [1], [1], [1, 2], [1], [1], [1], [1], [1, 2], [1, 2, 3], [1], [1]]"
2025-12-18,allenai/Olmo-3-32B-Think,baseline,62,True,703.976891040802,15,2,"[[1], [1], [1], [1], [1, 2], [1, 2], [1], [1], [1], [1], [1], [1], [1], [1], [1], [1, 2]]"
2025-12-18,allenai/Olmo-3-32B-Think,baseline,63,True,184.4173219203949,5,1,"[[1], [1], [1], [1, 2], [1], [1]]"
2025-12-18,allenai/Olmo-3-32B-Think,baseline,64,False,985.5727536678314,19,1,"[[1], [1, 2], [1], [1], [1], [1], [1], [1, 2, 3], [1], [1], [1], [1], [1, 2], [1], [1], [1], [1], [1], [1], [1]]"
2025-12-18,allenai/Olmo-3-32B-Think,baseline,65,True,100.2734100818634,1,1,"[[1], [1]]"
2025-12-18,allenai/Olmo-3-32B-Think,baseline,66,True,258.46669483184814,5,2,"[[1], [1, 2], [1], [1], [1, 2], [1, 2]]"
2025-12-18,allenai/Olmo-3-32B-Think,baseline,67,True,473.18203043937683,10,1,"[[1], [1], [1, 2], [1], [1], [1], [1], [1], [1], [1], [1]]"
2025-12-18,allenai/Olmo-3-32B-Think,baseline,68,True,457.02525424957275,10,1,"[[1], [1], [1], [1, 2], [1], [1], [1], [1, 2], [1], [1], [1]]"
2025-12-18,allenai/Olmo-3-32B-Think,baseline,70,True,722.2978072166443,16,1,"[[1], [1], [1], [1, 2, 3, 4, 5], [1], [1], [1], [1], [1], [1], [1], [1], [1], [1], [1], [1], [1]]"
2025-12-18,allenai/Olmo-3-32B-Think,baseline,71,False,562.1595296859741,7,5,"[[1], [1, 2], [1], [1], [1], [1], [1], [1, 2, 3, 4, 5]]"
2025-12-18,allenai/Olmo-3-32B-Think,baseline,72,False,1035.0727245807648,19,1,"[[1], [1], [1], [1], [1], [1, 2, 3], [1], [1, 2], [1], [1, 2], [1], [1], [1], [1], [1], [1], [1], [1], [1, 2], [1]]"
2025-12-18,allenai/Olmo-3-32B-Think,baseline,73,True,171.98140215873718,4,3,"[[1], [1], [1], [1], [1, 2, 3]]"
2025-12-18,allenai/Olmo-3-32B-Think,baseline,74,False,388.21126437187195,3,5,"[[1], [1], [1], [1, 2, 3, 4, 5]]"
2025-12-18,allenai/Olmo-3-32B-Think,baseline,75,True,1370.78102517128,19,1,"[[1], [1], [1, 2], [1], [1], [1], [1, 2], [1, 2, 3, 4], [1, 2], [1], [1], [1], [1], [1, 2], [1], [1], [1], [1], [1, 2], [1]]"
2025-12-18,allenai/Olmo-3-32B-Think,baseline,76,False,404.1775999069214,4,5,"[[1], [1, 2], [1], [1], [1, 2, 3, 4, 5]]"
2025-12-18,allenai/Olmo-3-32B-Think,baseline,77,True,867.4593198299408,16,1,"[[1], [1], [1], [1], [1], [1], [1], [1], [1, 2], [1], [1], [1, 2], [1, 2, 3], [1], [1], [1], [1]]"
2025-12-18,allenai/Olmo-3-32B-Think,baseline,78,True,624.793909072876,13,1,"[[1], [1], [1], [1], [1], [1], [1], [1], [1], [1, 2], [1], [1], [1], [1]]"
2025-12-18,allenai/Olmo-3-32B-Think,baseline,79,True,59.572765827178955,3,1,"[[1], [1], [1], [1]]"
2025-12-18,allenai/Olmo-3-32B-Think,baseline,80,True,776.6218175888062,15,1,"[[1], [1, 2], [1], [1], [1, 2], [1], [1, 2], [1], [1], [1], [1], [1], [1], [1], [1], [1]]"
2025-12-18,allenai/Olmo-3-32B-Think,baseline,81,False,1143.4571652412415,19,1,"[[1], [1], [1, 2], [1], [1], [1], [1], [1], [1], [1], [1], [1], [1], [1], [1], [1], [1], [1, 2], [1], [1]]"
2025-12-18,allenai/Olmo-3-32B-Think,baseline,82,True,384.11767387390137,9,2,"[[1], [1], [1, 2], [1], [1], [1], [1], [1], [1], [1, 2]]"
2025-12-18,allenai/Olmo-3-32B-Think,baseline,83,True,243.56302976608276,6,1,"[[1], [1], [1], [1], [1, 2, 3], [1], [1]]"
2025-12-18,allenai/Olmo-3-32B-Think,baseline,84,True,13.997827529907227,0,1,[[1]]
2025-12-18,allenai/Olmo-3-32B-Think,baseline,85,False,1131.9328236579895,19,2,"[[1], [1], [1], [1], [1, 2], [1], [1], [1], [1], [1], [1, 2, 3], [1], [1], [1], [1], [1], [1], [1], [1], [1, 2]]"
2025-12-18,allenai/Olmo-3-32B-Think,baseline,86,False,1117.610111951828,19,2,"[[1], [1], [1], [1], [1], [1], [1], [1], [1], [1], [1, 2], [1], [1], [1, 2], [1], [1], [1], [1], [1], [1, 2]]"
2025-12-18,allenai/Olmo-3-32B-Think,baseline,87,True,450.36058712005615,9,1,"[[1], [1], [1, 2], [1], [1], [1], [1], [1], [1], [1]]"
2025-12-18,allenai/Olmo-3-32B-Think,baseline,88,True,567.1729230880737,15,1,"[[1], [1], [1], [1], [1], [1], [1], [1], [1], [1], [1], [1], [1], [1], [1], [1]]"
2025-12-18,allenai/Olmo-3-32B-Think,baseline,90,True,142.18378520011902,5,1,"[[1], [1], [1, 2], [1], [1], [1]]"
2025-12-18,allenai/Olmo-3-32B-Think,baseline,91,True,704.9364137649536,13,1,"[[1], [1], [1], [1], [1], [1, 2], [1], [1], [1], [1], [1], [1, 2], [1], [1]]"
2025-12-18,allenai/Olmo-3-32B-Think,baseline,92,False,1107.9251234531403,19,1,"[[1], [1], [1, 2], [1], [1, 2, 3], [1], [1], [1, 2], [1], [1], [1], [1], [1], [1], [1], [1], [1, 2, 3], [1], [1], [1]]"
2025-12-19,allenai/Olmo-3-32B-Think,baseline,93,False,1264.7836382389069,19,1,"[[1], [1], [1], [1], [1], [1], [1], [1], [1, 2, 3], [1], [1], [1], [1], [1], [1], [1, 2], [1], [1], [1, 2], [1]]"
2025-12-19,allenai/Olmo-3-32B-Think,baseline,94,False,1099.035216808319,19,1,"[[1], [1, 2], [1], [1], [1], [1, 2], [1, 2], [1, 2], [1], [1], [1], [1], [1], [1, 2], [1, 2], [1], [1], [1, 2], [1], [1]]"
2025-12-19,allenai/Olmo-3-32B-Think,baseline,96,False,1700.1277186870575,16,1,"[[1], [1, 2], [1, 2], [1], [1], [1], [1], [1], [1], [1, 2, 3, 4], [1], [1, 2], [1, 2], [1], [1], [1], [1]]"
2025-12-19,allenai/Olmo-3-32B-Think,baseline,97,True,804.8493919372559,10,2,"[[1], [1], [1, 2], [1, 2, 3], [1], [1, 2], [1, 2], [1], [1], [1], [1, 2]]"
2025-12-19,allenai/Olmo-3-32B-Think,baseline,98,True,390.9471504688263,8,1,"[[1], [1], [1, 2], [1], [1], [1], [1], [1], [1]]"
2025-12-19,allenai/Olmo-3-32B-Think,baseline,99,True,412.5491101741791,7,2,"[[1], [1], [1, 2], [1, 2], [1], [1, 2], [1], [1, 2]]"
2025-12-19,allenai/Olmo-3-32B-Think,baseline,100,True,27.58837127685547,1,1,"[[1], [1]]"
2025-12-19,allenai/Olmo-3-32B-Think,baseline,101,True,374.6033444404602,8,1,"[[1], [1], [1], [1], [1], [1], [1], [1], [1]]"
2025-12-19,allenai/Olmo-3-32B-Think,baseline,102,True,453.87216806411743,9,2,"[[1], [1], [1], [1], [1], [1], [1], [1], [1, 2, 3], [1, 2]]"
2025-12-19,allenai/Olmo-3-32B-Think,baseline,103,True,217.2046389579773,5,1,"[[1], [1, 2], [1], [1], [1], [1]]"
2025-12-19,allenai/Olmo-3-32B-Think,baseline,104,False,932.4523439407349,19,1,"[[1], [1], [1, 2, 3], [1], [1], [1], [1], [1], [1], [1], [1], [1], [1], [1], [1], [1], [1], [1], [1], [1]]"
2025-12-19,allenai/Olmo-3-32B-Think,baseline,105,True,340.7320599555969,9,1,"[[1], [1], [1], [1], [1], [1], [1], [1], [1], [1]]"
2025-12-19,allenai/Olmo-3-32B-Think,baseline,106,False,734.3359010219574,19,1,"[[1], [1], [1], [1, 2], [1], [1], [1], [1], [1], [1], [1], [1], [1], [1], [1], [1], [1, 2, 3], [1], [1], [1]]"
