2025-12-13,allenai/Olmo-3-32B-Think,PDDL,0,False,1151.4901344776154,0,"[1, 5]","[[[1, 5]]]"
2025-12-13,allenai/Olmo-3-32B-Think,PDDL,1,False,929.3703153133392,0,"[1, 5]","[[[1, 5]]]"
2025-12-13,allenai/Olmo-3-32B-Think,PDDL,2,False,833.6331388950348,0,"[1, 5]","[[[1, 5]]]"
2025-12-13,allenai/Olmo-3-32B-Think,PDDL,4,False,949.6541585922241,0,"[1, 5]","[[[1, 5]]]"
2025-12-13,allenai/Olmo-3-32B-Think,PDDL,5,False,1003.394941329956,0,"[1, 5]","[[[1, 5]]]"
2025-12-13,allenai/Olmo-3-32B-Think,PDDL,6,False,1034.402447462082,0,"[1, 5]","[[[1, 5]]]"
2025-12-13,allenai/Olmo-3-32B-Think,PDDL,7,True,480.35347747802734,0,"[2, 1]","[[[1, 0], [2, 1]]]"
2025-12-13,allenai/Olmo-3-32B-Think,PDDL,8,False,762.926840543747,0,"[1, 5]","[[[1, 5]]]"
2025-12-14,allenai/Olmo-3-32B-Think,PDDL,10,False,1507.0955934524536,0,"[5, 0]","[[[1, 4], [2, 0], [3, 0], [4, 0], [5, 0]]]"
2025-12-14,allenai/Olmo-3-32B-Think,PDDL,11,True,628.1734273433685,1,"[1, 1]","[[[1, 2]], [[1, 1]]]"
2025-12-14,allenai/Olmo-3-32B-Think,PDDL,12,False,1158.5317056179047,0,"[1, 5]","[[[1, 5]]]"
2025-12-14,allenai/Olmo-3-32B-Think,PDDL,14,False,1761.718567609787,0,"[5, 0]","[[[1, 3], [2, 0], [3, 3], [4, 0], [5, 0]]]"
2025-12-14,allenai/Olmo-3-32B-Think,PDDL,15,False,859.6434254646301,0,"[1, 5]","[[[1, 5]]]"
2025-12-14,allenai/Olmo-3-32B-Think,PDDL,16,False,1115.589490890503,0,"[1, 5]","[[[1, 5]]]"
2025-12-14,allenai/Olmo-3-32B-Think,PDDL,17,False,931.0631921291351,0,"[1, 5]","[[[1, 5]]]"
2025-12-14,allenai/Olmo-3-32B-Think,PDDL,18,False,1264.66574716568,0,"[1, 5]","[[[1, 5]]]"
2025-12-14,allenai/Olmo-3-32B-Think,PDDL,19,False,1354.4175100326538,0,"[1, 5]","[[[1, 5]]]"
2025-12-14,allenai/Olmo-3-32B-Think,PDDL,20,True,519.6643717288971,0,"[1, 2]","[[[1, 2]]]"
2025-12-14,allenai/Olmo-3-32B-Think,PDDL,21,False,1049.0635080337524,0,"[1, 5]","[[[1, 5]]]"
2025-12-14,allenai/Olmo-3-32B-Think,PDDL,22,False,684.4627883434296,0,"[1, 5]","[[[1, 5]]]"
2025-12-14,allenai/Olmo-3-32B-Think,PDDL,23,False,1128.5755038261414,0,"[1, 5]","[[[1, 5]]]"
2025-12-14,allenai/Olmo-3-32B-Think,PDDL,24,False,1104.1935007572174,0,"[1, 5]","[[[1, 5]]]"
2025-12-14,allenai/Olmo-3-32B-Think,PDDL,26,False,869.6524310112,0,"[1, 5]","[[[1, 5]]]"
2025-12-14,allenai/Olmo-3-32B-Think,PDDL,27,False,1147.8890943527222,0,"[1, 5]","[[[1, 5]]]"
2025-12-14,allenai/Olmo-3-32B-Think,PDDL,28,False,1085.0694243907928,0,"[1, 5]","[[[1, 5]]]"
2025-12-14,allenai/Olmo-3-32B-Think,PDDL,29,False,6446.961926460266,6,"[1, 5]","[[[1, 2]], [[1, 0]], [[1, 3], [2, 3], [3, 0]], [[1, 2], [2, 3]], [[1, 0]], [[1, 0], [2, 0], [3, 1], [4, 1]], [[1, 5]]]"
2025-12-14,allenai/Olmo-3-32B-Think,PDDL,30,False,1012.3726515769958,0,"[1, 5]","[[[1, 5]]]"
2025-12-14,allenai/Olmo-3-32B-Think,PDDL,31,True,168.65648889541626,0,"[1, 0]","[[[1, 0]]]"
2025-12-14,allenai/Olmo-3-32B-Think,PDDL,32,False,977.2365236282349,0,"[1, 5]","[[[1, 5]]]"
2025-12-14,allenai/Olmo-3-32B-Think,PDDL,33,False,1024.9573438167572,0,"[1, 5]","[[[1, 5]]]"
2025-12-14,allenai/Olmo-3-32B-Think,PDDL,34,False,941.1834101676941,0,"[1, 5]","[[[1, 5]]]"
2025-12-14,allenai/Olmo-3-32B-Think,PDDL,35,False,928.1922895908356,0,"[1, 5]","[[[1, 5]]]"
2025-12-14,allenai/Olmo-3-32B-Think,PDDL,36,False,1174.879739522934,0,"[1, 5]","[[[1, 5]]]"
2025-12-14,allenai/Olmo-3-32B-Think,PDDL,37,False,2460.338041305542,5,"[5, 0]","[[[1, 3], [2, 1]], [[1, 0]], [[1, 0]], [[1, 0]], [[1, 0]], [[1, 0], [2, 0], [3, 0], [4, 0], [5, 0]]]"
2025-12-14,allenai/Olmo-3-32B-Think,PDDL,38,False,952.4120013713837,0,"[1, 5]","[[[1, 5]]]"
2025-12-14,allenai/Olmo-3-32B-Think,PDDL,39,False,2374.0524826049805,3,"[5, 0]","[[[1, 4]], [[1, 0]], [[1, 0]], [[1, 0], [2, 0], [3, 0], [4, 0], [5, 0]]]"
2025-12-14,allenai/Olmo-3-32B-Think,PDDL,40,False,832.872974395752,0,"[1, 5]","[[[1, 5]]]"
2025-12-14,allenai/Olmo-3-32B-Think,PDDL,41,False,887.4879965782166,0,"[1, 5]","[[[1, 5]]]"
2025-12-14,allenai/Olmo-3-32B-Think,PDDL,42,False,870.1446259021759,0,"[1, 5]","[[[1, 5]]]"
2025-12-14,allenai/Olmo-3-32B-Think,PDDL,43,False,706.2363722324371,0,"[1, 5]","[[[1, 5]]]"
2025-12-14,allenai/Olmo-3-32B-Think,PDDL,44,False,881.0431005954742,0,"[1, 5]","[[[1, 5]]]"
2025-12-14,allenai/Olmo-3-32B-Think,PDDL,45,False,994.2859070301056,0,"[1, 5]","[[[1, 5]]]"
2025-12-14,allenai/Olmo-3-32B-Think,PDDL,46,False,1134.435649394989,0,"[1, 5]","[[[1, 5]]]"
2025-12-14,allenai/Olmo-3-32B-Think,PDDL,47,False,902.3792703151703,0,"[1, 5]","[[[1, 5]]]"
2025-12-14,allenai/Olmo-3-32B-Think,PDDL,48,False,1360.4359979629517,0,"[1, 5]","[[[1, 5]]]"
2025-12-14,allenai/Olmo-3-32B-Think,PDDL,49,False,717.3242707252502,0,"[1, 5]","[[[1, 5]]]"
2025-12-14,allenai/Olmo-3-32B-Think,PDDL,50,False,4253.4649431705475,6,"[5, 0]","[[[1, 1]], [[1, 0], [2, 0]], [[1, 0]], [[1, 0], [2, 0], [3, 0], [4, 0]], [[1, 1], [2, 1], [3, 0], [4, 0]], [[1, 0]], [[1, 1], [2, 0], [3, 0], [4, 0], [5, 0]]]"
2025-12-14,allenai/Olmo-3-32B-Think,PDDL,51,False,786.397243976593,0,"[1, 5]","[[[1, 5]]]"
2025-12-14,allenai/Olmo-3-32B-Think,PDDL,52,False,784.7129950523376,0,"[1, 5]","[[[1, 5]]]"
2025-12-14,allenai/Olmo-3-32B-Think,PDDL,53,False,777.3345034122467,0,"[1, 5]","[[[1, 5]]]"
2025-12-14,allenai/Olmo-3-32B-Think,PDDL,54,False,1023.4622628688812,0,"[1, 5]","[[[1, 5]]]"
2025-12-14,allenai/Olmo-3-32B-Think,PDDL,55,False,1178.2420156002045,0,"[1, 5]","[[[1, 5]]]"
2025-12-14,allenai/Olmo-3-32B-Think,PDDL,56,False,840.9107828140259,0,"[1, 5]","[[[1, 5]]]"
2025-12-14,allenai/Olmo-3-32B-Think,PDDL,57,False,1007.8299784660339,0,"[1, 5]","[[[1, 5]]]"
2025-12-14,allenai/Olmo-3-32B-Think,PDDL,58,False,7008.41490983963,11,"[4, 5]","[[[1, 4]], [[1, 0], [2, 0], [3, 0], [4, 0], [5, 0]], [[1, 0]], [[1, 4]], [[1, 0], [2, 0], [3, 0], [4, 0]], [[1, 0]], [[1, 0]], [[1, 0], [2, 0], [3, 0]], [[1, 0]], [[1, 0]], [[1, 0]], [[1, 0], [2, 0], [3, 0], [4, 5]]]"
2025-12-14,allenai/Olmo-3-32B-Think,PDDL,59,False,907.3674964904785,0,"[1, 5]","[[[1, 5]]]"
2025-12-14,allenai/Olmo-3-32B-Think,PDDL,60,False,1099.063519001007,0,"[1, 5]","[[[1, 5]]]"
2025-12-14,allenai/Olmo-3-32B-Think,PDDL,61,False,816.2247204780579,0,"[1, 5]","[[[1, 5]]]"
2025-12-14,allenai/Olmo-3-32B-Think,PDDL,62,False,879.4831185340881,0,"[1, 5]","[[[1, 5]]]"
2025-12-14,allenai/Olmo-3-32B-Think,PDDL,63,False,1153.4161970615387,0,"[1, 5]","[[[1, 5]]]"
2025-12-14,allenai/Olmo-3-32B-Think,PDDL,64,False,753.1270861625671,0,"[1, 5]","[[[1, 5]]]"
2025-12-14,allenai/Olmo-3-32B-Think,PDDL,65,False,1100.313215970993,0,"[1, 5]","[[[1, 5]]]"
2025-12-14,allenai/Olmo-3-32B-Think,PDDL,66,False,1197.7356224060059,0,"[1, 5]","[[[1, 5]]]"
2025-12-14,allenai/Olmo-3-32B-Think,PDDL,67,False,1558.6133031845093,2,"[5, 0]","[[[1, 0]], [[1, 1]], [[1, 0], [2, 0], [3, 0], [4, 0], [5, 0]]]"
2025-12-14,allenai/Olmo-3-32B-Think,PDDL,68,False,675.156735420227,0,"[1, 5]","[[[1, 5]]]"
2025-12-14,allenai/Olmo-3-32B-Think,PDDL,70,False,929.0845723152161,0,"[1, 5]","[[[1, 5]]]"
2025-12-14,allenai/Olmo-3-32B-Think,PDDL,71,False,828.8616826534271,0,"[1, 5]","[[[1, 5]]]"
2025-12-14,allenai/Olmo-3-32B-Think,PDDL,72,False,1048.7298755645752,0,"[1, 5]","[[[1, 5]]]"
2025-12-14,allenai/Olmo-3-32B-Think,PDDL,73,False,1455.3961765766144,2,"[1, 5]","[[[1, 2]], [[1, 0]], [[1, 5]]]"
2025-12-14,allenai/Olmo-3-32B-Think,PDDL,74,False,795.0530722141266,0,"[1, 5]","[[[1, 5]]]"
2025-12-14,allenai/Olmo-3-32B-Think,PDDL,75,False,866.3568572998047,0,"[1, 5]","[[[1, 5]]]"
2025-12-14,allenai/Olmo-3-32B-Think,PDDL,76,False,802.1742088794708,0,"[1, 5]","[[[1, 5]]]"
2025-12-14,allenai/Olmo-3-32B-Think,PDDL,77,False,644.9628653526306,0,"[1, 5]","[[[1, 5]]]"
2025-12-14,allenai/Olmo-3-32B-Think,PDDL,78,False,877.2408702373505,0,"[1, 5]","[[[1, 5]]]"
2025-12-14,allenai/Olmo-3-32B-Think,PDDL,79,False,795.9024488925934,0,"[1, 5]","[[[1, 5]]]"
2025-12-14,allenai/Olmo-3-32B-Think,PDDL,80,False,1079.788489818573,0,"[1, 5]","[[[1, 5]]]"
2025-12-14,allenai/Olmo-3-32B-Think,PDDL,81,False,2471.072770833969,5,"[5, 0]","[[[1, 2]], [[1, 0]], [[1, 0]], [[1, 0]], [[1, 0], [2, 0]], [[1, 0], [2, 0], [3, 0], [4, 0], [5, 0]]]"
2025-12-15,allenai/Olmo-3-32B-Think,PDDL,82,False,747.5729830265045,0,"[1, 5]","[[[1, 5]]]"
2025-12-15,allenai/Olmo-3-32B-Think,PDDL,83,False,1293.3556151390076,0,"[1, 5]","[[[1, 5]]]"
2025-12-15,allenai/Olmo-3-32B-Think,PDDL,84,False,1126.9231188297272,0,"[1, 5]","[[[1, 5]]]"
2025-12-15,allenai/Olmo-3-32B-Think,PDDL,85,False,4159.4726185798645,13,"[5, 0]","[[[1, 5]], [[1, 0]], [[1, 0]], [[1, 1]], [[1, 0]], [[1, 0]], [[1, 0]], [[1, 0]], [[1, 0]], [[1, 0]], [[1, 0]], [[1, 0]], [[1, 0]], [[1, 1], [2, 1], [3, 0], [4, 0], [5, 0]]]"
2025-12-15,allenai/Olmo-3-32B-Think,PDDL,86,False,1018.1768658161163,0,"[1, 5]","[[[1, 5]]]"
2025-12-15,allenai/Olmo-3-32B-Think,PDDL,87,False,613.3246836662292,0,"[1, 5]","[[[1, 5]]]"
2025-12-15,allenai/Olmo-3-32B-Think,PDDL,88,False,2120.804086446762,4,"[5, 0]","[[[1, 3]], [[1, 0]], [[1, 0]], [[1, 0]], [[1, 0], [2, 0], [3, 0], [4, 0], [5, 0]]]"
2025-12-15,allenai/Olmo-3-32B-Think,PDDL,90,False,1235.985940694809,0,"[1, 5]","[[[1, 5]]]"
2025-12-15,allenai/Olmo-3-32B-Think,PDDL,91,False,1116.713681936264,0,"[1, 5]","[[[1, 5]]]"
2025-12-15,allenai/Olmo-3-32B-Think,PDDL,92,False,1091.3439280986786,0,"[1, 5]","[[[1, 5]]]"
2025-12-15,allenai/Olmo-3-32B-Think,PDDL,93,False,838.3801171779633,0,"[1, 5]","[[[1, 5]]]"
2025-12-15,allenai/Olmo-3-32B-Think,PDDL,94,False,1258.913739681244,0,"[1, 5]","[[[1, 5]]]"
2025-12-15,allenai/Olmo-3-32B-Think,PDDL,96,False,827.942489862442,0,"[1, 5]","[[[1, 5]]]"
2025-12-15,allenai/Olmo-3-32B-Think,PDDL,97,False,1040.2591288089752,0,"[1, 5]","[[[1, 5]]]"
2025-12-15,allenai/Olmo-3-32B-Think,PDDL,98,False,946.1203317642212,0,"[5, 0]","[[[1, 0], [2, 0], [3, 0], [4, 0], [5, 0]]]"
2025-12-15,allenai/Olmo-3-32B-Think,PDDL,99,False,720.3100118637085,0,"[1, 5]","[[[1, 5]]]"
2025-12-15,allenai/Olmo-3-32B-Think,PDDL,100,False,1151.6558816432953,0,"[1, 5]","[[[1, 5]]]"
2025-12-15,allenai/Olmo-3-32B-Think,PDDL,101,False,805.8636622428894,0,"[1, 5]","[[[1, 5]]]"
2025-12-15,allenai/Olmo-3-32B-Think,PDDL,102,False,799.1035408973694,0,"[1, 5]","[[[1, 5]]]"
2025-12-15,allenai/Olmo-3-32B-Think,PDDL,103,False,1123.651219367981,0,"[1, 5]","[[[1, 5]]]"
2025-12-15,allenai/Olmo-3-32B-Think,PDDL,104,False,950.7576563358307,0,"[1, 5]","[[[1, 5]]]"
2025-12-15,allenai/Olmo-3-32B-Think,PDDL,105,False,753.98242354393,0,"[1, 5]","[[[1, 5]]]"
2025-12-15,allenai/Olmo-3-32B-Think,PDDL,106,False,1237.9547309875488,0,"[1, 5]","[[[1, 5]]]"
2025-12-15,allenai/Olmo-3-32B-Think,baseline,0,False,1142.643518447876,19,2,"[[1], [1], [1], [1, 2, 3], [1], [1], [1], [1], [1, 2, 3], [1], [1], [1, 2], [1], [1], [1], [1], [1], [1], [1, 2, 3, 4], [1, 2]]"
2025-12-15,allenai/Olmo-3-32B-Think,baseline,1,True,159.37879705429077,6,2,"[[1], [1], [1], [1], [1], [1], [1, 2]]"
2025-12-15,allenai/Olmo-3-32B-Think,baseline,2,True,49.373682260513306,2,1,"[[1, 2], [1], [1]]"
2025-12-15,allenai/Olmo-3-32B-Think,baseline,4,True,461.7118537425995,7,2,"[[1], [1], [1], [1], [1], [1, 2, 3], [1], [1, 2]]"
2025-12-15,allenai/Olmo-3-32B-Think,baseline,5,False,968.2493097782135,19,1,"[[1], [1], [1, 2, 3], [1], [1], [1], [1, 2], [1], [1], [1], [1], [1, 2, 3], [1], [1], [1], [1], [1], [1], [1], [1]]"
2025-12-15,allenai/Olmo-3-32B-Think,baseline,6,False,153.50685048103333,2,5,"[[1], [1], [1, 2, 3, 4, 5]]"
2025-12-15,allenai/Olmo-3-32B-Think,baseline,7,True,23.71867561340332,0,1,[[1]]
2025-12-15,allenai/Olmo-3-32B-Think,baseline,8,False,690.120254278183,15,5,"[[1], [1, 2], [1], [1], [1], [1, 2], [1], [1], [1], [1], [1], [1], [1], [1], [1], [1, 2, 3, 4, 5]]"
2025-12-15,allenai/Olmo-3-32B-Think,baseline,10,False,1031.8907947540283,19,1,"[[1], [1], [1], [1, 2, 3], [1], [1, 2, 3], [1], [1], [1], [1, 2], [1], [1], [1], [1, 2], [1], [1], [1], [1, 2], [1, 2], [1]]"
2025-12-15,allenai/Olmo-3-32B-Think,baseline,11,True,18.681560039520264,1,1,"[[1], [1]]"
2025-12-15,allenai/Olmo-3-32B-Think,baseline,12,True,980.1380941867828,19,1,"[[1], [1], [1], [1], [1], [1], [1, 2], [1], [1, 2], [1], [1, 2], [1], [1], [1], [1], [1], [1], [1], [1], [1]]"
2025-12-15,allenai/Olmo-3-32B-Think,baseline,14,True,203.59914660453796,7,1,"[[1], [1], [1, 2], [1], [1], [1], [1], [1]]"
2025-12-15,allenai/Olmo-3-32B-Think,baseline,15,True,326.054128408432,6,1,"[[1], [1, 2], [1, 2], [1], [1, 2], [1], [1]]"
2025-12-15,allenai/Olmo-3-32B-Think,baseline,16,True,755.8779156208038,16,2,"[[1], [1], [1, 2], [1], [1], [1], [1], [1], [1], [1, 2, 3], [1, 2], [1], [1], [1], [1, 2], [1], [1, 2]]"
2025-12-15,allenai/Olmo-3-32B-Think,baseline,17,False,471.83079528808594,8,5,"[[1], [1], [1], [1], [1], [1], [1], [1], [1, 2, 3, 4, 5]]"
2025-12-15,allenai/Olmo-3-32B-Think,baseline,18,True,1056.073575258255,17,1,"[[1], [1], [1], [1], [1], [1, 2], [1, 2, 3], [1], [1], [1], [1], [1], [1, 2], [1], [1, 2], [1], [1, 2], [1]]"
2025-12-15,allenai/Olmo-3-32B-Think,baseline,19,True,162.01376152038574,5,1,"[[1], [1], [1], [1], [1], [1]]"
2025-12-15,allenai/Olmo-3-32B-Think,baseline,20,False,856.7562274932861,19,2,"[[1], [1, 2], [1], [1, 2], [1], [1], [1], [1], [1], [1], [1, 2], [1], [1], [1], [1], [1], [1], [1], [1], [1, 2]]"
2025-12-15,allenai/Olmo-3-32B-Think,baseline,21,True,613.9745523929596,15,1,"[[1], [1], [1], [1], [1], [1], [1], [1], [1, 2], [1, 2], [1], [1], [1], [1], [1, 2], [1]]"
2025-12-15,allenai/Olmo-3-32B-Think,baseline,22,True,663.0680274963379,11,1,"[[1], [1], [1], [1], [1], [1, 2, 3], [1, 2, 3, 4], [1], [1], [1], [1], [1]]"
2025-12-15,allenai/Olmo-3-32B-Think,baseline,23,True,52.304924964904785,3,1,"[[1], [1], [1], [1]]"
2025-12-15,allenai/Olmo-3-32B-Think,baseline,24,True,366.85712218284607,9,1,"[[1], [1], [1], [1], [1], [1], [1], [1], [1], [1]]"
2025-12-15,allenai/Olmo-3-32B-Think,baseline,26,True,42.474761962890625,2,1,"[[1], [1], [1]]"
2025-12-15,allenai/Olmo-3-32B-Think,baseline,27,True,56.473703384399414,1,2,"[[1], [1, 2]]"
2025-12-15,allenai/Olmo-3-32B-Think,baseline,28,True,227.17559456825256,6,1,"[[1], [1], [1, 2], [1], [1], [1], [1]]"
2025-12-15,allenai/Olmo-3-32B-Think,baseline,29,True,474.731094121933,10,2,"[[1], [1], [1], [1], [1], [1], [1], [1], [1], [1], [1, 2]]"
2025-12-15,allenai/Olmo-3-32B-Think,baseline,30,False,1314.912564277649,19,1,"[[1], [1], [1, 2], [1, 2, 3], [1], [1, 2], [1], [1], [1], [1, 2], [1, 2, 3, 4], [1, 2, 3, 4, 5], [1], [1], [1], [1], [1], [1], [1], [1]]"
2025-12-15,allenai/Olmo-3-32B-Think,baseline,31,True,6.606834888458252,0,1,[[1]]
2025-12-15,allenai/Olmo-3-32B-Think,baseline,32,False,935.4341263771057,19,1,"[[1], [1], [1], [1, 2, 3, 4, 5], [1], [1, 2], [1], [1], [1], [1], [1], [1], [1], [1], [1], [1], [1, 2], [1, 2], [1], [1]]"
2025-12-15,allenai/Olmo-3-32B-Think,baseline,33,True,250.74839448928833,6,1,"[[1], [1], [1, 2], [1], [1], [1], [1]]"
2025-12-15,allenai/Olmo-3-32B-Think,baseline,34,True,227.51490807533264,8,1,"[[1], [1], [1], [1], [1], [1], [1], [1], [1]]"
2025-12-15,allenai/Olmo-3-32B-Think,baseline,35,True,53.24972081184387,2,1,"[[1], [1], [1]]"
2025-12-15,allenai/Olmo-3-32B-Think,baseline,36,True,137.00246691703796,4,1,"[[1], [1, 2], [1], [1], [1]]"
2025-12-15,allenai/Olmo-3-32B-Think,baseline,37,True,1057.801320552826,12,1,"[[1], [1], [1], [1, 2], [1], [1, 2], [1], [1], [1, 2], [1, 2, 3, 4, 5], [1, 2, 3], [1], [1]]"
2025-12-15,allenai/Olmo-3-32B-Think,baseline,38,True,768.2391188144684,15,1,"[[1], [1], [1], [1], [1], [1], [1], [1], [1, 2], [1, 2], [1], [1], [1], [1], [1], [1]]"
2025-12-15,allenai/Olmo-3-32B-Think,baseline,39,True,181.1932601928711,6,1,"[[1], [1], [1, 2], [1], [1, 2], [1], [1]]"
2025-12-15,allenai/Olmo-3-32B-Think,baseline,40,True,239.96040201187134,7,1,"[[1], [1], [1, 2], [1], [1], [1], [1], [1]]"
2025-12-15,allenai/Olmo-3-32B-Think,baseline,41,False,1013.9536755084991,19,1,"[[1], [1], [1, 2], [1, 2], [1, 2], [1], [1], [1], [1], [1, 2], [1], [1, 2], [1], [1], [1], [1], [1, 2], [1], [1], [1]]"
2025-12-15,allenai/Olmo-3-32B-Think,baseline,42,True,69.99019265174866,1,1,"[[1], [1]]"
2025-12-15,allenai/Olmo-3-32B-Think,baseline,43,True,9.256337642669678,0,1,[[1]]
2025-12-15,allenai/Olmo-3-32B-Think,baseline,44,True,784.5471484661102,17,1,"[[1], [1], [1, 2, 3], [1], [1], [1], [1], [1], [1], [1, 2], [1, 2], [1], [1, 2, 3, 4], [1], [1], [1], [1], [1]]"
2025-12-15,allenai/Olmo-3-32B-Think,baseline,45,False,772.390124797821,19,1,"[[1], [1], [1], [1], [1], [1], [1], [1], [1], [1, 2], [1], [1], [1], [1], [1], [1], [1], [1], [1], [1]]"
2025-12-15,allenai/Olmo-3-32B-Think,baseline,46,True,14.559502840042114,0,1,[[1]]
2025-12-15,allenai/Olmo-3-32B-Think,baseline,47,True,759.9581212997437,13,1,"[[1, 2], [1], [1], [1], [1, 2], [1, 2, 3, 4], [1, 2], [1], [1], [1], [1, 2, 3], [1], [1], [1]]"
2025-12-15,allenai/Olmo-3-32B-Think,baseline,48,True,970.6585001945496,17,1,"[[1], [1], [1], [1, 2], [1], [1], [1], [1], [1, 2], [1], [1], [1], [1], [1], [1, 2], [1], [1], [1]]"
2025-12-15,allenai/Olmo-3-32B-Think,baseline,49,True,456.2046024799347,12,1,"[[1], [1], [1, 2], [1], [1, 2], [1], [1], [1], [1], [1], [1], [1], [1]]"
2025-12-15,allenai/Olmo-3-32B-Think,baseline,50,True,976.6410584449768,16,1,"[[1], [1], [1, 2, 3, 4], [1], [1], [1], [1], [1], [1], [1], [1], [1], [1, 2], [1], [1], [1], [1]]"
2025-12-15,allenai/Olmo-3-32B-Think,baseline,51,True,19.22736692428589,0,1,[[1]]
2025-12-15,allenai/Olmo-3-32B-Think,baseline,52,True,282.86479330062866,8,1,"[[1], [1], [1], [1], [1], [1], [1], [1], [1]]"
2025-12-15,allenai/Olmo-3-32B-Think,baseline,53,False,822.5621247291565,19,1,"[[1], [1], [1], [1], [1], [1], [1], [1], [1], [1], [1], [1], [1], [1], [1], [1], [1], [1], [1], [1]]"
2025-12-15,allenai/Olmo-3-32B-Think,baseline,54,True,483.3285801410675,8,1,"[[1], [1], [1, 2, 3, 4], [1], [1, 2], [1], [1], [1], [1]]"
2025-12-15,allenai/Olmo-3-32B-Think,baseline,55,False,1480.972415447235,17,5,"[[1], [1], [1, 2], [1], [1], [1, 2], [1], [1], [1, 2, 3], [1], [1], [1], [1, 2, 3, 4, 5], [1], [1, 2], [1], [1], [1, 2, 3, 4, 5]]"
2025-12-15,allenai/Olmo-3-32B-Think,baseline,56,True,8.5879967212677,0,1,[[1]]
2025-12-15,allenai/Olmo-3-32B-Think,baseline,57,True,561.7681391239166,14,2,"[[1], [1], [1], [1], [1, 2], [1], [1], [1], [1], [1], [1], [1], [1], [1], [1, 2]]"
2025-12-15,allenai/Olmo-3-32B-Think,baseline,58,False,378.8298125267029,6,5,"[[1], [1], [1], [1], [1], [1], [1, 2, 3, 4, 5]]"
2025-12-15,allenai/Olmo-3-32B-Think,baseline,59,False,1186.3167107105255,19,3,"[[1], [1, 2], [1], [1, 2], [1, 2, 3, 4], [1], [1], [1], [1], [1], [1], [1], [1], [1], [1], [1], [1], [1, 2, 3, 4], [1, 2], [1, 2, 3]]"
2025-12-15,allenai/Olmo-3-32B-Think,baseline,60,True,801.1308393478394,16,1,"[[1], [1], [1, 2], [1], [1], [1], [1, 2], [1], [1], [1], [1], [1], [1], [1], [1, 2, 3], [1], [1]]"
2025-12-15,allenai/Olmo-3-32B-Think,baseline,61,True,219.30690050125122,5,1,"[[1], [1], [1], [1], [1, 2, 3], [1]]"
2025-12-15,allenai/Olmo-3-32B-Think,baseline,62,False,877.453729391098,19,2,"[[1], [1], [1], [1], [1], [1], [1, 2], [1], [1, 2], [1], [1, 2], [1], [1], [1], [1], [1], [1], [1], [1], [1, 2]]"
2025-12-15,allenai/Olmo-3-32B-Think,baseline,63,True,487.977415561676,11,1,"[[1], [1], [1], [1], [1], [1], [1], [1], [1], [1], [1], [1]]"
2025-12-15,allenai/Olmo-3-32B-Think,baseline,64,True,611.4174704551697,18,1,"[[1], [1], [1], [1], [1], [1], [1], [1], [1], [1], [1], [1], [1], [1], [1, 2], [1], [1], [1], [1]]"
2025-12-15,allenai/Olmo-3-32B-Think,baseline,65,True,15.346308946609497,1,1,"[[1], [1]]"
2025-12-15,allenai/Olmo-3-32B-Think,baseline,66,True,212.29439902305603,5,3,"[[1], [1, 2], [1], [1], [1, 2], [1, 2, 3]]"
2025-12-15,allenai/Olmo-3-32B-Think,baseline,67,True,1236.3697311878204,19,1,"[[1], [1, 2], [1], [1], [1], [1], [1], [1], [1], [1], [1, 2, 3, 4, 5], [1], [1], [1], [1, 2, 3, 4, 5], [1, 2], [1], [1], [1, 2], [1]]"
2025-12-15,allenai/Olmo-3-32B-Think,baseline,68,True,358.4991354942322,9,1,"[[1], [1], [1], [1, 2], [1], [1], [1], [1], [1], [1]]"
2025-12-15,allenai/Olmo-3-32B-Think,baseline,70,True,765.8173892498016,12,1,"[[1], [1], [1, 2], [1], [1], [1, 2], [1, 2, 3, 4, 5], [1], [1], [1], [1, 2], [1], [1]]"
2025-12-15,allenai/Olmo-3-32B-Think,baseline,71,False,893.0569658279419,19,1,"[[1], [1, 2, 3, 4], [1], [1], [1], [1], [1], [1], [1], [1], [1, 2, 3], [1], [1], [1], [1], [1], [1, 2], [1], [1], [1]]"
2025-12-15,allenai/Olmo-3-32B-Think,baseline,72,True,1004.8420588970184,17,1,"[[1], [1], [1, 2, 3], [1], [1, 2, 3, 4], [1], [1], [1], [1], [1], [1], [1], [1], [1], [1], [1, 2, 3], [1], [1]]"
2025-12-15,allenai/Olmo-3-32B-Think,baseline,73,True,97.87190699577332,4,2,"[[1], [1], [1], [1], [1, 2]]"
2025-12-15,allenai/Olmo-3-32B-Think,baseline,74,False,1373.7677235603333,13,5,"[[1], [1], [1], [1], [1, 2, 3], [1, 2, 3], [1, 2, 3], [1, 2, 3, 4], [1], [1], [1], [1], [1], [1, 2, 3, 4, 5]]"
2025-12-15,allenai/Olmo-3-32B-Think,baseline,75,True,592.9474468231201,10,2,"[[1], [1], [1], [1], [1], [1, 2, 3], [1, 2], [1], [1], [1], [1, 2]]"
2025-12-15,allenai/Olmo-3-32B-Think,baseline,76,False,1116.7292129993439,17,5,"[[1], [1], [1], [1], [1], [1], [1], [1], [1], [1], [1, 2, 3], [1, 2], [1], [1, 2, 3], [1], [1, 2], [1, 2], [1, 2, 3, 4, 5]]"
2025-12-15,allenai/Olmo-3-32B-Think,baseline,77,True,7.676464796066284,0,1,[[1]]
2025-12-15,allenai/Olmo-3-32B-Think,baseline,78,True,352.4795436859131,10,1,"[[1], [1], [1], [1], [1], [1], [1], [1], [1], [1], [1]]"
2025-12-15,allenai/Olmo-3-32B-Think,baseline,79,False,1335.6029777526855,19,1,"[[1], [1], [1], [1], [1, 2], [1], [1], [1], [1], [1, 2], [1, 2], [1, 2], [1, 2, 3, 4], [1], [1, 2], [1], [1], [1, 2], [1], [1]]"
2025-12-15,allenai/Olmo-3-32B-Think,baseline,80,False,762.6960229873657,19,1,"[[1], [1], [1], [1], [1], [1], [1], [1], [1], [1], [1], [1], [1], [1], [1], [1], [1], [1], [1, 2], [1]]"
2025-12-15,allenai/Olmo-3-32B-Think,baseline,81,False,572.195149898529,6,5,"[[1], [1], [1], [1], [1], [1], [1, 2, 3, 4, 5]]"
2025-12-15,allenai/Olmo-3-32B-Think,baseline,82,True,66.61967825889587,2,1,"[[1], [1], [1]]"
2025-12-15,allenai/Olmo-3-32B-Think,baseline,83,True,49.09998393058777,1,1,"[[1], [1]]"
2025-12-15,allenai/Olmo-3-32B-Think,baseline,84,True,6.929713249206543,0,1,[[1]]
2025-12-15,allenai/Olmo-3-32B-Think,baseline,85,True,552.5982434749603,10,1,"[[1], [1], [1], [1], [1, 2], [1], [1], [1], [1], [1], [1]]"
2025-12-15,allenai/Olmo-3-32B-Think,baseline,86,False,927.3280084133148,19,1,"[[1], [1], [1], [1], [1], [1, 2, 3], [1], [1], [1], [1], [1], [1, 2], [1], [1], [1], [1], [1, 2, 3, 4, 5], [1], [1], [1]]"
2025-12-15,allenai/Olmo-3-32B-Think,baseline,87,True,462.43436336517334,11,2,"[[1], [1], [1, 2], [1], [1], [1], [1], [1], [1], [1], [1], [1, 2]]"
2025-12-15,allenai/Olmo-3-32B-Think,baseline,88,True,266.62296438217163,6,1,"[[1], [1], [1], [1, 2], [1], [1], [1]]"
2025-12-15,allenai/Olmo-3-32B-Think,baseline,90,True,59.18015122413635,2,1,"[[1], [1, 2], [1]]"
2025-12-15,allenai/Olmo-3-32B-Think,baseline,91,True,863.2641937732697,19,1,"[[1], [1], [1], [1], [1], [1], [1], [1], [1], [1, 2], [1], [1], [1], [1], [1], [1], [1], [1], [1], [1]]"
2025-12-15,allenai/Olmo-3-32B-Think,baseline,92,True,922.5899271965027,13,1,"[[1], [1], [1, 2, 3], [1, 2], [1], [1], [1], [1], [1], [1], [1], [1], [1], [1]]"
2025-12-15,allenai/Olmo-3-32B-Think,baseline,93,True,530.1176021099091,10,1,"[[1], [1], [1], [1], [1, 2], [1], [1], [1, 2], [1], [1, 2], [1]]"
2025-12-15,allenai/Olmo-3-32B-Think,baseline,94,False,597.9835379123688,8,5,"[[1], [1], [1], [1], [1], [1], [1], [1], [1, 2, 3, 4, 5]]"
2025-12-15,allenai/Olmo-3-32B-Think,baseline,96,True,446.37787413597107,11,2,"[[1], [1, 2], [1, 2, 3], [1], [1], [1], [1], [1], [1], [1], [1], [1, 2]]"
2025-12-15,allenai/Olmo-3-32B-Think,baseline,97,True,85.55856800079346,3,2,"[[1], [1], [1], [1, 2]]"
2025-12-15,allenai/Olmo-3-32B-Think,baseline,98,True,608.0474855899811,14,1,"[[1], [1], [1, 2], [1], [1], [1], [1, 2], [1], [1], [1], [1], [1], [1, 2], [1], [1]]"
2025-12-15,allenai/Olmo-3-32B-Think,baseline,99,True,648.6106996536255,12,2,"[[1], [1], [1, 2], [1], [1, 2, 3, 4, 5], [1], [1], [1], [1], [1, 2], [1], [1], [1, 2]]"
2025-12-15,allenai/Olmo-3-32B-Think,baseline,100,True,32.72235870361328,1,1,"[[1], [1]]"
2025-12-15,allenai/Olmo-3-32B-Think,baseline,101,True,365.7513635158539,9,1,"[[1], [1], [1], [1], [1], [1], [1], [1], [1, 2], [1]]"
2025-12-15,allenai/Olmo-3-32B-Think,baseline,102,True,400.73515009880066,8,1,"[[1], [1], [1], [1], [1, 2], [1, 2], [1], [1], [1]]"
2025-12-15,allenai/Olmo-3-32B-Think,baseline,103,True,250.62239694595337,4,2,"[[1], [1, 2], [1], [1, 2], [1, 2]]"
2025-12-15,allenai/Olmo-3-32B-Think,baseline,104,True,462.2886047363281,12,1,"[[1], [1, 2], [1], [1], [1], [1, 2], [1], [1], [1], [1], [1], [1], [1]]"
2025-12-15,allenai/Olmo-3-32B-Think,baseline,105,False,891.9960849285126,19,1,"[[1], [1], [1, 2], [1], [1], [1], [1], [1, 2], [1, 2], [1], [1, 2], [1], [1, 2], [1], [1], [1], [1], [1], [1], [1]]"
2025-12-15,allenai/Olmo-3-32B-Think,baseline,106,True,101.31153869628906,4,1,"[[1], [1], [1], [1], [1]]"
